runtime_s,n_tracks,link_precision,link_recall,link_f1,link_tp,link_fp,link_fn,mean_coverage,median_coverage,mean_fragments_per_gt,max_fragments_per_gt,assigned_tracks,unassigned_tracks,median_position_error_px,mean_position_error_px,labelable_tracks,assignment_accuracy,assignment_weighted_accuracy,truth_label_purity,truth_label_median_error_px,n_assignment_rows,n_assignment_cols,n_assigned_pairs,n_unassigned_rows,duplicate_gt_assignments,high_cost_assignments,invalid_cost_assignments,assignment_mean_cost,assignment_median_cost,stage,peak_config,peak_family,peak_distance_weight,peak_intensity_weight,peak_sigma_weight,traj_config,traj_family,traj_position_weight,traj_length_weight,traj_start_frame_weight,seed,nposframe,poisson_noise,difficulty,candidate_tracks,total_peaks,mean_peaks_per_frame,median_peaks_per_frame,peak_objective,traj_objective
0.08572970004752278,31,1.0,0.37745098039215685,0.5480427046263345,154,0,254,0.44523809523809527,0.37142857142857144,1.0,1.0,12,19,1.027017025666617,1.3985242106059956,28,0.42857142857142855,0.5297450424929179,0.9208891914537075,1.286128050583255,31,12,12,19,0,0,0,0.19040771263341108,0.19595306366682053,traj2traj,dist_meta_50_40_10,all_terms,0.5,0.4,0.1,position_only,ablation,1.0,0.0,0.0,0,3,80,"npos=3, noise=80",31,485,13.857142857142858,13.0,0.4609413186503789,0.45799718250087734
0.01761930005159229,31,1.0,0.4485294117647059,0.6192893401015229,183,0,225,0.5214285714285715,0.44285714285714284,1.0,1.0,12,19,41.32308722452227,39.82488149315947,28,0.14285714285714285,0.16147308781869688,0.9208891914537075,1.286128050583255,31,12,12,19,0,0,0,1.675000014404456,1.9499999284744263,traj2traj,dist_meta_50_40_10,all_terms,0.5,0.4,0.1,length_only,ablation,0.0,1.0,0.0,0,3,80,"npos=3, noise=80",31,485,13.857142857142858,13.0,0.4342227760807088,0.2735118542606931
0.018310099956579506,31,1.0,0.25,0.4,102,0,306,0.33095238095238094,0.3,1.0,1.0,12,19,46.08220805365767,53.997273839560215,28,0.03571428571428571,0.036827195467422094,0.9208891914537075,1.286128050583255,31,12,12,19,0,0,0,0.05000000074505806,0.0,traj2traj,dist_meta_50_40_10,all_terms,0.5,0.4,0.1,start_only,ablation,0.0,0.0,1.0,0,3,80,"npos=3, noise=80",31,485,13.857142857142858,13.0,0.25826217455820855,0.13658775124780792
0.07844279997516423,31,1.0,0.42401960784313725,0.59552495697074,173,0,235,0.4928571428571429,0.38571428571428573,1.0,1.0,12,19,1.0861594234468959,1.466853491910276,28,0.42857142857142855,0.5864022662889519,0.9208891914537075,1.286128050583255,31,12,12,19,0,0,0,0.35143430158495903,0.35813941061496735,traj2traj,dist_meta_50_40_10,all_terms,0.5,0.4,0.1,pos_len_90_10,position_length,0.9,0.1,0.0,0,3,80,"npos=3, noise=80",31,485,13.857142857142858,13.0,0.5048640063050727,0.4864198436806717
0.09502700006123632,31,1.0,0.43137254901960786,0.6027397260273972,176,0,232,0.5,0.38571428571428573,1.0,1.0,12,19,1.08796655845356,1.5153018170689923,28,0.42857142857142855,0.5949008498583569,0.9208891914537075,1.286128050583255,31,12,12,19,0,0,0,0.5884222735961279,0.652472048997879,traj2traj,dist_meta_50_40_10,all_terms,0.5,0.4,0.1,pos_len_75_25,position_length,0.75,0.25,0.0,0,3,80,"npos=3, noise=80",31,485,13.857142857142858,13.0,0.5115251158982512,0.49070172909864007
0.09107409999705851,31,1.0,0.4387254901960784,0.6098807495741057,179,0,229,0.511904761904762,0.44285714285714284,1.0,1.0,12,19,1.0861594234468959,1.7406227072227884,28,0.39285714285714285,0.5609065155807366,0.9208891914537075,1.286128050583255,31,12,12,19,0,0,0,0.8205332731207212,0.9519776403903961,traj2traj,dist_meta_50_40_10,all_terms,0.5,0.4,0.1,pos_len_60_40,position_length,0.6,0.4,0.0,0,3,80,"npos=3, noise=80",31,485,13.857142857142858,13.0,0.512979444762428,0.47053611214333857
0.10746520000975579,31,1.0,0.25735294117647056,0.4093567251461988,105,0,303,0.33095238095238094,0.3142857142857143,1.0,1.0,12,19,1.5779500055053033,2.369890604398575,28,0.39285714285714285,0.34560906515580736,0.9208891914537075,1.286128050583255,31,12,12,19,0,0,0,0.2963731711109479,0.248014397919178,traj2traj,dist_meta_50_40_10,all_terms,0.5,0.4,0.1,pos_start_90_10,position_start,0.9,0.0,0.1,0,3,80,"npos=3, noise=80",31,485,13.857142857142858,13.0,0.3333405050639209,0.35851170655628684
0.10695089993532747,31,1.0,0.25980392156862747,0.4124513618677043,106,0,302,0.3333333333333333,0.3142857142857143,1.0,1.0,12,19,1.690163826148141,2.7752118127075227,28,0.35714285714285715,0.32011331444759206,0.9208891914537075,1.286128050583255,31,12,12,19,0,0,0,0.3083708981672923,0.2406640201807022,traj2traj,dist_meta_50_40_10,all_terms,0.5,0.4,0.1,pos_start_75_25,position_start,0.75,0.0,0.25,0,3,80,"npos=3, noise=80",31,485,13.857142857142858,13.0,0.3312378970862688,0.3387090771759151
0.1154356999322772,31,1.0,0.25980392156862747,0.4124513618677043,106,0,302,0.3333333333333333,0.3142857142857143,1.0,1.0,12,19,1.690163826148141,2.7752118127075227,28,0.35714285714285715,0.32011331444759206,0.9208891914537075,1.286128050583255,31,12,12,19,0,0,0,0.2900300578524669,0.22172538936138153,traj2traj,dist_meta_50_40_10,all_terms,0.5,0.4,0.1,pos_start_60_40,position_start,0.6,0.0,0.4,0,3,80,"npos=3, noise=80",31,485,13.857142857142858,13.0,0.3312378970862688,0.3387090771759151
0.10197409999091178,31,1.0,0.40441176470588236,0.5759162303664922,165,0,243,0.480952380952381,0.38571428571428573,1.0,1.0,12,19,1.1861656085570749,1.886357314393012,28,0.39285714285714285,0.5240793201133145,0.9208891914537075,1.286128050583255,31,12,12,19,0,0,0,0.45878712584575015,0.426901251077652,traj2traj,dist_meta_50_40_10,all_terms,0.5,0.4,0.1,pos_meta_80_10_10,all_terms,0.8,0.1,0.1,0,3,80,"npos=3, noise=80",31,485,13.857142857142858,13.0,0.4823599874062495,0.4514411713397223
0.08785440004430711,31,1.0,0.40441176470588236,0.5759162303664922,165,0,243,0.480952380952381,0.38571428571428573,1.0,1.0,12,19,1.1861656085570749,1.886357314393012,28,0.39285714285714285,0.5240793201133145,0.9208891914537075,1.286128050583255,31,12,12,19,0,0,0,0.6153970782955488,0.6403153240680695,traj2traj,dist_meta_50_40_10,all_terms,0.5,0.4,0.1,pos_meta_70_20_10,all_terms,0.7,0.2,0.1,0,3,80,"npos=3, noise=80",31,485,13.857142857142858,13.0,0.4823599874062495,0.4514411713397223
0.09117759997025132,31,1.0,0.4068627450980392,0.578397212543554,166,0,242,0.4833333333333334,0.38571428571428573,1.0,1.0,12,19,1.2650614873360624,2.168271119581476,28,0.35714285714285715,0.4985835694050991,0.9208891914537075,1.286128050583255,31,12,12,19,0,0,0,0.6544549601773421,0.6555106937885284,traj2traj,dist_meta_50_40_10,all_terms,0.5,0.4,0.1,pos_meta_60_20_20,all_terms,0.6,0.2,0.2,0,3,80,"npos=3, noise=80",31,485,13.857142857142858,13.0,0.480075494438365,0.43151581105046183
0.0950584999518469,31,1.0,0.37254901960784315,0.5428571428571428,152,0,256,0.45476190476190476,0.35714285714285715,1.0,1.0,12,19,1.4019968539180623,2.470686148586975,28,0.32142857142857145,0.43342776203966005,0.9208891914537075,1.286128050583255,31,12,12,19,0,0,0,0.8799314846595129,0.8763405978679657,traj2traj,dist_meta_50_40_10,all_terms,0.5,0.4,0.1,equal_all,all_terms,0.3333333333333333,0.3333333333333333,0.3333333333333333,0,3,80,"npos=3, noise=80",31,485,13.857142857142858,13.0,0.4448757237228038,0.3909759881289626
0.0723674000473693,25,1.0,0.5098039215686274,0.6753246753246753,208,0,200,0.5571428571428572,0.5857142857142856,1.0,1.0,12,13,0.920908743064585,1.2002570786596674,24,0.5,0.6341463414634146,0.942160174191134,1.235696796521619,25,12,12,13,0,0,0,0.161396699026227,0.17062755674123764,traj2traj,dist_meta_50_40_10,all_terms,0.5,0.4,0.1,position_only,ablation,1.0,0.0,0.0,1,3,80,"npos=3, noise=80",25,456,13.028571428571428,13.0,0.568616595381072,0.5493158061450745
0.015671600005589426,25,1.0,0.5833333333333334,0.7368421052631579,238,0,170,0.65,0.6,1.0,1.0,12,13,69.64197278986101,65.03736455115869,24,0.041666666666666664,0.07046070460704607,0.942160174191134,1.235696796521619,25,12,12,13,0,0,0,1.224999972929557,1.399999976158142,traj2traj,dist_meta_50_40_10,all_terms,0.5,0.4,0.1,length_only,ablation,0.0,1.0,0.0,1,3,80,"npos=3, noise=80",25,456,13.028571428571428,13.0,0.5114901583226359,0.24665026387105976
0.01142180000897497,25,1.0,0.5220588235294118,0.6859903381642513,213,0,195,0.5619047619047618,0.6,1.0,1.0,12,13,66.71369878534347,61.17456590879302,24,0.041666666666666664,0.07046070460704607,0.942160174191134,1.235696796521619,25,12,12,13,0,0,0,0.10000000273187955,0.0,traj2traj,dist_meta_50_40_10,all_terms,0.5,0.4,0.1,start_only,ablation,0.0,0.0,1.0,1,3,80,"npos=3, noise=80",25,456,13.028571428571428,13.0,0.46404046524937304,0.2276703866417546
0.07685399998445064,25,1.0,0.5269607843137255,0.6902086677367577,215,0,193,0.569047619047619,0.5857142857142856,1.0,1.0,12,13,0.9559954249341327,1.2158579395966205,24,0.5,0.6476964769647696,0.942160174191134,1.235696796521619,25,12,12,13,0,0,0,0.2984616036216418,0.30586235225200653,traj2traj,dist_meta_50_40_10,all_terms,0.5,0.4,0.1,pos_len_90_10,position_length,0.9,0.1,0.0,1,3,80,"npos=3, noise=80",25,456,13.028571428571428,13.0,0.5809357273314961,0.5568706146933058
0.07957060006447136,25,1.0,0.5416666666666666,0.7027027027027027,221,0,187,0.5904761904761904,0.5857142857142856,1.0,1.0,12,13,0.9733458740501586,1.3007050555782393,24,0.5,0.6720867208672087,0.942160174191134,1.235696796521619,25,12,12,13,0,0,0,0.4924730757872264,0.4965519607067108,traj2traj,dist_meta_50_40_10,all_terms,0.5,0.4,0.1,pos_len_75_25,position_length,0.75,0.25,0.0,1,3,80,"npos=3, noise=80",25,456,13.028571428571428,13.0,0.5961333600727922,0.5676098398049617
0.08860350004397333,25,1.0,0.5808823529411765,0.7348837209302326,237,0,171,0.6428571428571427,0.6,1.0,1.0,12,13,1.0460558992134898,1.8194904485027754,24,0.4583333333333333,0.6802168021680217,0.942160174191134,1.235696796521619,25,12,12,13,0,0,0,0.6485872544969121,0.6872416138648987,traj2traj,dist_meta_50_40_10,all_terms,0.5,0.4,0.1,pos_len_60_40,position_length,0.6,0.4,0.0,1,3,80,"npos=3, noise=80",25,456,13.028571428571428,13.0,0.6262659568825547,0.5646499923470996
0.07956149999517947,25,1.0,0.4803921568627451,0.6490066225165563,196,0,212,0.5214285714285715,0.4857142857142857,1.0,1.0,12,13,0.9246395031272743,1.224995311883484,24,0.5,0.5934959349593496,0.942160174191134,1.235696796521619,25,12,12,13,0,0,0,0.17434734230240187,0.17150267213582993,traj2traj,dist_meta_50_40_10,all_terms,0.5,0.4,0.1,pos_start_90_10,position_start,0.9,0.0,0.1,1,3,80,"npos=3, noise=80",25,456,13.028571428571428,13.0,0.5404174462225961,0.5303181653860058
0.07165759999770671,25,1.0,0.4803921568627451,0.6490066225165563,196,0,212,0.5214285714285715,0.4857142857142857,1.0,1.0,12,13,0.9246395031272743,1.224995311883484,24,0.5,0.5934959349593496,0.942160174191134,1.235696796521619,25,12,12,13,0,0,0,0.17028945622344813,0.14918650686740875,traj2traj,dist_meta_50_40_10,all_terms,0.5,0.4,0.1,pos_start_75_25,position_start,0.75,0.0,0.25,1,3,80,"npos=3, noise=80",25,456,13.028571428571428,13.0,0.5404174462225961,0.5303181653860058
0.08497890003491193,25,1.0,0.4803921568627451,0.6490066225165563,196,0,212,0.5214285714285715,0.4857142857142857,1.0,1.0,12,13,0.9246395031272743,1.224995311883484,24,0.5,0.5934959349593496,0.942160174191134,1.235696796521619,25,12,12,13,0,0,0,0.16623156641920409,0.12319823354482651,traj2traj,dist_meta_50_40_10,all_terms,0.5,0.4,0.1,pos_start_60_40,position_start,0.6,0.0,0.4,1,3,80,"npos=3, noise=80",25,456,13.028571428571428,13.0,0.5404174462225961,0.5303181653860058
0.08087860001251101,25,1.0,0.5122549019607843,0.6774716369529984,209,0,199,0.557142857142857,0.5857142857142856,1.0,1.0,12,13,0.9408983277350483,1.227447921502606,24,0.5,0.6341463414634146,0.942160174191134,1.235696796521619,25,12,12,13,0,0,0,0.31660348052779835,0.3346690386533737,traj2traj,dist_meta_50_40_10,all_terms,0.5,0.4,0.1,pos_meta_80_10_10,all_terms,0.8,0.1,0.1,1,3,80,"npos=3, noise=80",25,456,13.028571428571428,13.0,0.5696151152527192,0.549745198470739
0.0748790999641642,25,1.0,0.5514705882352942,0.7109004739336493,225,0,183,0.5976190476190475,0.6,1.0,1.0,12,13,0.9771005560314143,1.541367945360312,24,0.5,0.6802168021680217,0.942160174191134,1.235696796521619,25,12,12,13,0,0,0,0.45069650933146477,0.4978354275226593,traj2traj,dist_meta_50_40_10,all_terms,0.5,0.4,0.1,pos_meta_70_20_10,all_terms,0.7,0.2,0.1,1,3,80,"npos=3, noise=80",25,456,13.028571428571428,13.0,0.603223392111672,0.5719962000906401
0.07646080001723021,25,1.0,0.5514705882352942,0.7109004739336493,225,0,183,0.5976190476190475,0.6,1.0,1.0,12,13,0.9771005560314143,1.541367945360312,24,0.5,0.6802168021680217,0.942160174191134,1.235696796521619,25,12,12,13,0,0,0,0.4589303449417154,0.4907522201538086,traj2traj,dist_meta_50_40_10,all_terms,0.5,0.4,0.1,pos_meta_60_20_20,all_terms,0.6,0.2,0.2,1,3,80,"npos=3, noise=80",25,456,13.028571428571428,13.0,0.603223392111672,0.5719962000906401
0.07970630005002022,25,1.0,0.5514705882352942,0.7109004739336493,225,0,183,0.5976190476190475,0.6,1.0,1.0,12,13,0.9771005560314143,1.541367945360312,24,0.5,0.6802168021680217,0.942160174191134,1.235696796521619,25,12,12,13,0,0,0,0.6308872398609916,0.6726401448249817,traj2traj,dist_meta_50_40_10,all_terms,0.5,0.4,0.1,equal_all,all_terms,0.3333333333333333,0.3333333333333333,0.3333333333333333,1,3,80,"npos=3, noise=80",25,456,13.028571428571428,13.0,0.603223392111672,0.5719962000906401
0.07770629995502532,27,1.0,0.36519607843137253,0.5350089766606821,149,0,259,0.4214285714285715,0.35714285714285715,1.0,1.0,12,15,1.0034123983851082,1.222501581218535,27,0.4444444444444444,0.48626373626373626,0.9727331673410106,1.2866930997935464,27,12,12,15,0,0,0,0.16569661907851696,0.13896290212869644,traj2traj,dist_meta_50_40_10,all_terms,0.5,0.4,0.1,position_only,ablation,1.0,0.0,0.0,2,3,80,"npos=3, noise=80",27,437,12.485714285714286,12.0,0.44203839513310017,0.4484883643187054
0.011461799964308739,27,1.0,0.553921568627451,0.7129337539432177,226,0,182,0.6095238095238095,0.5142857142857142,1.0,1.0,12,15,36.511198671119445,39.28698298460849,27,0.1111111111111111,0.10989010989010989,0.9727331673410106,1.2866930997935464,27,12,12,15,0,0,0,1.3666666528830926,1.699999988079071,traj2traj,dist_meta_50_40_10,all_terms,0.5,0.4,0.1,length_only,ablation,0.0,1.0,0.0,2,3,80,"npos=3, noise=80",27,437,12.485714285714286,12.0,0.49533134583607774,0.27545610365799644
0.01332849997561425,27,1.0,0.4534313725490196,0.6239460370994941,185,0,223,0.5095238095238096,0.4,1.0,1.0,12,15,39.51058537086938,42.44529306155973,27,0.07407407407407407,0.07692307692307693,0.9727331673410106,1.2866930997935464,27,12,12,15,0,0,0,0.06666666766007741,0.0,traj2traj,dist_meta_50_40_10,all_terms,0.5,0.4,0.1,start_only,ablation,0.0,0.0,1.0,2,3,80,"npos=3, noise=80",27,437,12.485714285714286,12.0,0.4208924324691611,0.22460198723267866
0.07256889995187521,27,1.0,0.47058823529411764,0.6399999999999999,192,0,216,0.5238095238095238,0.41428571428571426,1.0,1.0,12,15,1.0291061038833518,1.3254765094529906,27,0.4444444444444444,0.6043956043956044,0.9727331673410106,1.2866930997935464,27,12,12,15,0,0,0,0.32496294503410655,0.34681829810142517,traj2traj,dist_meta_50_40_10,all_terms,0.5,0.4,0.1,pos_len_90_10,position_length,0.9,0.1,0.0,2,3,80,"npos=3, noise=80",27,437,12.485714285714286,12.0,0.537752573722159,0.5092576312576312
0.08312109997496009,27,1.0,0.5441176470588235,0.7047619047619048,222,0,186,0.5976190476190475,0.5142857142857142,1.0,1.0,12,15,1.0697894000050865,1.6562877728175318,27,0.4444444444444444,0.6895604395604396,0.9727331673410106,1.2866930997935464,27,12,12,15,0,0,0,0.5135614238679409,0.5313598811626434,traj2traj,dist_meta_50_40_10,all_terms,0.5,0.4,0.1,pos_len_75_25,position_length,0.75,0.25,0.0,2,3,80,"npos=3, noise=80",27,437,12.485714285714286,12.0,0.6012080699697611,0.5508821733821734
0.06720669998321682,27,1.0,0.5441176470588235,0.7047619047619048,222,0,186,0.5976190476190475,0.5142857142857142,1.0,1.0,12,15,1.0697894000050865,1.6562877728175318,27,0.4444444444444444,0.6895604395604396,0.9727331673410106,1.2866930997935464,27,12,12,15,0,0,0,0.6925158041218916,0.765087902545929,traj2traj,dist_meta_50_40_10,all_terms,0.5,0.4,0.1,pos_len_60_40,position_length,0.6,0.4,0.0,2,3,80,"npos=3, noise=80",27,437,12.485714285714286,12.0,0.6012080699697611,0.5508821733821734
0.0708702999399975,27,1.0,0.40931372549019607,0.5808695652173913,167,0,241,0.46666666666666673,0.38571428571428573,1.0,1.0,12,15,1.0263858340556204,1.4035066905744118,27,0.4444444444444444,0.5384615384615384,0.9727331673410106,1.2866930997935464,27,12,12,15,0,0,0,0.20254931785166264,0.14041991531848907,traj2traj,dist_meta_50_40_10,all_terms,0.5,0.4,0.1,pos_start_90_10,position_start,0.9,0.0,0.1,2,3,80,"npos=3, noise=80",27,437,12.485714285714286,12.0,0.4840217331668845,0.4752337421033073
0.06984679994639009,27,1.0,0.4534313725490196,0.6239460370994941,185,0,223,0.5095238095238096,0.4,1.0,1.0,12,15,1.0850977494096736,2.155781635536712,27,0.4074074074074074,0.5,0.9727331673410106,1.2866930997935464,27,12,12,15,0,0,0,0.19426687310139337,0.11701660230755806,traj2traj,dist_meta_50_40_10,all_terms,0.5,0.4,0.1,pos_start_75_25,position_start,0.75,0.0,0.25,2,3,80,"npos=3, noise=80",27,437,12.485714285714286,12.0,0.5102848543704132,0.4637045513352428
0.0746810999698937,27,1.0,0.4534313725490196,0.6239460370994941,185,0,223,0.5095238095238096,0.4,1.0,1.0,12,15,1.0850977494096736,2.155781635536712,27,0.4074074074074074,0.5,0.9727331673410106,1.2866930997935464,27,12,12,15,0,0,0,0.1687468346208334,0.09361328557133675,traj2traj,dist_meta_50_40_10,all_terms,0.5,0.4,0.1,pos_start_60_40,position_start,0.6,0.0,0.4,2,3,80,"npos=3, noise=80",27,437,12.485714285714286,12.0,0.5102848543704132,0.4637045513352428
0.07782859995495528,27,1.0,0.5122549019607843,0.6774716369529984,209,0,199,0.569047619047619,0.5142857142857142,1.0,1.0,12,15,1.1112216825841887,2.0641322031123006,27,0.4074074074074074,0.5686813186813187,0.9727331673410106,1.2866930997935464,27,12,12,15,0,0,0,0.35572415217757225,0.33383849263191223,traj2traj,dist_meta_50_40_10,all_terms,0.5,0.4,0.1,pos_meta_80_10_10,all_terms,0.8,0.1,0.1,2,3,80,"npos=3, noise=80",27,437,12.485714285714286,12.0,0.5621328397309111,0.49753238192865423
0.084490199922584,27,1.0,0.5122549019607843,0.6774716369529984,209,0,199,0.569047619047619,0.5142857142857142,1.0,1.0,12,15,1.1112216825841887,2.0641322031123006,27,0.4074074074074074,0.5686813186813187,0.9727331673410106,1.2866930997935464,27,12,12,15,0,0,0,0.482612789918979,0.5491413325071335,traj2traj,dist_meta_50_40_10,all_terms,0.5,0.4,0.1,pos_meta_70_20_10,all_terms,0.7,0.2,0.1,2,3,80,"npos=3, noise=80",27,437,12.485714285714286,12.0,0.5621328397309111,0.49753238192865423
0.07738519995473325,27,1.0,0.5122549019607843,0.6774716369529984,209,0,199,0.569047619047619,0.5142857142857142,1.0,1.0,12,15,1.1112216825841887,2.0641322031123006,27,0.4074074074074074,0.5686813186813187,0.9727331673410106,1.2866930997935464,27,12,12,15,0,0,0,0.47200144330660504,0.5372421145439148,traj2traj,dist_meta_50_40_10,all_terms,0.5,0.4,0.1,pos_meta_60_20_20,all_terms,0.6,0.2,0.2,2,3,80,"npos=3, noise=80",27,437,12.485714285714286,12.0,0.5621328397309111,0.49753238192865423
0.06961400003638119,27,1.0,0.5122549019607843,0.6774716369529984,209,0,199,0.569047619047619,0.5142857142857142,1.0,1.0,12,15,1.1112216825841887,2.0641322031123006,27,0.4074074074074074,0.5686813186813187,0.9727331673410106,1.2866930997935464,27,12,12,15,0,0,0,0.6270378368596236,0.6139377355575562,traj2traj,dist_meta_50_40_10,all_terms,0.5,0.4,0.1,equal_all,all_terms,0.3333333333333333,0.3333333333333333,0.3333333333333333,2,3,80,"npos=3, noise=80",27,437,12.485714285714286,12.0,0.5621328397309111,0.49753238192865423
0.0893826000392437,30,1.0,0.375,0.5454545454545454,153,0,255,0.41904761904761906,0.2571428571428571,1.0,1.0,12,18,0.7705710470943008,1.208244514025139,30,0.4,0.4009111617312073,0.967593954248366,1.158887775762924,30,12,12,18,0,0,0,0.15591143475224575,0.1590813770890236,traj2traj,dist_meta_50_40_10,all_terms,0.5,0.4,0.1,position_only,ablation,1.0,0.0,0.0,3,3,80,"npos=3, noise=80",30,492,14.057142857142857,14.0,0.43473621032225496,0.4112234614284728
0.014142600004561245,30,1.0,0.6593137254901961,0.7946824224519942,269,0,139,0.7166666666666667,0.6857142857142857,1.0,1.0,12,18,35.8289090853532,40.07627459518104,30,0.06666666666666667,0.12300683371298406,0.967593954248366,1.158887775762924,30,12,12,18,0,0,0,0.9916666646798452,1.0999999940395355,traj2traj,dist_meta_50_40_10,all_terms,0.5,0.4,0.1,length_only,ablation,0.0,1.0,0.0,3,3,80,"npos=3, noise=80",30,492,14.057142857142857,14.0,0.5649589029496114,0.2880215262519782
0.013399200048297644,30,1.0,0.4803921568627451,0.6490066225165563,196,0,212,0.5357142857142857,0.42857142857142855,1.0,1.0,12,18,42.18216589150669,46.314072079734316,30,0.03333333333333333,0.07517084282460136,0.967593954248366,1.158887775762924,30,12,12,18,0,0,0,0.05000000074505806,0.0,traj2traj,dist_meta_50_40_10,all_terms,0.5,0.4,0.1,start_only,ablation,0.0,0.0,1.0,3,3,80,"npos=3, noise=80",30,492,14.057142857142857,14.0,0.4397075091105397,0.2154987971142235
0.10072720004245639,30,1.0,0.6421568627450981,0.782089552238806,262,0,146,0.6999999999999998,0.6857142857142857,1.0,1.0,12,18,0.8166081266704033,1.5676699434858863,30,0.4,0.6697038724373576,0.967593954248366,1.158887775762924,30,12,12,18,0,0,0,0.27951418546338874,0.27120740711688995,traj2traj,dist_meta_50_40_10,all_terms,0.5,0.4,0.1,pos_len_90_10,position_length,0.9,0.1,0.0,3,3,80,"npos=3, noise=80",30,492,14.057142857142857,14.0,0.6634380765099926,0.5538438785571006
0.08324589999392629,30,1.0,0.6421568627450981,0.782089552238806,262,0,146,0.6999999999999998,0.6857142857142857,1.0,1.0,12,18,0.8166081266704033,1.5676699434858863,30,0.4,0.6697038724373576,0.967593954248366,1.158887775762924,30,12,12,18,0,0,0,0.4079285003244877,0.44685065746307373,traj2traj,dist_meta_50_40_10,all_terms,0.5,0.4,0.1,pos_len_75_25,position_length,0.75,0.25,0.0,3,3,80,"npos=3, noise=80",30,492,14.057142857142857,14.0,0.6634380765099926,0.5538438785571006
0.0908258999697864,30,1.0,0.6421568627450981,0.782089552238806,262,0,146,0.6999999999999998,0.6857142857142857,1.0,1.0,12,18,0.8166081266704033,1.5676699434858863,30,0.4,0.6697038724373576,0.967593954248366,1.158887775762924,30,12,12,18,0,0,0,0.5363428021470705,0.5474715977907181,traj2traj,dist_meta_50_40_10,all_terms,0.5,0.4,0.1,pos_len_60_40,position_length,0.6,0.4,0.0,3,3,80,"npos=3, noise=80",30,492,14.057142857142857,14.0,0.6634380765099926,0.5538438785571006
0.08678480004891753,30,1.0,0.5122549019607843,0.6774716369529984,209,0,199,0.5523809523809524,0.5285714285714286,1.0,1.0,12,18,0.7847520261399338,1.5978711721661651,30,0.4,0.5284738041002278,0.967593954248366,1.158887775762924,30,12,12,18,0,0,0,0.1815746814633409,0.15409473329782486,traj2traj,dist_meta_50_40_10,all_terms,0.5,0.4,0.1,pos_start_90_10,position_start,0.9,0.0,0.1,3,3,80,"npos=3, noise=80",30,492,14.057142857142857,14.0,0.5531593070887467,0.4828508736537519
0.09735339996404946,30,1.0,0.5122549019607843,0.6774716369529984,209,0,199,0.5523809523809524,0.5285714285714286,1.0,1.0,12,18,0.7847520261399338,1.5978711721661651,30,0.4,0.5284738041002278,0.967593954248366,1.158887775762924,30,12,12,18,0,0,0,0.17631224015106758,0.12841228395700455,traj2traj,dist_meta_50_40_10,all_terms,0.5,0.4,0.1,pos_start_75_25,position_start,0.75,0.0,0.25,3,3,80,"npos=3, noise=80",30,492,14.057142857142857,14.0,0.5531593070887467,0.4828508736537519
0.0952290000859648,30,1.0,0.5122549019607843,0.6774716369529984,209,0,199,0.5523809523809524,0.5285714285714286,1.0,1.0,12,18,0.7847520261399338,1.5978711721661651,30,0.4,0.5284738041002278,0.967593954248366,1.158887775762924,30,12,12,18,0,0,0,0.17104979728658995,0.10272982716560364,traj2traj,dist_meta_50_40_10,all_terms,0.5,0.4,0.1,pos_start_60_40,position_start,0.6,0.0,0.4,3,3,80,"npos=3, noise=80",30,492,14.057142857142857,14.0,0.5531593070887467,0.4828508736537519
0.10842960001900792,30,1.0,0.5759803921568627,0.7309486780715396,235,0,173,0.6261904761904761,0.6857142857142857,1.0,1.0,12,18,0.7732782074211141,1.5424637258300549,30,0.4,0.5990888382687927,0.967593954248366,1.158887775762924,30,12,12,18,0,0,0,0.3084806641563773,0.33329547941684723,traj2traj,dist_meta_50_40_10,all_terms,0.5,0.4,0.1,pos_meta_80_10_10,all_terms,0.8,0.1,0.1,3,3,80,"npos=3, noise=80",30,492,14.057142857142857,14.0,0.6089854905458785,0.5185809928005537
0.09727979998569936,30,1.0,0.6053921568627451,0.7541984732824427,247,0,161,0.6571428571428571,0.6857142857142857,1.0,1.0,12,18,0.7900163601136869,1.5407195349698675,30,0.4,0.6287015945330297,0.967593954248366,1.158887775762924,30,12,12,18,0,0,0,0.4158112083872159,0.4087272733449936,traj2traj,dist_meta_50_40_10,all_terms,0.5,0.4,0.1,pos_meta_70_20_10,all_terms,0.7,0.2,0.1,3,3,80,"npos=3, noise=80",30,492,14.057142857142857,14.0,0.6327276287564638,0.5337293790040317
0.09692049992736429,30,1.0,0.5784313725490197,0.732919254658385,236,0,172,0.6309523809523808,0.6857142857142857,1.0,1.0,12,18,0.7795847463531927,1.5534715417564253,30,0.4,0.6036446469248291,0.967593954248366,1.158887775762924,30,12,12,18,0,0,0,0.4280017713705699,0.4238101541996002,traj2traj,dist_meta_50_40_10,all_terms,0.5,0.4,0.1,pos_meta_60_20_20,all_terms,0.6,0.2,0.2,3,3,80,"npos=3, noise=80",30,492,14.057142857142857,14.0,0.6118209768071876,0.5205902507581224
0.10325419995933771,30,1.0,0.5784313725490197,0.732919254658385,236,0,172,0.6309523809523808,0.6857142857142857,1.0,1.0,12,18,0.7795847463531927,1.5534715417564253,30,0.4,0.6036446469248291,0.967593954248366,1.158887775762924,30,12,12,18,0,0,0,0.5840750620700419,0.6021167635917664,traj2traj,dist_meta_50_40_10,all_terms,0.5,0.4,0.1,equal_all,all_terms,0.3333333333333333,0.3333333333333333,0.3333333333333333,3,3,80,"npos=3, noise=80",30,492,14.057142857142857,14.0,0.6118209768071876,0.5205902507581224
0.08390100009273738,26,1.0,0.5759803921568627,0.7309486780715396,235,0,173,0.6357142857142857,0.6285714285714286,1.0,1.0,12,14,0.8226312959776887,1.080790187834929,26,0.46153846153846156,0.6433734939759036,0.9511657202446676,1.4002360693461409,26,12,12,14,0,0,0,0.14847821556031704,0.1295788288116455,traj2traj,dist_meta_50_40_10,all_terms,0.5,0.4,0.1,position_only,ablation,1.0,0.0,0.0,0,5,100,"npos=5, noise=100",26,458,13.085714285714285,13.0,0.6178240672008105,0.5552199222950971
0.019132699933834374,26,1.0,0.6691176470588235,0.801762114537445,273,0,135,0.719047619047619,0.6285714285714286,1.0,1.0,12,14,58.552696326830976,48.143635421714755,26,0.038461538461538464,0.0819277108433735,0.9511657202446676,1.4002360693461409,26,12,12,14,0,0,0,0.9833333163211743,1.2999999523162842,traj2traj,dist_meta_50_40_10,all_terms,0.5,0.4,0.1,length_only,ablation,0.0,1.0,0.0,0,5,100,"npos=5, noise=100",26,458,13.085714285714285,13.0,0.5629321186571332,0.26812372790770966
0.01177590002771467,26,1.0,0.5686274509803921,0.725,232,0,176,0.6238095238095238,0.6285714285714286,1.0,1.0,12,14,43.01563927377585,40.59822514842504,26,0.07692307692307693,0.0963855421686747,0.9511657202446676,1.4002360693461409,26,12,12,14,0,0,0,0.11666666964689891,0.0,traj2traj,dist_meta_50_40_10,all_terms,0.5,0.4,0.1,start_only,ablation,0.0,0.0,1.0,0,5,100,"npos=5, noise=100",26,458,13.085714285714285,13.0,0.5029102122776821,0.2622465686923518
0.09852430003229529,26,1.0,0.6372549019607843,0.778443113772455,260,0,148,0.6976190476190477,0.6285714285714286,1.0,1.0,12,14,0.8652537629933742,1.1392143676682616,26,0.46153846153846156,0.7060240963855422,0.9511657202446676,1.4002360693461409,26,12,12,14,0,0,0,0.24855301901698112,0.2533859610557556,traj2traj,dist_meta_50_40_10,all_terms,0.5,0.4,0.1,pos_len_90_10,position_length,0.9,0.1,0.0,0,5,100,"npos=5, noise=100",26,458,13.085714285714285,13.0,0.6662852316375957,0.586571936228166
0.07745559990871698,26,1.0,0.6372549019607843,0.778443113772455,260,0,148,0.6976190476190477,0.6285714285714286,1.0,1.0,12,14,0.8652537629933742,1.1392143676682616,26,0.46153846153846156,0.7060240963855422,0.9511657202446676,1.4002360693461409,26,12,12,14,0,0,0,0.3835164047777653,0.4444882869720459,traj2traj,dist_meta_50_40_10,all_terms,0.5,0.4,0.1,pos_len_75_25,position_length,0.75,0.25,0.0,0,5,100,"npos=5, noise=100",26,458,13.085714285714285,13.0,0.6662852316375957,0.586571936228166
0.09158950007986277,26,1.0,0.6397058823529411,0.780269058295964,261,0,147,0.7023809523809524,0.6285714285714286,1.0,1.0,12,14,0.8793584087901236,1.1698817565639643,26,0.46153846153846156,0.7108433734939759,0.9511657202446676,1.4002360693461409,26,12,12,14,0,0,0,0.5164584933469692,0.6242723166942596,traj2traj,dist_meta_50_40_10,all_terms,0.5,0.4,0.1,pos_len_60_40,position_length,0.6,0.4,0.0,0,5,100,"npos=5, noise=100",26,458,13.085714285714285,13.0,0.6690586792343536,0.5886181348861667
0.12444579997099936,26,1.0,0.5686274509803921,0.725,232,0,176,0.6238095238095238,0.6285714285714286,1.0,1.0,12,14,0.8019196936401586,1.089893502726075,26,0.46153846153846156,0.6313253012048192,0.9511657202446676,1.4002360693461409,26,12,12,14,0,0,0,0.15525869000703096,0.12701938301324844,traj2traj,dist_meta_50_40_10,all_terms,0.5,0.4,0.1,pos_start_90_10,position_start,0.9,0.0,0.1,0,5,100,"npos=5, noise=100",26,458,13.085714285714285,13.0,0.6101439772819531,0.5498276622975419
0.1031000999500975,26,1.0,0.5686274509803921,0.725,232,0,176,0.6238095238095238,0.6285714285714286,1.0,1.0,12,14,0.8019196936401586,1.089893502726075,26,0.46153846153846156,0.6313253012048192,0.9511657202446676,1.4002360693461409,26,12,12,14,0,0,0,0.14882669070114693,0.126661516726017,traj2traj,dist_meta_50_40_10,all_terms,0.5,0.4,0.1,pos_start_75_25,position_start,0.75,0.0,0.25,0,5,100,"npos=5, noise=100",26,458,13.085714285714285,13.0,0.6101439772819531,0.5498276622975419
0.09832500002812594,26,1.0,0.5686274509803921,0.725,232,0,176,0.6238095238095238,0.6285714285714286,1.0,1.0,12,14,0.8019196936401586,1.089893502726075,26,0.46153846153846156,0.6313253012048192,0.9511657202446676,1.4002360693461409,26,12,12,14,0,0,0,0.142394688911736,0.10132921487092972,traj2traj,dist_meta_50_40_10,all_terms,0.5,0.4,0.1,pos_start_60_40,position_start,0.6,0.0,0.4,0,5,100,"npos=5, noise=100",26,458,13.085714285714285,13.0,0.6101439772819531,0.5498276622975419
0.09593790001235902,26,1.0,0.5686274509803921,0.725,232,0,176,0.6238095238095238,0.6285714285714286,1.0,1.0,12,14,0.8019196936401586,1.089893502726075,26,0.46153846153846156,0.6313253012048192,0.9511657202446676,1.4002360693461409,26,12,12,14,0,0,0,0.2709706847866376,0.2726552188396454,traj2traj,dist_meta_50_40_10,all_terms,0.5,0.4,0.1,pos_meta_80_10_10,all_terms,0.8,0.1,0.1,0,5,100,"npos=5, noise=100",26,458,13.085714285714285,13.0,0.6101439772819531,0.5498276622975419
0.11041180009488016,26,1.0,0.6078431372549019,0.7560975609756097,248,0,160,0.669047619047619,0.6285714285714286,1.0,1.0,12,14,0.8443402359114048,1.0850351001615957,26,0.46153846153846156,0.6771084337349398,0.9511657202446676,1.4002360693461409,26,12,12,14,0,0,0,0.37917988871534664,0.40130358934402466,traj2traj,dist_meta_50_40_10,all_terms,0.5,0.4,0.1,pos_meta_70_20_10,all_terms,0.7,0.2,0.1,0,5,100,"npos=5, noise=100",26,458,13.085714285714285,13.0,0.6437106744252827,0.5720167671490034
0.10319679998792708,26,1.0,0.5686274509803921,0.725,232,0,176,0.6238095238095238,0.6285714285714286,1.0,1.0,12,14,0.8019196936401586,1.089893502726075,26,0.46153846153846156,0.6313253012048192,0.9511657202446676,1.4002360693461409,26,12,12,14,0,0,0,0.38239468199511367,0.3811173737049103,traj2traj,dist_meta_50_40_10,all_terms,0.5,0.4,0.1,pos_meta_60_20_20,all_terms,0.6,0.2,0.2,0,5,100,"npos=5, noise=100",26,458,13.085714285714285,13.0,0.6101439772819531,0.5498276622975419
0.09338099998421967,26,1.0,0.5686274509803921,0.725,232,0,176,0.6238095238095238,0.6285714285714286,1.0,1.0,12,14,0.8019196936401586,1.089893502726075,26,0.46153846153846156,0.6313253012048192,0.9511657202446676,1.4002360693461409,26,12,12,14,0,0,0,0.5309600106750926,0.5006207674741745,traj2traj,dist_meta_50_40_10,all_terms,0.5,0.4,0.1,equal_all,all_terms,0.3333333333333333,0.3333333333333333,0.3333333333333333,0,5,100,"npos=5, noise=100",26,458,13.085714285714285,13.0,0.6101439772819531,0.5498276622975419
0.08976330002769828,32,1.0,0.40441176470588236,0.5759162303664922,165,0,243,0.44523809523809527,0.37142857142857144,1.0,1.0,12,20,1.1917174242732853,1.3835824998791002,32,0.375,0.4410377358490566,0.9605097302078727,1.4026533517730777,32,12,12,20,0,0,0,0.17440888471901417,0.16897054761648178,traj2traj,dist_meta_50_40_10,all_terms,0.5,0.4,0.1,position_only,ablation,1.0,0.0,0.0,1,5,100,"npos=5, noise=100",32,475,13.571428571428571,13.0,0.4609543590291036,0.4199664895593721
0.022260300000198185,32,1.0,0.5612745098039216,0.7189952904238619,229,0,179,0.6095238095238096,0.5428571428571428,1.0,1.0,12,20,52.136880785713814,62.41631528616075,32,0.0,0.0,0.9605097302078727,1.4026533517730777,32,12,12,20,0,0,0,1.3666666572292645,1.600000023841858,traj2traj,dist_meta_50_40_10,all_terms,0.5,0.4,0.1,length_only,ablation,0.0,1.0,0.0,1,5,100,"npos=5, noise=100",32,475,13.571428571428571,13.0,0.4818785975928833,0.20475143903715334
0.018960299901664257,32,1.0,0.41421568627450983,0.58578856152513,169,0,239,0.45238095238095233,0.4285714285714286,1.0,1.0,12,20,48.279573863743735,57.547557179451466,32,0.0,0.0,0.9605097302078727,1.4026533517730777,32,12,12,20,0,0,0,0.033333333830038704,0.0,traj2traj,dist_meta_50_40_10,all_terms,0.5,0.4,0.1,start_only,ablation,0.0,0.0,1.0,1,5,100,"npos=5, noise=100",32,475,13.571428571428571,13.0,0.3759895188578031,0.16239580754312125
0.09878939995542169,32,1.0,0.5171568627450981,0.6817447495961229,211,0,197,0.5619047619047619,0.5,1.0,1.0,12,20,1.1574999312504133,1.4441793760766468,32,0.375,0.5566037735849056,0.9605097302078727,1.4026533517730777,32,12,12,20,0,0,0,0.3234782877067725,0.358547180891037,traj2traj,dist_meta_50_40_10,all_terms,0.5,0.4,0.1,pos_len_90_10,position_length,0.9,0.1,0.0,1,5,100,"npos=5, noise=100",32,475,13.571428571428571,13.0,0.5604985065697986,0.4816903695059272
0.09893159999046475,32,1.0,0.5514705882352942,0.7109004739336493,225,0,183,0.5928571428571429,0.5428571428571428,1.0,1.0,12,20,1.2008423626119527,1.5290688227683165,32,0.375,0.5872641509433962,0.9605097302078727,1.4026533517730777,32,12,12,20,0,0,0,0.5078377729902664,0.5699903666973114,traj2traj,dist_meta_50_40_10,all_terms,0.5,0.4,0.1,pos_len_75_25,position_length,0.75,0.25,0.0,1,5,100,"npos=5, noise=100",32,475,13.571428571428571,13.0,0.587250986462825,0.49828184680829324
0.11073790001682937,32,1.0,0.5514705882352942,0.7109004739336493,225,0,183,0.5928571428571429,0.5428571428571428,1.0,1.0,12,20,1.2008423626119527,1.5290688227683165,32,0.375,0.5872641509433962,0.9605097302078727,1.4026533517730777,32,12,12,20,0,0,0,0.6912702303379774,0.7865290641784668,traj2traj,dist_meta_50_40_10,all_terms,0.5,0.4,0.1,pos_len_60_40,position_length,0.6,0.4,0.0,1,5,100,"npos=5, noise=100",32,475,13.571428571428571,13.0,0.587250986462825,0.49828184680829324
0.11031610006466508,32,1.0,0.41421568627450983,0.58578856152513,169,0,239,0.4523809523809524,0.4285714285714286,1.0,1.0,12,20,1.1944553946785157,1.4430915166036509,32,0.375,0.4481132075471698,0.9605097302078727,1.4026533517730777,32,12,12,20,0,0,0,0.1720162002990643,0.17730796337127686,traj2traj,dist_meta_50_40_10,all_terms,0.5,0.4,0.1,pos_start_90_10,position_start,0.9,0.0,0.1,1,5,100,"npos=5, noise=100",32,475,13.571428571428571,13.0,0.4687272922598341,0.42442410942991377
0.09951930004172027,32,1.0,0.41421568627450983,0.58578856152513,169,0,239,0.4523809523809524,0.4285714285714286,1.0,1.0,12,20,1.1944553946785157,1.4430915166036509,32,0.375,0.4481132075471698,0.9605097302078727,1.4026533517730777,32,12,12,20,0,0,0,0.14890239325662455,0.1477566435933113,traj2traj,dist_meta_50_40_10,all_terms,0.5,0.4,0.1,pos_start_75_25,position_start,0.75,0.0,0.25,1,5,100,"npos=5, noise=100",32,475,13.571428571428571,13.0,0.4687272922598341,0.42442410942991377
0.10042869998142123,32,1.0,0.41421568627450983,0.58578856152513,169,0,239,0.4523809523809524,0.4285714285714286,1.0,1.0,12,20,1.1944553946785157,1.4430915166036509,32,0.375,0.4481132075471698,0.9605097302078727,1.4026533517730777,32,12,12,20,0,0,0,0.12578858404109874,0.11820532009005547,traj2traj,dist_meta_50_40_10,all_terms,0.5,0.4,0.1,pos_start_60_40,position_start,0.6,0.0,0.4,1,5,100,"npos=5, noise=100",32,475,13.571428571428571,13.0,0.4687272922598341,0.42442410942991377
0.11883359996136278,32,1.0,0.4681372549019608,0.6377295492487479,191,0,217,0.5047619047619047,0.4714285714285714,1.0,1.0,12,20,1.1160521464775088,1.3553194959054116,32,0.375,0.5,0.9605097302078727,1.4026533517730777,32,12,12,20,0,0,0,0.3367642822364966,0.35647375881671906,traj2traj,dist_meta_50_40_10,all_terms,0.5,0.4,0.1,pos_meta_80_10_10,all_terms,0.8,0.1,0.1,1,5,100,"npos=5, noise=100",32,475,13.571428571428571,13.0,0.5158700552655595,0.45302210032594004
0.1159725000616163,32,1.0,0.5024509803921569,0.6688417618270799,205,0,203,0.5452380952380952,0.5,1.0,1.0,12,20,1.1266764198641757,1.4108864248647657,32,0.375,0.5400943396226415,0.9605097302078727,1.4026533517730777,32,12,12,20,0,0,0,0.477409344787399,0.5107855200767517,traj2traj,dist_meta_50_40_10,all_terms,0.5,0.4,0.1,pos_meta_70_20_10,all_terms,0.7,0.2,0.1,1,5,100,"npos=5, noise=100",32,475,13.571428571428571,13.0,0.5475195190919693,0.47331574679488586
0.09636620001401752,32,1.0,0.4681372549019608,0.6377295492487479,191,0,217,0.5047619047619047,0.4714285714285714,1.0,1.0,12,20,1.1160521464775088,1.3553194959054116,32,0.375,0.5,0.9605097302078727,1.4026533517730777,32,12,12,20,0,0,0,0.485906549418966,0.5102175325155258,traj2traj,dist_meta_50_40_10,all_terms,0.5,0.4,0.1,pos_meta_60_20_20,all_terms,0.6,0.2,0.2,1,5,100,"npos=5, noise=100",32,475,13.571428571428571,13.0,0.5158700552655595,0.45302210032594004
0.08558139996603131,32,1.0,0.4681372549019608,0.6377295492487479,191,0,217,0.5047619047619047,0.4714285714285714,1.0,1.0,12,20,1.1160521464775088,1.3553194959054116,32,0.375,0.5,0.9605097302078727,1.4026533517730777,32,12,12,20,0,0,0,0.6847628901402155,0.723440945148468,traj2traj,dist_meta_50_40_10,all_terms,0.5,0.4,0.1,equal_all,all_terms,0.3333333333333333,0.3333333333333333,0.3333333333333333,1,5,100,"npos=5, noise=100",32,475,13.571428571428571,13.0,0.5158700552655595,0.45302210032594004
0.07275710010435432,23,1.0,0.5294117647058824,0.6923076923076924,216,0,192,0.5595238095238096,0.5,1.0,1.0,12,11,0.7601416285400838,0.9640532983086162,23,0.5217391304347826,0.5745721271393643,0.9937888198757764,1.0293824129183275,23,12,12,11,0,0,0,0.1277683029572169,0.10674028843641281,traj2traj,dist_meta_50_40_10,all_terms,0.5,0.4,0.1,position_only,ablation,1.0,0.0,0.0,2,5,100,"npos=5, noise=100",23,447,12.771428571428572,13.0,0.5693700864986779,0.5467526033726736
0.0072459999937564135,23,1.0,0.7426470588235294,0.8523206751054853,303,0,105,0.7714285714285715,0.8,1.0,1.0,12,11,43.91530631051316,43.723698936876545,23,0.043478260869565216,0.08557457212713937,0.9937888198757764,1.0293824129183275,23,12,12,11,0,0,0,0.8000000131626924,0.7000000178813934,traj2traj,dist_meta_50_40_10,all_terms,0.5,0.4,0.1,length_only,ablation,0.0,1.0,0.0,2,5,100,"npos=5, noise=100",23,447,12.771428571428572,13.0,0.6018536662289563,0.2863919395435651
0.007181899971328676,23,1.0,0.6519607843137255,0.7893175074183977,266,0,142,0.6857142857142856,0.8,1.0,1.0,12,11,45.893140352824076,47.07061053730607,23,0.043478260869565216,0.08557457212713937,0.9937888198757764,1.0293824129183275,23,12,12,11,0,0,0,0.10000000149011612,0.0,traj2traj,dist_meta_50_40_10,all_terms,0.5,0.4,0.1,start_only,ablation,0.0,0.0,1.0,2,5,100,"npos=5, noise=100",23,447,12.771428571428572,13.0,0.5489235109568411,0.26521987743471903
0.06156489998102188,23,1.0,0.7401960784313726,0.8507042253521127,302,0,106,0.7690476190476191,0.8,1.0,1.0,12,11,0.7751401127820926,1.0217682849764527,23,0.5217391304347826,0.7897310513447433,0.9937888198757764,1.0293824129183275,23,12,12,11,0,0,0,0.20275849538544813,0.18305949866771698,traj2traj,dist_meta_50_40_10,all_terms,0.5,0.4,0.1,pos_len_90_10,position_length,0.9,0.1,0.0,2,5,100,"npos=5, noise=100",23,447,12.771428571428572,13.0,0.7331668997167398,0.6531740219852834
0.08036809996701777,23,1.0,0.7401960784313726,0.8507042253521127,302,0,106,0.7690476190476191,0.8,1.0,1.0,12,11,0.7751401127820926,1.0217682849764527,23,0.5217391304347826,0.7897310513447433,0.9937888198757764,1.0293824129183275,23,12,12,11,0,0,0,0.30368764512240887,0.2653510123491287,traj2traj,dist_meta_50_40_10,all_terms,0.5,0.4,0.1,pos_len_75_25,position_length,0.75,0.25,0.0,2,5,100,"npos=5, noise=100",23,447,12.771428571428572,13.0,0.7331668997167398,0.6531740219852834
0.06731239997316152,23,1.0,0.7401960784313726,0.8507042253521127,302,0,106,0.7690476190476191,0.8,1.0,1.0,12,11,0.7751401127820926,1.0217682849764527,23,0.5217391304347826,0.7897310513447433,0.9937888198757764,1.0293824129183275,23,12,12,11,0,0,0,0.40461678461482126,0.35228079557418823,traj2traj,dist_meta_50_40_10,all_terms,0.5,0.4,0.1,pos_len_60_40,position_length,0.6,0.4,0.0,2,5,100,"npos=5, noise=100",23,447,12.771428571428572,13.0,0.7331668997167398,0.6531740219852834
0.06595269998069853,23,1.0,0.625,0.7692307692307693,255,0,153,0.6595238095238095,0.8,1.0,1.0,12,11,0.7503754854313062,0.9301656613947322,23,0.5217391304347826,0.6772616136919315,0.9937888198757764,1.0293824129183275,23,12,12,11,0,0,0,0.14185211807489395,0.09686020761728287,traj2traj,dist_meta_50_40_10,all_terms,0.5,0.4,0.1,pos_start_90_10,position_start,0.9,0.0,0.1,2,5,100,"npos=5, noise=100",23,447,12.771428571428572,13.0,0.6482716709797594,0.5978095903954308
0.09174229996278882,23,1.0,0.625,0.7692307692307693,255,0,153,0.6595238095238095,0.8,1.0,1.0,12,11,0.7503754854313062,0.9301656613947322,23,0.5217391304347826,0.6772616136919315,0.9937888198757764,1.0293824129183275,23,12,12,11,0,0,0,0.1459878801057736,0.09738350659608841,traj2traj,dist_meta_50_40_10,all_terms,0.5,0.4,0.1,pos_start_75_25,position_start,0.75,0.0,0.25,2,5,100,"npos=5, noise=100",23,447,12.771428571428572,13.0,0.6482716709797594,0.5978095903954308
0.08958200004417449,23,1.0,0.625,0.7692307692307693,255,0,153,0.6595238095238095,0.8,1.0,1.0,12,11,0.7503754854313062,0.9301656613947322,23,0.5217391304347826,0.6772616136919315,0.9937888198757764,1.0293824129183275,23,12,12,11,0,0,0,0.15012363654871783,0.08610979467630386,traj2traj,dist_meta_50_40_10,all_terms,0.5,0.4,0.1,pos_start_60_40,position_start,0.6,0.0,0.4,2,5,100,"npos=5, noise=100",23,447,12.771428571428572,13.0,0.6482716709797594,0.5978095903954308
0.08443359995726496,23,1.0,0.7401960784313726,0.8507042253521127,302,0,106,0.7690476190476191,0.8,1.0,1.0,12,11,0.7751401127820926,1.0217682849764527,23,0.5217391304347826,0.7897310513447433,0.9937888198757764,1.0293824129183275,23,12,12,11,0,0,0,0.2342112579693397,0.17994177341461182,traj2traj,dist_meta_50_40_10,all_terms,0.5,0.4,0.1,pos_meta_80_10_10,all_terms,0.8,0.1,0.1,2,5,100,"npos=5, noise=100",23,447,12.771428571428572,13.0,0.7331668997167398,0.6531740219852834
0.07098570000380278,23,1.0,0.7401960784313726,0.8507042253521127,302,0,106,0.7690476190476191,0.8,1.0,1.0,12,11,0.7751401127820926,1.0217682849764527,23,0.5217391304347826,0.7897310513447433,0.9937888198757764,1.0293824129183275,23,12,12,11,0,0,0,0.30149735044687986,0.22432760149240494,traj2traj,dist_meta_50_40_10,all_terms,0.5,0.4,0.1,pos_meta_70_20_10,all_terms,0.7,0.2,0.1,2,5,100,"npos=5, noise=100",23,447,12.771428571428572,13.0,0.7331668997167398,0.6531740219852834
0.08076309994794428,23,1.0,0.7401960784313726,0.8507042253521127,302,0,106,0.7690476190476191,0.8,1.0,1.0,12,11,0.7751401127820926,1.0217682849764527,23,0.5217391304347826,0.7897310513447433,0.9937888198757764,1.0293824129183275,23,12,12,11,0,0,0,0.3329501136516531,0.21228080242872238,traj2traj,dist_meta_50_40_10,all_terms,0.5,0.4,0.1,pos_meta_60_20_20,all_terms,0.6,0.2,0.2,2,5,100,"npos=5, noise=100",23,447,12.771428571428572,13.0,0.7331668997167398,0.6531740219852834
0.06723310006782413,23,1.0,0.7352941176470589,0.8474576271186441,300,0,108,0.761904761904762,0.8,1.0,1.0,12,11,0.7832619788014111,1.262245280914105,23,0.4782608695652174,0.7603911980440098,0.9937888198757764,1.0293824129183275,23,12,12,11,0,0,0,0.4586574075122674,0.2734893411397934,traj2traj,dist_meta_50_40_10,all_terms,0.5,0.4,0.1,equal_all,all_terms,0.3333333333333333,0.3333333333333333,0.3333333333333333,2,5,100,"npos=5, noise=100",23,447,12.771428571428572,13.0,0.7253264513216088,0.6270841489512944
0.06652769993524998,23,1.0,0.6102941176470589,0.7579908675799087,249,0,159,0.6619047619047619,0.7714285714285715,1.0,1.0,12,11,0.8621348331982863,1.2433037184123112,22,0.5454545454545454,0.7637362637362637,0.949239000571399,1.6306009984516436,23,12,12,11,0,0,0,0.16833690429727236,0.17857274413108826,traj2traj,dist_meta_50_40_10,all_terms,0.5,0.4,0.1,position_only,ablation,1.0,0.0,0.0,3,5,100,"npos=5, noise=100",23,464,13.257142857142858,13.0,0.6557990582020907,0.626904533822342
0.011303899926133454,23,1.0,0.678921568627451,0.8087591240875912,277,0,131,0.7333333333333333,0.7857142857142858,1.0,1.0,12,11,50.66876423673337,56.096967359983225,22,0.045454545454545456,0.027472527472527472,0.949239000571399,1.6306009984516436,23,12,12,11,0,0,0,0.9333333397905031,0.75,traj2traj,dist_meta_50_40_10,all_terms,0.5,0.4,0.1,length_only,ablation,0.0,1.0,0.0,3,5,100,"npos=5, noise=100",23,464,13.257142857142858,13.0,0.561833774498008,0.26013510820080166
0.008218400063924491,23,1.0,0.571078431372549,0.7269890795631825,233,0,175,0.6285714285714286,0.6857142857142857,1.0,1.0,12,11,56.56052178073439,58.48960171148125,22,0.045454545454545456,0.024725274725274724,0.949239000571399,1.6306009984516436,23,12,12,11,0,0,0,0.11666666840513547,0.0,traj2traj,dist_meta_50_40_10,all_terms,0.5,0.4,0.1,start_only,ablation,0.0,0.0,1.0,3,5,100,"npos=5, noise=100",23,464,13.257142857142858,13.0,0.4943461881332396,0.23261809563291624
0.08097480004653335,23,1.0,0.6102941176470589,0.7579908675799087,249,0,159,0.6619047619047619,0.7714285714285715,1.0,1.0,12,11,0.8621348331982863,1.2433037184123112,22,0.5454545454545454,0.7637362637362637,0.949239000571399,1.6306009984516436,23,12,12,11,0,0,0,0.2698365431278944,0.2691604793071747,traj2traj,dist_meta_50_40_10,all_terms,0.5,0.4,0.1,pos_len_90_10,position_length,0.9,0.1,0.0,3,5,100,"npos=5, noise=100",23,464,13.257142857142858,13.0,0.6557990582020907,0.626904533822342
0.08338239998556674,23,1.0,0.6102941176470589,0.7579908675799087,249,0,159,0.6619047619047619,0.7714285714285715,1.0,1.0,12,11,0.8621348331982863,1.2433037184123112,22,0.5454545454545454,0.7637362637362637,0.949239000571399,1.6306009984516436,23,12,12,11,0,0,0,0.4220860106870532,0.33263373374938965,traj2traj,dist_meta_50_40_10,all_terms,0.5,0.4,0.1,pos_len_75_25,position_length,0.75,0.25,0.0,3,5,100,"npos=5, noise=100",23,464,13.257142857142858,13.0,0.6557990582020907,0.626904533822342
0.08927180001046509,23,1.0,0.6666666666666666,0.8,272,0,136,0.719047619047619,0.7857142857142858,1.0,1.0,12,11,0.9478532981648207,2.0468880383323995,22,0.5,0.7417582417582418,0.949239000571399,1.6306009984516436,23,12,12,11,0,0,0,0.5441551773498455,0.3978937864303589,traj2traj,dist_meta_50_40_10,all_terms,0.5,0.4,0.1,pos_len_60_40,position_length,0.6,0.4,0.0,3,5,100,"npos=5, noise=100",23,464,13.257142857142858,13.0,0.6874711911575231,0.6173443223443225
0.07911809999495745,23,1.0,0.5612745098039216,0.7189952904238619,229,0,179,0.6166666666666666,0.6714285714285715,1.0,1.0,12,11,0.8825687018434827,1.2904009552489595,22,0.5454545454545454,0.7115384615384616,0.949239000571399,1.6306009984516436,23,12,12,11,0,0,0,0.17489809853335223,0.190906323492527,traj2traj,dist_meta_50_40_10,all_terms,0.5,0.4,0.1,pos_start_90_10,position_start,0.9,0.0,0.1,3,5,100,"npos=5, noise=100",23,464,13.257142857142858,13.0,0.6170854484774537,0.6015321583178727
0.07987599994521588,23,1.0,0.5612745098039216,0.7189952904238619,229,0,179,0.6166666666666666,0.6714285714285715,1.0,1.0,12,11,0.8825687018434827,1.2904009552489595,22,0.5454545454545454,0.7115384615384616,0.949239000571399,1.6306009984516436,23,12,12,11,0,0,0,0.18463731153557697,0.16904982179403305,traj2traj,dist_meta_50_40_10,all_terms,0.5,0.4,0.1,pos_start_75_25,position_start,0.75,0.0,0.25,3,5,100,"npos=5, noise=100",23,464,13.257142857142858,13.0,0.6170854484774537,0.6015321583178727
0.08049629989545792,23,1.0,0.571078431372549,0.7269890795631825,233,0,175,0.6285714285714286,0.6857142857142857,1.0,1.0,12,11,0.9806772574836612,2.1317992580511063,22,0.5,0.6373626373626373,0.949239000571399,1.6306009984516436,23,12,12,11,0,0,0,0.191318622790277,0.13735954463481903,traj2traj,dist_meta_50_40_10,all_terms,0.5,0.4,0.1,pos_start_60_40,position_start,0.6,0.0,0.4,3,5,100,"npos=5, noise=100",23,464,13.257142857142858,13.0,0.6125642528132803,0.5675956181104387
0.08402429998386651,23,1.0,0.6102941176470589,0.7579908675799087,249,0,159,0.6619047619047619,0.7714285714285715,1.0,1.0,12,11,0.8621348331982863,1.2433037184123112,22,0.5454545454545454,0.7637362637362637,0.949239000571399,1.6306009984516436,23,12,12,11,0,0,0,0.28966952332605916,0.3107221722602844,traj2traj,dist_meta_50_40_10,all_terms,0.5,0.4,0.1,pos_meta_80_10_10,all_terms,0.8,0.1,0.1,3,5,100,"npos=5, noise=100",23,464,13.257142857142858,13.0,0.6557990582020907,0.626904533822342
0.08060350001323968,23,1.0,0.6102941176470589,0.7579908675799087,249,0,159,0.6619047619047619,0.7714285714285715,1.0,1.0,12,11,0.8621348331982863,1.2433037184123112,22,0.5454545454545454,0.7637362637362637,0.949239000571399,1.6306009984516436,23,12,12,11,0,0,0,0.3911691590522726,0.3828396499156952,traj2traj,dist_meta_50_40_10,all_terms,0.5,0.4,0.1,pos_meta_70_20_10,all_terms,0.7,0.2,0.1,3,5,100,"npos=5, noise=100",23,464,13.257142857142858,13.0,0.6557990582020907,0.626904533822342
0.09200029994826764,23,1.0,0.6102941176470589,0.7579908675799087,249,0,159,0.6619047619047619,0.7714285714285715,1.0,1.0,12,11,0.8621348331982863,1.2433037184123112,22,0.5454545454545454,0.7637362637362637,0.949239000571399,1.6306009984516436,23,12,12,11,0,0,0,0.4110021386295557,0.4556152671575546,traj2traj,dist_meta_50_40_10,all_terms,0.5,0.4,0.1,pos_meta_60_20_20,all_terms,0.6,0.2,0.2,3,5,100,"npos=5, noise=100",23,464,13.257142857142858,13.0,0.6557990582020907,0.626904533822342
0.0852126000681892,23,1.0,0.6642156862745098,0.7982326951399117,271,0,137,0.7166666666666667,0.7857142857142858,1.0,1.0,12,11,0.9462399436765907,2.036065797468304,22,0.5,0.739010989010989,0.949239000571399,1.6306009984516436,23,12,12,11,0,0,0,0.5353378577468296,0.5662081837654114,traj2traj,dist_meta_50_40_10,all_terms,0.5,0.4,0.1,equal_all,all_terms,0.3333333333333333,0.3333333333333333,0.3333333333333333,3,5,100,"npos=5, noise=100",23,464,13.257142857142858,13.0,0.6855862627994838,0.6160659529473963
0.06962710001971573,20,1.0,0.6225490196078431,0.7673716012084593,254,0,154,0.6595238095238095,0.8142857142857143,1.0,1.0,12,8,0.800692752656024,1.0995909462806246,20,0.6,0.7694444444444445,0.9530981866430783,1.0396986020522534,20,12,12,8,0,0,0,0.1603883517285188,0.16090938448905945,traj2traj,dist_meta_50_40_10,all_terms,0.5,0.4,0.1,position_only,ablation,1.0,0.0,0.0,0,7,140,"npos=7, noise=140",20,414,11.82857142857143,12.0,0.6609808218293886,0.6517878123051839
0.0063223999459296465,20,1.0,0.6887254901960784,0.8156748911465893,281,0,127,0.719047619047619,0.8142857142857143,1.0,1.0,12,8,75.56258550025115,71.2158844072282,20,0.0,0.0,0.9530981866430783,1.0396986020522534,20,12,12,8,0,0,0,0.9833333299805721,0.6500000134110451,traj2traj,dist_meta_50_40_10,all_terms,0.5,0.4,0.1,length_only,ablation,0.0,1.0,0.0,0,7,140,"npos=7, noise=140",20,414,11.82857142857143,12.0,0.5575993503351994,0.2350397401340798
0.006316299899481237,20,1.0,0.6151960784313726,0.7617602427921093,251,0,157,0.6452380952380953,0.7285714285714285,1.0,1.0,12,8,74.75332309440824,68.03224670167413,20,0.0,0.0,0.9530981866430783,1.0396986020522534,20,12,12,8,0,0,0,0.10000000024835269,0.0,traj2traj,dist_meta_50_40_10,all_terms,0.5,0.4,0.1,start_only,ablation,0.0,0.0,1.0,0,7,140,"npos=7, noise=140",20,414,11.82857142857143,12.0,0.5121896452055784,0.21687585808223142
0.0713565000332892,20,1.0,0.6225490196078431,0.7673716012084593,254,0,154,0.6595238095238095,0.8142857142857143,1.0,1.0,12,8,0.800692752656024,1.0995909462806246,20,0.6,0.7694444444444445,0.9530981866430783,1.0396986020522534,20,12,12,8,0,0,0,0.26351617835462093,0.23478242754936218,traj2traj,dist_meta_50_40_10,all_terms,0.5,0.4,0.1,pos_len_90_10,position_length,0.9,0.1,0.0,0,7,140,"npos=7, noise=140",20,414,11.82857142857143,12.0,0.6609808218293886,0.6517878123051839
0.07031570002436638,20,1.0,0.6495098039215687,0.7875185735512631,265,0,143,0.6857142857142856,0.8142857142857143,1.0,1.0,12,8,0.8323740338980008,1.1837212751764834,20,0.6,0.8,0.9530981866430783,1.0396986020522534,20,12,12,8,0,0,0,0.40469549782574177,0.29565203189849854,traj2traj,dist_meta_50_40_10,all_terms,0.5,0.4,0.1,pos_len_75_25,position_length,0.75,0.25,0.0,0,7,140,"npos=7, noise=140",20,414,11.82857142857143,12.0,0.6820664555770855,0.6660751432816812
0.06893729988951236,20,1.0,0.6495098039215687,0.7875185735512631,265,0,143,0.6857142857142856,0.8142857142857143,1.0,1.0,12,8,0.8323740338980008,1.1837212751764834,20,0.6,0.8,0.9530981866430783,1.0396986020522534,20,12,12,8,0,0,0,0.5437564079960188,0.3565216362476349,traj2traj,dist_meta_50_40_10,all_terms,0.5,0.4,0.1,pos_len_60_40,position_length,0.6,0.4,0.0,0,7,140,"npos=7, noise=140",20,414,11.82857142857143,12.0,0.6820664555770855,0.6660751432816812
0.06514469999819994,20,1.0,0.5857843137254902,0.7387944358578052,239,0,169,0.6142857142857143,0.7142857142857143,1.0,1.0,12,8,0.7902673179888037,1.1464929885326032,20,0.55,0.6972222222222222,0.9530981866430783,1.0396986020522534,20,12,12,8,0,0,0,0.18778511260946593,0.14700863510370255,traj2traj,dist_meta_50_40_10,all_terms,0.5,0.4,0.1,pos_start_90_10,position_start,0.9,0.0,0.1,0,7,140,"npos=7, noise=140",20,414,11.82857142857143,12.0,0.6245884773912065,0.603493014155688
0.06327259994577616,20,1.0,0.5857843137254902,0.7387944358578052,239,0,169,0.6142857142857143,0.7142857142857143,1.0,1.0,12,8,0.7902673179888037,1.1464929885326032,20,0.55,0.6972222222222222,0.9530981866430783,1.0396986020522534,20,12,12,8,0,0,0,0.18426537358512482,0.12250719591975212,traj2traj,dist_meta_50_40_10,all_terms,0.5,0.4,0.1,pos_start_75_25,position_start,0.75,0.0,0.25,0,7,140,"npos=7, noise=140",20,414,11.82857142857143,12.0,0.6245884773912065,0.603493014155688
0.06272719998378307,20,1.0,0.5857843137254902,0.7387944358578052,239,0,169,0.6142857142857143,0.7142857142857143,1.0,1.0,12,8,0.7902673179888037,1.1464929885326032,20,0.55,0.6972222222222222,0.9530981866430783,1.0396986020522534,20,12,12,8,0,0,0,0.18074564108004174,0.0980057641863823,traj2traj,dist_meta_50_40_10,all_terms,0.5,0.4,0.1,pos_start_60_40,position_start,0.6,0.0,0.4,0,7,140,"npos=7, noise=140",20,414,11.82857142857143,12.0,0.6245884773912065,0.603493014155688
0.06886790005955845,20,1.0,0.6151960784313726,0.7617602427921093,251,0,157,0.6476190476190476,0.8142857142857143,1.0,1.0,12,8,0.7985317656919131,1.1396072031363185,20,0.55,0.7361111111111112,0.9530981866430783,1.0396986020522534,20,12,12,8,0,0,0,0.29955389474829036,0.23103028535842896,traj2traj,dist_meta_50_40_10,all_terms,0.5,0.4,0.1,pos_meta_80_10_10,all_terms,0.8,0.1,0.1,0,7,140,"npos=7, noise=140",20,414,11.82857142857143,12.0,0.6502070558461386,0.6211417310981044
0.06225869990885258,20,1.0,0.6372549019607843,0.778443113772455,260,0,148,0.669047619047619,0.8142857142857143,1.0,1.0,12,8,0.8086995443995092,1.202993161490196,20,0.55,0.7611111111111111,0.9530981866430783,1.0396986020522534,20,12,12,8,0,0,0,0.404737101867795,0.30902649462223053,traj2traj,dist_meta_50_40_10,all_terms,0.5,0.4,0.1,pos_meta_70_20_10,all_terms,0.7,0.2,0.1,0,7,140,"npos=7, noise=140",20,414,11.82857142857143,12.0,0.6676175050233008,0.6328711624370308
0.0839679999044165,20,1.0,0.5857843137254902,0.7387944358578052,239,0,169,0.6142857142857143,0.7142857142857143,1.0,1.0,12,8,0.7902673179888037,1.1464929885326032,20,0.55,0.6972222222222222,0.9530981866430783,1.0396986020522534,20,12,12,8,0,0,0,0.4174123052507639,0.2920227199792862,traj2traj,dist_meta_50_40_10,all_terms,0.5,0.4,0.1,pos_meta_60_20_20,all_terms,0.6,0.2,0.2,0,7,140,"npos=7, noise=140",20,414,11.82857142857143,12.0,0.6245884773912065,0.603493014155688
0.0683624999364838,20,1.0,0.5857843137254902,0.7387944358578052,239,0,169,0.6142857142857143,0.7142857142857143,1.0,1.0,12,8,0.7902673179888037,1.1464929885326032,20,0.55,0.6972222222222222,0.9530981866430783,1.0396986020522534,20,12,12,8,0,0,0,0.5689327592651049,0.3733459562063217,traj2traj,dist_meta_50_40_10,all_terms,0.5,0.4,0.1,equal_all,all_terms,0.3333333333333333,0.3333333333333333,0.3333333333333333,0,7,140,"npos=7, noise=140",20,414,11.82857142857143,12.0,0.6245884773912065,0.603493014155688
0.07105330005288124,24,1.0,0.5294117647058824,0.6923076923076924,216,0,192,0.5547619047619048,0.4285714285714286,1.0,1.0,12,12,0.8053993269629695,1.0267711700339663,24,0.5,0.6196808510638298,0.9915123456790124,1.2677304941158178,24,12,12,12,0,0,0,0.1491460967808962,0.13279827684164047,traj2traj,dist_meta_50_40_10,all_terms,0.5,0.4,0.1,position_only,ablation,1.0,0.0,0.0,1,7,140,"npos=7, noise=140",24,431,12.314285714285715,12.0,0.5747762025277857,0.5488579417036864
0.01061689993366599,24,1.0,0.6421568627450981,0.782089552238806,262,0,146,0.6738095238095237,0.6,1.0,1.0,12,12,40.89346719114523,44.89102680740753,24,0.041666666666666664,0.031914893617021274,0.9915123456790124,1.2677304941158178,24,12,12,12,0,0,0,1.1416666756073635,1.4000000357627869,traj2traj,dist_meta_50_40_10,all_terms,0.5,0.4,0.1,length_only,ablation,0.0,1.0,0.0,1,7,140,"npos=7, noise=140",24,431,12.314285714285715,12.0,0.5342843911143371,0.24844425289963556
0.009084900026209652,24,1.0,0.5392156862745098,0.7006369426751593,220,0,188,0.569047619047619,0.41428571428571426,1.0,1.0,12,12,40.22478546216397,38.911419071975594,24,0.08333333333333333,0.05053191489361702,0.9915123456790124,1.2677304941158178,24,12,12,12,0,0,0,0.033333333830038704,0.0,traj2traj,dist_meta_50_40_10,all_terms,0.5,0.4,0.1,start_only,ablation,0.0,0.0,1.0,1,7,140,"npos=7, noise=140",24,431,12.314285714285715,12.0,0.47016016333352695,0.24299846249653137
0.08830399997532368,24,1.0,0.6029411764705882,0.7522935779816513,246,0,162,0.6333333333333334,0.6,1.0,1.0,12,12,0.8563029425639694,1.1027879167277583,24,0.5,0.7074468085106383,0.9915123456790124,1.2677304941158178,24,12,12,12,0,0,0,0.26809948310256004,0.27871158719062805,traj2traj,dist_meta_50_40_10,all_terms,0.5,0.4,0.1,pos_len_90_10,position_length,0.9,0.1,0.0,1,7,140,"npos=7, noise=140",24,431,12.314285714285715,12.0,0.6373860075661398,0.5906537510573232
0.0739938000915572,24,1.0,0.6078431372549019,0.7560975609756097,248,0,160,0.6404761904761905,0.6,1.0,1.0,12,12,0.8875022596526407,1.1210209548887822,24,0.5,0.7154255319148937,0.9915123456790124,1.2677304941158178,24,12,12,12,0,0,0,0.4342747824266553,0.4322596490383148,traj2traj,dist_meta_50_40_10,all_terms,0.5,0.4,0.1,pos_len_75_25,position_length,0.75,0.25,0.0,1,7,140,"npos=7, noise=140",24,431,12.314285714285715,12.0,0.6421535244203891,0.5941235142214644
0.08493590005673468,24,1.0,0.6078431372549019,0.7560975609756097,248,0,160,0.6404761904761905,0.6,1.0,1.0,12,12,0.8875022596526407,1.1210209548887822,24,0.5,0.7154255319148937,0.9915123456790124,1.2677304941158178,24,12,12,12,0,0,0,0.5990864966685573,0.6198709905147552,traj2traj,dist_meta_50_40_10,all_terms,0.5,0.4,0.1,pos_len_60_40,position_length,0.6,0.4,0.0,1,7,140,"npos=7, noise=140",24,431,12.314285714285715,12.0,0.6421535244203891,0.5941235142214644
0.08417310006916523,24,1.0,0.5588235294117647,0.7169811320754718,228,0,180,0.5880952380952381,0.4285714285714286,1.0,1.0,12,12,0.9012519450943844,1.137999246757806,24,0.5,0.6569148936170213,0.9915123456790124,1.2677304941158178,24,12,12,12,0,0,0,0.1677467847863833,0.1495959237217903,traj2traj,dist_meta_50_40_10,all_terms,0.5,0.4,0.1,pos_start_90_10,position_start,0.9,0.0,0.1,1,7,140,"npos=7, noise=140",24,431,12.314285714285715,12.0,0.6006719148099947,0.5664344736288736
0.06521469994913787,24,1.0,0.5392156862745098,0.7006369426751593,220,0,188,0.5690476190476191,0.41428571428571426,1.0,1.0,12,12,0.8888235479855308,1.20811437158354,24,0.5,0.6356382978723404,0.9915123456790124,1.2677304941158178,24,12,12,12,0,0,0,0.1521704876795411,0.14132993668317795,traj2traj,dist_meta_50_40_10,all_terms,0.5,0.4,0.1,pos_start_75_25,position_start,0.75,0.0,0.25,1,7,140,"npos=7, noise=140",24,431,12.314285714285715,12.0,0.5845930324753897,0.555941724907879
0.06686360004823655,24,1.0,0.5392156862745098,0.7006369426751593,220,0,188,0.5690476190476191,0.41428571428571426,1.0,1.0,12,12,0.8888235479855308,1.20811437158354,24,0.5,0.6356382978723404,0.9915123456790124,1.2677304941158178,24,12,12,12,0,0,0,0.12840306324263415,0.11535369232296944,traj2traj,dist_meta_50_40_10,all_terms,0.5,0.4,0.1,pos_start_60_40,position_start,0.6,0.0,0.4,1,7,140,"npos=7, noise=140",24,431,12.314285714285715,12.0,0.5845930324753897,0.555941724907879
0.08645569998770952,24,1.0,0.5588235294117647,0.7169811320754718,228,0,180,0.5880952380952381,0.4285714285714286,1.0,1.0,12,12,0.9012519450943844,1.137999246757806,24,0.5,0.6569148936170213,0.9915123456790124,1.2677304941158178,24,12,12,12,0,0,0,0.29605269990861416,0.3214275538921356,traj2traj,dist_meta_50_40_10,all_terms,0.5,0.4,0.1,pos_meta_80_10_10,all_terms,0.8,0.1,0.1,1,7,140,"npos=7, noise=140",24,431,12.314285714285715,12.0,0.6006719148099947,0.5664344736288736
0.07136289996560663,24,1.0,0.5857843137254902,0.7387944358578052,239,0,169,0.6166666666666666,0.5857142857142857,1.0,1.0,12,12,0.8783541917270284,1.1182065268516381,24,0.5,0.6888297872340425,0.9915123456790124,1.2677304941158178,24,12,12,12,0,0,0,0.4178162878379226,0.4836156517267227,traj2traj,dist_meta_50_40_10,all_terms,0.5,0.4,0.1,pos_meta_70_20_10,all_terms,0.7,0.2,0.1,1,7,140,"npos=7, noise=140",24,431,12.314285714285715,12.0,0.6235945244616993,0.5816330006467384
0.07207200000993907,24,1.0,0.5392156862745098,0.7006369426751593,220,0,188,0.5690476190476191,0.41428571428571426,1.0,1.0,12,12,0.8888235479855308,1.20811437158354,24,0.5,0.6356382978723404,0.9915123456790124,1.2677304941158178,24,12,12,12,0,0,0,0.42340307030826807,0.5067454278469086,traj2traj,dist_meta_50_40_10,all_terms,0.5,0.4,0.1,pos_meta_60_20_20,all_terms,0.6,0.2,0.2,1,7,140,"npos=7, noise=140",24,431,12.314285714285715,12.0,0.5845930324753897,0.555941724907879
0.06384680001065135,24,1.0,0.5392156862745098,0.7006369426751593,220,0,188,0.5690476190476191,0.41428571428571426,1.0,1.0,12,12,0.8888235479855308,1.20811437158354,24,0.5,0.6356382978723404,0.9915123456790124,1.2677304941158178,24,12,12,12,0,0,0,0.577816519420594,0.7370807826519012,traj2traj,dist_meta_50_40_10,all_terms,0.5,0.4,0.1,equal_all,all_terms,0.3333333333333333,0.3333333333333333,0.3333333333333333,1,7,140,"npos=7, noise=140",24,431,12.314285714285715,12.0,0.5845930324753897,0.555941724907879
0.05119070003274828,19,1.0,0.696078431372549,0.8208092485549133,284,0,124,0.7142857142857144,0.8285714285714285,1.0,1.0,12,7,0.7968495265241373,1.0464808410362765,19,0.631578947368421,0.7614213197969543,1.0,1.3843786115716132,19,12,12,7,0,0,0,0.14778554998338223,0.1374574452638626,traj2traj,dist_meta_50_40_10,all_terms,0.5,0.4,0.1,position_only,ablation,1.0,0.0,0.0,2,7,140,"npos=7, noise=140",19,433,12.371428571428572,12.0,0.7002010650939628,0.678577330036161
0.005410099984146655,19,1.0,0.7647058823529411,0.8666666666666666,312,0,96,0.7857142857142856,0.8285714285714285,1.0,1.0,12,7,63.6776667296641,57.70885376887723,19,0.05263157894736842,0.08883248730964467,1.0,1.3843786115716132,19,12,12,7,0,0,0,0.7500000080714623,0.600000012665987,traj2traj,dist_meta_50_40_10,all_terms,0.5,0.4,0.1,length_only,ablation,0.0,1.0,0.0,2,7,140,"npos=7, noise=140",19,433,12.371428571428572,12.0,0.6130867778583514,0.29516551531112045
0.005143699934706092,19,1.0,0.6568627450980392,0.7928994082840237,268,0,140,0.6738095238095237,0.8,1.0,1.0,12,7,64.69751811477076,57.41832741344323,19,0.05263157894736842,0.08883248730964467,1.0,1.3843786115716132,19,12,12,7,0,0,0,0.08333333457509677,0.0,traj2traj,dist_meta_50_40_10,all_terms,0.5,0.4,0.1,start_only,ablation,0.0,0.0,1.0,2,7,140,"npos=7, noise=140",19,433,12.371428571428572,12.0,0.5482269581908394,0.2692215874441157
0.05581420008093119,19,1.0,0.7647058823529411,0.8666666666666666,312,0,96,0.7857142857142857,0.8285714285714285,1.0,1.0,12,7,0.8139370243756038,1.1415790706627844,19,0.631578947368421,0.8375634517766497,1.0,1.3843786115716132,19,12,12,7,0,0,0,0.2165879886597395,0.21861769258975983,traj2traj,dist_meta_50_40_10,all_terms,0.5,0.4,0.1,pos_len_90_10,position_length,0.9,0.1,0.0,2,7,140,"npos=7, noise=140",19,433,12.371428571428572,12.0,0.7523441586869937,0.7139272037962927
0.072526799980551,19,1.0,0.7647058823529411,0.8666666666666666,312,0,96,0.7857142857142857,0.8285714285714285,1.0,1.0,12,7,0.8139370243756038,1.1415790706627844,19,0.631578947368421,0.8375634517766497,1.0,1.3843786115716132,19,12,12,7,0,0,0,0.3054899952063958,0.2905147522687912,traj2traj,dist_meta_50_40_10,all_terms,0.5,0.4,0.1,pos_len_75_25,position_length,0.75,0.25,0.0,2,7,140,"npos=7, noise=140",19,433,12.371428571428572,12.0,0.7523441586869937,0.7139272037962927
0.06131929997354746,19,1.0,0.7647058823529411,0.8666666666666666,312,0,96,0.7857142857142857,0.8285714285714285,1.0,1.0,12,7,0.8139370243756038,1.1415790706627844,19,0.631578947368421,0.8375634517766497,1.0,1.3843786115716132,19,12,12,7,0,0,0,0.3943919927502672,0.351924654096365,traj2traj,dist_meta_50_40_10,all_terms,0.5,0.4,0.1,pos_len_60_40,position_length,0.6,0.4,0.0,2,7,140,"npos=7, noise=140",19,433,12.371428571428572,12.0,0.7523441586869937,0.7139272037962927
0.07237180008087307,19,1.0,0.6691176470588235,0.801762114537445,273,0,135,0.688095238095238,0.8285714285714285,1.0,1.0,12,7,0.7988626952355181,1.0595863971387722,19,0.631578947368421,0.733502538071066,1.0,1.3843786115716132,19,12,12,7,0,0,0,0.15964549159010252,0.16361769288778305,traj2traj,dist_meta_50_40_10,all_terms,0.5,0.4,0.1,pos_start_90_10,position_start,0.9,0.0,0.1,2,7,140,"npos=7, noise=140",19,433,12.371428571428572,12.0,0.6799345123960586,0.6651691601821477
0.059067599941045046,19,1.0,0.6691176470588235,0.801762114537445,273,0,135,0.688095238095238,0.8285714285714285,1.0,1.0,12,7,0.7988626952355181,1.0595863971387722,19,0.631578947368421,0.733502538071066,1.0,1.3843786115716132,19,12,12,7,0,0,0,0.15803790961702666,0.14959721267223358,traj2traj,dist_meta_50_40_10,all_terms,0.5,0.4,0.1,pos_start_75_25,position_start,0.75,0.0,0.25,2,7,140,"npos=7, noise=140",19,433,12.371428571428572,12.0,0.6799345123960586,0.6651691601821477
0.06789270008448511,19,1.0,0.6691176470588235,0.801762114537445,273,0,135,0.688095238095238,0.8285714285714285,1.0,1.0,12,7,0.7988626952355181,1.0595863971387722,19,0.631578947368421,0.733502538071066,1.0,1.3843786115716132,19,12,12,7,0,0,0,0.1564303350945314,0.11967777088284492,traj2traj,dist_meta_50_40_10,all_terms,0.5,0.4,0.1,pos_start_60_40,position_start,0.6,0.0,0.4,2,7,140,"npos=7, noise=140",19,433,12.371428571428572,12.0,0.6799345123960586,0.6651691601821477
0.059984899940900505,19,1.0,0.6985294117647058,0.8225108225108225,285,0,123,0.719047619047619,0.8285714285714285,1.0,1.0,12,7,0.8105985818904793,1.1040079173531046,19,0.631578947368421,0.766497461928934,1.0,1.3843786115716132,19,12,12,7,0,0,0,0.24933500898381075,0.2115490734577179,traj2traj,dist_meta_50_40_10,all_terms,0.5,0.4,0.1,pos_meta_80_10_10,all_terms,0.8,0.1,0.1,2,7,140,"npos=7, noise=140",19,433,12.371428571428572,12.0,0.7029521906245667,0.6806628708365283
0.06310710008256137,19,1.0,0.7303921568627451,0.8441926345609064,298,0,110,0.75,0.8285714285714285,1.0,1.0,12,7,0.8174102906526892,1.1130147916290638,19,0.631578947368421,0.799492385786802,1.0,1.3843786115716132,19,12,12,7,0,0,0,0.32730067272981006,0.25948042422533035,traj2traj,dist_meta_50_40_10,all_terms,0.5,0.4,0.1,pos_meta_70_20_10,all_terms,0.7,0.2,0.1,2,7,140,"npos=7, noise=140",19,433,12.371428571428572,12.0,0.726454886558526,0.6963432023062501
0.08249269996304065,19,1.0,0.6985294117647058,0.8225108225108225,285,0,123,0.719047619047619,0.8285714285714285,1.0,1.0,12,7,0.8105985818904793,1.1040079173531046,19,0.631578947368421,0.766497461928934,1.0,1.3843786115716132,19,12,12,7,0,0,0,0.3370012544716398,0.2524117939174175,traj2traj,dist_meta_50_40_10,all_terms,0.5,0.4,0.1,pos_meta_60_20_20,all_terms,0.6,0.2,0.2,2,7,140,"npos=7, noise=140",19,433,12.371428571428572,12.0,0.7029521906245667,0.6806628708365283
0.06569459999445826,19,1.0,0.6985294117647058,0.8225108225108225,285,0,123,0.719047619047619,0.8285714285714285,1.0,1.0,12,7,0.8105985818904793,1.1040079173531046,19,0.631578947368421,0.766497461928934,1.0,1.3843786115716132,19,12,12,7,0,0,0,0.4538895886701842,0.306895449757576,traj2traj,dist_meta_50_40_10,all_terms,0.5,0.4,0.1,equal_all,all_terms,0.3333333333333333,0.3333333333333333,0.3333333333333333,2,7,140,"npos=7, noise=140",19,433,12.371428571428572,12.0,0.7029521906245667,0.6806628708365283
0.05535920010879636,20,1.0,0.6200980392156863,0.7655068078668684,253,0,155,0.6571428571428571,0.6857142857142857,1.0,1.0,12,8,0.8271276371970075,1.1584200754575014,19,0.631578947368421,0.7645429362880887,0.9634615384615385,1.4406911814433236,20,12,12,8,0,0,0,0.15970199865599474,0.15919988602399826,traj2traj,dist_meta_50_40_10,all_terms,0.5,0.4,0.1,position_only,ablation,1.0,0.0,0.0,3,7,140,"npos=7, noise=140",20,430,12.285714285714286,12.0,0.658618830022873,0.66258296030705
0.006136799929663539,20,1.0,0.6911764705882353,0.817391304347826,282,0,126,0.7285714285714285,0.7142857142857143,1.0,1.0,12,8,44.98259401383248,41.950011221925315,19,0.10526315789473684,0.11357340720221606,0.9634615384615385,1.4406911814433236,20,12,12,8,0,0,0,0.949999988079071,1.0000000298023224,traj2traj,dist_meta_50_40_10,all_terms,0.5,0.4,0.1,length_only,ablation,0.0,1.0,0.0,3,7,140,"npos=7, noise=140",20,430,12.285714285714286,12.0,0.5778745203971025,0.3068340186851568
0.010446300031617284,20,1.0,0.625,0.7692307692307693,255,0,153,0.6619047619047619,0.7142857142857143,1.0,1.0,12,8,44.8432363449669,43.60239516401507,19,0.05263157894736842,0.06371191135734072,0.9634615384615385,1.4406911814433236,20,12,12,8,0,0,0,0.0,0.0,traj2traj,dist_meta_50_40_10,all_terms,0.5,0.4,0.1,start_only,ablation,0.0,0.0,1.0,3,7,140,"npos=7, noise=140",20,430,12.285714285714286,12.0,0.5296483617951763,0.2570172394549126
0.07866190001368523,20,1.0,0.6666666666666666,0.8,272,0,136,0.7071428571428572,0.7142857142857143,1.0,1.0,12,8,0.8661568351864372,1.267672514140281,19,0.631578947368421,0.8227146814404432,0.9634615384615385,1.4406911814433236,20,12,12,8,0,0,0,0.25908216771980125,0.2817164659500122,traj2traj,dist_meta_50_40_10,all_terms,0.5,0.4,0.1,pos_len_90_10,position_length,0.9,0.1,0.0,3,7,140,"npos=7, noise=140",20,430,12.285714285714286,12.0,0.6969448283698317,0.689024535021765
0.0656406000489369,20,1.0,0.6666666666666666,0.8,272,0,136,0.7071428571428572,0.7142857142857143,1.0,1.0,12,8,0.8661568351864372,1.267672514140281,19,0.631578947368421,0.8227146814404432,0.9634615384615385,1.4406911814433236,20,12,12,8,0,0,0,0.38673514872789383,0.4180970788002014,traj2traj,dist_meta_50_40_10,all_terms,0.5,0.4,0.1,pos_len_75_25,position_length,0.75,0.25,0.0,3,7,140,"npos=7, noise=140",20,430,12.285714285714286,12.0,0.6969448283698317,0.689024535021765
0.0671472999965772,20,1.0,0.6666666666666666,0.8,272,0,136,0.7071428571428572,0.7142857142857143,1.0,1.0,12,8,0.8661568351864372,1.267672514140281,19,0.631578947368421,0.8227146814404432,0.9634615384615385,1.4406911814433236,20,12,12,8,0,0,0,0.5143881235271692,0.5496624410152435,traj2traj,dist_meta_50_40_10,all_terms,0.5,0.4,0.1,pos_len_60_40,position_length,0.6,0.4,0.0,3,7,140,"npos=7, noise=140",20,430,12.285714285714286,12.0,0.6969448283698317,0.689024535021765
0.06365250004455447,20,1.0,0.625,0.7692307692307693,255,0,153,0.6619047619047619,0.7142857142857143,1.0,1.0,12,8,0.8635132982345656,1.2331874674276044,19,0.631578947368421,0.7700831024930748,0.9634615384615385,1.4406911814433236,20,12,12,8,0,0,0,0.15330830278495947,0.1506505161523819,traj2traj,dist_meta_50_40_10,all_terms,0.5,0.4,0.1,pos_start_90_10,position_start,0.9,0.0,0.1,3,7,140,"npos=7, noise=140",20,430,12.285714285714286,12.0,0.6623658655971567,0.6651889846072672
0.066521400003694,20,1.0,0.625,0.7692307692307693,255,0,153,0.6619047619047619,0.7142857142857143,1.0,1.0,12,8,0.8635132982345656,1.2331874674276044,19,0.631578947368421,0.7700831024930748,0.9634615384615385,1.4406911814433236,20,12,12,8,0,0,0,0.1277569221953551,0.12554209679365158,traj2traj,dist_meta_50_40_10,all_terms,0.5,0.4,0.1,pos_start_75_25,position_start,0.75,0.0,0.25,3,7,140,"npos=7, noise=140",20,430,12.285714285714286,12.0,0.6623658655971567,0.6651889846072672
0.07032569998409599,20,1.0,0.625,0.7692307692307693,255,0,153,0.6619047619047619,0.7142857142857143,1.0,1.0,12,8,0.8635132982345656,1.2331874674276044,19,0.631578947368421,0.7700831024930748,0.9634615384615385,1.4406911814433236,20,12,12,8,0,0,0,0.10220554284751415,0.10043368488550186,traj2traj,dist_meta_50_40_10,all_terms,0.5,0.4,0.1,pos_start_60_40,position_start,0.6,0.0,0.4,3,7,140,"npos=7, noise=140",20,430,12.285714285714286,12.0,0.6623658655971567,0.6651889846072672
0.07393680000677705,20,1.0,0.625,0.7692307692307693,255,0,153,0.6619047619047619,0.7142857142857143,1.0,1.0,12,8,0.8635132982345656,1.2331874674276044,19,0.631578947368421,0.7700831024930748,0.9634615384615385,1.4406911814433236,20,12,12,8,0,0,0,0.2546073831617832,0.2995499223470688,traj2traj,dist_meta_50_40_10,all_terms,0.5,0.4,0.1,pos_meta_80_10_10,all_terms,0.8,0.1,0.1,3,7,140,"npos=7, noise=140",20,430,12.285714285714286,12.0,0.6623658655971567,0.6651889846072672
0.059218900045379996,20,1.0,0.625,0.7692307692307693,255,0,153,0.6619047619047619,0.7142857142857143,1.0,1.0,12,8,0.8635132982345656,1.2331874674276044,19,0.631578947368421,0.7700831024930748,0.9634615384615385,1.4406911814433236,20,12,12,8,0,0,0,0.35590645267317694,0.3746061772108078,traj2traj,dist_meta_50_40_10,all_terms,0.5,0.4,0.1,pos_meta_70_20_10,all_terms,0.7,0.2,0.1,3,7,140,"npos=7, noise=140",20,430,12.285714285714286,12.0,0.6623658655971567,0.6651889846072672
0.06272080005146563,20,1.0,0.625,0.7692307692307693,255,0,153,0.6619047619047619,0.7142857142857143,1.0,1.0,12,8,0.8635132982345656,1.2331874674276044,19,0.631578947368421,0.7700831024930748,0.9634615384615385,1.4406911814433236,20,12,12,8,0,0,0,0.33887220236162346,0.3496624380350113,traj2traj,dist_meta_50_40_10,all_terms,0.5,0.4,0.1,pos_meta_60_20_20,all_terms,0.6,0.2,0.2,3,7,140,"npos=7, noise=140",20,430,12.285714285714286,12.0,0.6623658655971567,0.6651889846072672
0.07422660000156611,20,1.0,0.625,0.7692307692307693,255,0,153,0.6619047619047619,0.7142857142857143,1.0,1.0,12,8,0.8635132982345656,1.2331874674276044,19,0.631578947368421,0.7700831024930748,0.9634615384615385,1.4406911814433236,20,12,12,8,0,0,0,0.45122530528654653,0.416479155421257,traj2traj,dist_meta_50_40_10,all_terms,0.5,0.4,0.1,equal_all,all_terms,0.3333333333333333,0.3333333333333333,0.3333333333333333,3,7,140,"npos=7, noise=140",20,430,12.285714285714286,12.0,0.6623658655971567,0.6651889846072672
