runtime_s,n_tracks,link_precision,link_recall,link_f1,link_tp,link_fp,link_fn,mean_coverage,median_coverage,mean_fragments_per_gt,max_fragments_per_gt,assigned_tracks,unassigned_tracks,median_position_error_px,mean_position_error_px,labelable_tracks,assignment_accuracy,assignment_weighted_accuracy,truth_label_purity,truth_label_median_error_px,n_assignment_rows,n_assignment_cols,n_assigned_pairs,n_unassigned_rows,duplicate_gt_assignments,high_cost_assignments,invalid_cost_assignments,assignment_mean_cost,assignment_median_cost,stage,peak_config,peak_family,peak_distance_weight,peak_intensity_weight,peak_sigma_weight,traj_config,seed,nposframe,poisson_noise,difficulty,total_peaks,mean_peaks_per_frame,median_peaks_per_frame,peak_objective,traj_objective
0.22852870007045567,33,1.0,0.25,0.4,102,0,306,0.30714285714285716,0.32857142857142857,1.0,1.0,12,21,0.941769330971132,1.3391958169997522,31,0.3870967741935484,0.356353591160221,0.9498273706969358,1.2797461254943747,33,12,12,21,0,0,0,0.17458515676359335,0.16759663075208664,peak2peak,distance_only,ablation,1.0,0.0,0.0,position_only,0,3,80,"npos=3, noise=80",485,13.857142857142858,13.0,0.32670711796860574,0.3546413931817603
0.23931819992139935,32,1.0,0.34558823529411764,0.5136612021857923,141,0,267,0.4309523809523809,0.41428571428571426,1.0,1.0,12,20,1.0594220199969908,1.5058621829956937,27,0.4444444444444444,0.5339233038348082,0.8732978826728828,1.2646951371079793,32,12,12,20,0,0,0,0.18391102676590285,0.18683987110853195,peak2peak,intensity_only,ablation,0.0,1.0,0.0,position_only,0,3,80,"npos=3, noise=80",485,13.857142857142858,13.0,0.4406843593312239,0.45708608226887637
0.24764169997069985,25,1.0,0.4387254901960784,0.6098807495741057,179,0,229,0.5214285714285714,0.48571428571428565,1.0,1.0,12,13,1.1542181737721091,1.7834623477009737,22,0.5454545454545454,0.6329479768786127,0.8887691570881227,1.2671368611402605,25,12,12,13,0,0,0,0.23145432583987713,0.21894307434558868,peak2peak,sigma_only,ablation,0.0,0.0,1.0,position_only,0,3,80,"npos=3, noise=80",485,13.857142857142858,13.0,0.5259113960243422,0.5505378194591496
0.2698167000198737,33,1.0,0.3088235294117647,0.4719101123595506,126,0,282,0.36904761904761907,0.32857142857142857,1.0,1.0,12,21,0.9063249207756491,1.4418756217666184,33,0.36363636363636365,0.38847117794486213,0.9705063623245441,1.2906190924958858,33,12,12,21,0,0,0,0.17908572467664877,0.1721346750855446,peak2peak,dist_int_90_10,distance_intensity,0.9,0.1,0.0,position_only,0,3,80,"npos=3, noise=80",485,13.857142857142858,13.0,0.3830889191805007,0.373859124317433
0.2558221999788657,34,1.0,0.34068627450980393,0.5082266910420475,139,0,269,0.4047619047619047,0.34285714285714286,1.0,1.0,12,22,0.9585385146056631,1.3098703514625551,33,0.36363636363636365,0.4370179948586118,0.9490068754774638,1.2851826089951301,34,12,12,22,0,0,0,0.1719865364332994,0.16799168288707733,peak2peak,dist_int_75_25,distance_intensity,0.75,0.25,0.0,position_only,0,3,80,"npos=3, noise=80",485,13.857142857142858,13.0,0.41726200151052045,0.3968305728537984
0.2583796998951584,33,1.0,0.3946078431372549,0.5659050966608085,161,0,247,0.45714285714285713,0.32857142857142857,1.0,1.0,12,21,0.991957653854612,1.2918242130903925,32,0.375,0.5065963060686016,0.9449419267601086,1.2797461254943747,33,12,12,21,0,0,0,0.17058130415777364,0.16368475556373596,peak2peak,dist_int_60_40,distance_intensity,0.6,0.4,0.0,position_only,0,3,80,"npos=3, noise=80",485,13.857142857142858,13.0,0.46950786732445393,0.4355443815635978
0.24784349999390543,31,1.0,0.3700980392156863,0.5402504472271914,151,0,257,0.4238095238095238,0.35714285714285715,1.0,1.0,12,19,0.9160135604446007,1.2778355071676915,30,0.4,0.4623376623376623,0.9550858818600754,1.2925099756721352,31,12,12,19,0,0,0,0.1772282011806965,0.17527349293231964,peak2peak,dist_sig_90_10,distance_sigma,0.9,0.0,0.1,position_only,0,3,80,"npos=3, noise=80",485,13.857142857142858,13.0,0.44199320306495876,0.42601545741080626
0.23071020003408194,26,1.0,0.5,0.6666666666666666,204,0,204,0.5595238095238094,0.42857142857142855,1.0,1.0,12,14,1.0108067856285168,1.340117934738721,26,0.46153846153846156,0.6200527704485488,0.9811822792592024,1.297177631174978,26,12,12,14,0,0,0,0.1784553825855255,0.1689292937517166,peak2peak,dist_sig_75_25,distance_sigma,0.75,0.0,0.25,position_only,0,3,80,"npos=3, noise=80",485,13.857142857142858,13.0,0.562431675835461,0.5289142915132361
0.2634625000646338,27,1.0,0.46568627450980393,0.6354515050167223,190,0,218,0.5357142857142857,0.45714285714285713,1.0,1.0,12,15,1.014842610953368,1.422278360528934,27,0.4444444444444444,0.5936675461741425,0.9746808108877074,1.273777805586648,27,12,12,15,0,0,0,0.1833967094620069,0.18098504841327667,peak2peak,dist_sig_60_40,distance_sigma,0.6,0.0,0.4,position_only,0,3,80,"npos=3, noise=80",485,13.857142857142858,13.0,0.5368987960719789,0.5068563938960865
0.29525299998931587,33,1.0,0.31862745098039214,0.483271375464684,130,0,278,0.37142857142857144,0.35714285714285715,1.0,1.0,12,21,0.9480176273447325,1.3534689111229328,32,0.375,0.41160949868073876,0.9527154663518299,1.29333520504803,33,12,12,21,0,0,0,0.1785895023494959,0.17478063702583313,peak2peak,dist_meta_80_10_10,all_terms,0.8,0.1,0.1,position_only,0,3,80,"npos=3, noise=80",485,13.857142857142858,13.0,0.39267918928905293,0.38669950690597865
0.2826200999552384,33,1.0,0.32598039215686275,0.49168207024029575,133,0,275,0.3880952380952381,0.34285714285714286,1.0,1.0,12,21,0.9782144112047062,1.3642693196451745,32,0.375,0.42894736842105263,0.9363013249376886,1.2971126257798802,33,12,12,21,0,0,0,0.18345431176324686,0.191786527633667,peak2peak,dist_meta_70_20_10,all_terms,0.7,0.2,0.1,position_only,0,3,80,"npos=3, noise=80",485,13.857142857142858,13.0,0.40353864586509763,0.39438277996284615
0.2769024999579415,31,1.0,0.37745098039215685,0.5480427046263345,154,0,254,0.44523809523809527,0.37142857142857144,1.0,1.0,12,19,1.027017025666617,1.3985242106059956,28,0.42857142857142855,0.5297450424929179,0.9208891914537075,1.286128050583255,31,12,12,19,0,0,0,0.19040771263341108,0.19595306366682053,peak2peak,dist_meta_50_40_10,all_terms,0.5,0.4,0.1,position_only,0,3,80,"npos=3, noise=80",485,13.857142857142858,13.0,0.4609413186503789,0.45799718250087734
0.2614495001034811,29,1.0,0.34558823529411764,0.5136612021857923,141,0,267,0.4071428571428571,0.34285714285714286,1.0,1.0,12,17,1.0111774673489444,1.3503826532802796,27,0.4444444444444444,0.48169014084507045,0.9459799970144798,1.3018452866778212,29,12,12,17,0,0,0,0.18570464849472046,0.1910807192325592,peak2peak,equal_all,all_terms,0.3333333333333333,0.3333333333333333,0.3333333333333333,position_only,0,3,80,"npos=3, noise=80",485,13.857142857142858,13.0,0.4270779210028124,0.4416468391404895
0.1947734000859782,33,1.0,0.3946078431372549,0.5659050966608085,161,0,247,0.4428571428571429,0.37142857142857144,1.0,1.0,12,21,0.897926016617101,1.191069890078436,33,0.36363636363636365,0.4696969696969697,0.9788973478628652,1.2609656300746657,33,12,12,21,0,0,0,0.15743453552325568,0.1689128503203392,peak2peak,distance_only,ablation,1.0,0.0,0.0,position_only,1,3,80,"npos=3, noise=80",456,13.028571428571428,13.0,0.46075415693692123,0.42034552149666393
0.17079550004564226,23,1.0,0.42401960784313725,0.59552495697074,173,0,235,0.5023809523809525,0.4,1.0,1.0,12,11,1.1180858918092809,2.3646100672757253,19,0.5789473684210527,0.6151202749140894,0.8643633833663238,1.070102525967727,23,12,12,11,0,0,0,0.23584060867627463,0.17122239619493484,peak2peak,intensity_only,ablation,0.0,1.0,0.0,position_only,1,3,80,"npos=3, noise=80",456,13.028571428571428,13.0,0.5114329357234367,0.5547021027291867
0.18147840001620352,25,1.0,0.3480392156862745,0.5163636363636364,142,0,266,0.4047619047619047,0.38571428571428573,1.0,1.0,12,13,0.9826703705366147,1.545169595332574,24,0.5,0.4644808743169399,0.8949726819507947,1.1514947796509205,25,12,12,13,0,0,0,0.19597194405893484,0.17789873480796814,peak2peak,sigma_only,ablation,0.0,0.0,1.0,position_only,1,3,80,"npos=3, noise=80",456,13.028571428571428,13.0,0.42535941163032304,0.45986913632815274
0.20801109995227307,32,1.0,0.38480392156862747,0.5557522123893806,157,0,251,0.4190476190476191,0.35714285714285715,1.0,1.0,12,20,0.897926016617101,1.1479243994845432,32,0.375,0.4444444444444444,0.9799661096805493,1.2483312132981423,32,12,12,20,0,0,0,0.15685744024813175,0.16839122027158737,peak2peak,dist_int_90_10,distance_intensity,0.9,0.1,0.0,position_only,1,3,80,"npos=3, noise=80",456,13.028571428571428,13.0,0.44593745506094756,0.41416631549374916
0.213753700023517,32,1.0,0.3700980392156863,0.5402504472271914,151,0,257,0.41190476190476194,0.37142857142857144,1.0,1.0,12,20,0.8650718290450359,1.1081889219867929,32,0.375,0.4282178217821782,0.9768293931945248,1.3198671967855786,32,12,12,20,0,0,0,0.15696771380801997,0.1681978851556778,peak2peak,dist_int_75_25,distance_intensity,0.75,0.25,0.0,position_only,1,3,80,"npos=3, noise=80",456,13.028571428571428,13.0,0.43409006799819405,0.4062950210814591
0.19428639998659492,30,1.0,0.3333333333333333,0.5,136,0,272,0.3785714285714286,0.32857142857142857,1.0,1.0,12,18,0.8490574275548183,1.0916404120914511,30,0.4,0.3916256157635468,0.9527904319622585,1.2043514319633033,30,12,12,18,0,0,0,0.14925986155867577,0.1529279127717018,peak2peak,dist_int_60_40,distance_intensity,0.6,0.4,0.0,position_only,1,3,80,"npos=3, noise=80",456,13.028571428571428,13.0,0.4002027341540586,0.39576354679802955
0.18904849991668016,28,1.0,0.5024509803921569,0.6688417618270799,205,0,203,0.5452380952380952,0.4857142857142857,1.0,1.0,12,16,0.9771005560314143,1.2160346497695023,28,0.42857142857142855,0.5871794871794872,0.9751115101212899,1.1162808780892886,28,12,12,16,0,0,0,0.15692716588576636,0.1689128503203392,peak2peak,dist_sig_90_10,distance_sigma,0.9,0.0,0.1,position_only,1,3,80,"npos=3, noise=80",456,13.028571428571428,13.0,0.555143200714869,0.5065156051126687
0.17058349994476885,26,1.0,0.40441176470588236,0.5759162303664922,165,0,243,0.44285714285714284,0.37142857142857144,1.0,1.0,12,14,1.0299978292916872,1.2671476606837324,25,0.48,0.49732620320855614,0.9545281463550696,1.0977743974237715,26,12,12,14,0,0,0,0.15894062941273054,0.1597541868686676,peak2peak,dist_sig_75_25,distance_sigma,0.75,0.0,0.25,position_only,1,3,80,"npos=3, noise=80",456,13.028571428571428,13.0,0.4694088395189714,0.47580051116115174
0.17398940003477037,26,1.0,0.4019607843137255,0.5734265734265734,164,0,244,0.4380952380952381,0.37142857142857144,1.0,1.0,12,14,0.991890172171964,1.3554203025137175,26,0.46153846153846156,0.47058823529411764,0.9322108958752741,1.1372561907239787,26,12,12,14,0,0,0,0.1643496248871088,0.16529763489961624,peak2peak,dist_sig_60_40,distance_sigma,0.6,0.0,0.4,position_only,1,3,80,"npos=3, noise=80",456,13.028571428571428,13.0,0.463105743385569,0.46075728193375254
0.213274999987334,28,1.0,0.5024509803921569,0.6688417618270799,205,0,203,0.5452380952380952,0.4857142857142857,1.0,1.0,12,16,0.9695911920689028,1.2217765436425865,28,0.42857142857142855,0.5841836734693877,0.9751115101212899,1.1991134759639945,28,12,12,16,0,0,0,0.15813569103678068,0.16977181285619736,peak2peak,dist_meta_80_10_10,all_terms,0.8,0.1,0.1,position_only,1,3,80,"npos=3, noise=80",456,13.028571428571428,13.0,0.5547219887732135,0.5057666516851439
0.20508629991672933,28,1.0,0.4730392156862745,0.6422628951747088,193,0,215,0.5190476190476191,0.41428571428571426,1.0,1.0,12,16,0.9561653405223156,1.220415914540431,28,0.42857142857142855,0.5518987341772152,0.9609452114179006,1.0379571031505432,28,12,12,16,0,0,0,0.15937549248337746,0.16301940381526947,peak2peak,dist_meta_70_20_10,all_terms,0.7,0.2,0.1,position_only,1,3,80,"npos=3, noise=80",456,13.028571428571428,13.0,0.5300925424488828,0.4897605959125789
0.21393009996972978,25,1.0,0.5098039215686274,0.6753246753246753,208,0,200,0.5571428571428572,0.5857142857142856,1.0,1.0,12,13,0.920908743064585,1.2002570786596674,24,0.5,0.6341463414634146,0.942160174191134,1.235696796521619,25,12,12,13,0,0,0,0.161396699026227,0.17062755674123764,peak2peak,dist_meta_50_40_10,all_terms,0.5,0.4,0.1,position_only,1,3,80,"npos=3, noise=80",456,13.028571428571428,13.0,0.568616595381072,0.5493158061450745
0.22509140009060502,26,1.0,0.39215686274509803,0.5633802816901409,160,0,248,0.44285714285714284,0.32857142857142857,1.0,1.0,12,14,1.0343269859008293,1.4685981151717076,26,0.46153846153846156,0.4732824427480916,0.9385419656971383,1.1385130252869855,26,12,12,14,0,0,0,0.17033951729536057,0.16429875791072845,peak2peak,equal_all,all_terms,0.3333333333333333,0.3333333333333333,0.3333333333333333,position_only,1,3,80,"npos=3, noise=80",456,13.028571428571428,13.0,0.4595180667744418,0.45989776592615006
0.18118780001532286,33,1.0,0.2647058823529412,0.4186046511627907,108,0,300,0.3214285714285714,0.3,1.0,1.0,12,21,0.9908357443723493,1.194126797658997,32,0.375,0.36486486486486486,0.9729004329004329,1.17837503239892,33,12,12,21,0,0,0,0.15308864042162895,0.13438468426465988,peak2peak,distance_only,ablation,1.0,0.0,0.0,position_only,2,3,80,"npos=3, noise=80",437,12.485714285714286,12.0,0.3406735641268716,0.35708000359163156
0.19533199991565198,27,1.0,0.39215686274509803,0.5633802816901409,160,0,248,0.47380952380952385,0.44285714285714284,1.0,1.0,12,15,1.0783888769197312,1.6602568123560832,25,0.48,0.5751445086705202,0.8611190633242289,1.2309433899634716,27,12,12,15,0,0,0,0.21030610551436743,0.20932292193174362,peak2peak,intensity_only,ablation,0.0,1.0,0.0,position_only,2,3,80,"npos=3, noise=80",437,12.485714285714286,12.0,0.48237023980958044,0.49584313588661066
0.17638259998057038,22,1.0,0.4803921568627451,0.6490066225165563,196,0,212,0.5500000000000002,0.45714285714285713,1.0,1.0,12,10,1.0926460288902127,1.7681806450520532,20,0.6,0.6978851963746223,0.8936361883730304,1.1782867851794028,22,12,12,10,0,0,0,0.21418837209542593,0.2141735479235649,peak2peak,sigma_only,ablation,0.0,0.0,1.0,position_only,2,3,80,"npos=3, noise=80",437,12.485714285714286,12.0,0.5625886681061332,0.5992726235969669
0.20162539999000728,29,1.0,0.3161764705882353,0.48044692737430167,129,0,279,0.369047619047619,0.34285714285714286,1.0,1.0,12,17,0.9877307539935247,1.196253961159361,28,0.42857142857142855,0.4329608938547486,0.9704844006568144,1.168788032739366,29,12,12,17,0,0,0,0.15556795336306095,0.13438468426465988,peak2peak,dist_int_90_10,distance_intensity,0.9,0.1,0.0,position_only,2,3,80,"npos=3, noise=80",437,12.485714285714286,12.0,0.3937255121997921,0.41266294227188083
0.19497680000495166,27,1.0,0.3872549019607843,0.5583038869257951,158,0,250,0.43333333333333335,0.3857142857142857,1.0,1.0,12,15,0.9892832491829371,1.2018782381728135,26,0.46153846153846156,0.5083798882681564,0.9728564645231311,1.0974761158677373,27,12,12,15,0,0,0,0.15229420053462187,0.13124506920576096,peak2peak,dist_int_75_25,distance_intensity,0.75,0.25,0.0,position_only,2,3,80,"npos=3, noise=80",437,12.485714285714286,12.0,0.46003244785201836,0.4667044674009161
0.19494850002229214,27,1.0,0.40931372549019607,0.5808695652173913,167,0,241,0.4619047619047619,0.38571428571428573,1.0,1.0,12,15,0.9759397362348987,1.2041831589420573,27,0.4444444444444444,0.5286103542234333,0.9657225853304284,1.2866930997935464,27,12,12,15,0,0,0,0.15585680305957794,0.14151214808225632,peak2peak,dist_int_60_40,distance_intensity,0.6,0.4,0.0,position_only,2,3,80,"npos=3, noise=80",437,12.485714285714286,12.0,0.48154275220752024,0.47229475556759054
0.2002254999242723,29,1.0,0.39215686274509803,0.5633802816901409,160,0,248,0.4380952380952381,0.3857142857142857,1.0,1.0,12,17,0.9576555760816385,1.1291604399891622,29,0.41379310344827586,0.4972972972972973,0.9571801761456934,1.17837503239892,29,12,12,17,0,0,0,0.15217537246644497,0.13602709770202637,peak2peak,dist_sig_90_10,distance_sigma,0.9,0.0,0.1,position_only,2,3,80,"npos=3, noise=80",437,12.485714285714286,12.0,0.46221733655316843,0.44632714585118666
0.20588840008713305,28,1.0,0.43137254901960786,0.6027397260273972,176,0,232,0.4714285714285715,0.35714285714285715,1.0,1.0,12,16,0.9555651006994148,1.1318815379138298,28,0.42857142857142855,0.5395095367847411,0.9757884972170687,1.3227573386463083,28,12,12,16,0,0,0,0.152268897742033,0.13602709770202637,peak2peak,dist_sig_75_25,distance_sigma,0.75,0.0,0.25,position_only,2,3,80,"npos=3, noise=80",437,12.485714285714286,12.0,0.4965700672609299,0.4739967579730933
0.21054000000003725,25,1.0,0.4117647058823529,0.5833333333333334,168,0,240,0.46428571428571425,0.34285714285714286,1.0,1.0,12,13,0.9985281835553558,1.2592476112600135,25,0.48,0.5342465753424658,0.9755933952528381,1.2410924771425575,25,12,12,13,0,0,0,0.1663019439826409,0.14502015709877014,peak2peak,dist_sig_60_40,distance_sigma,0.6,0.0,0.4,position_only,2,3,80,"npos=3, noise=80",437,12.485714285714286,12.0,0.4841306008511325,0.4886568819308546
0.23040130001027137,28,1.0,0.3897058823529412,0.5608465608465609,159,0,249,0.43333333333333335,0.3857142857142857,1.0,1.0,12,16,0.9576555760816385,1.1532311580483894,28,0.42857142857142855,0.49056603773584906,0.9757884972170687,1.1735399205461605,28,12,12,16,0,0,0,0.15146188624203205,0.1355363354086876,peak2peak,dist_meta_80_10_10,all_terms,0.8,0.1,0.1,position_only,2,3,80,"npos=3, noise=80",437,12.485714285714286,12.0,0.458750311006685,0.44957272636517925
0.2255367999896407,27,1.0,0.40931372549019607,0.5808695652173913,167,0,241,0.4619047619047619,0.37142857142857144,1.0,1.0,12,15,0.9533781005320447,1.1585036790350072,27,0.4444444444444444,0.5388888888888889,0.9769459298871063,1.17837503239892,27,12,12,15,0,0,0,0.155239666501681,0.13896290212869644,peak2peak,dist_meta_70_20_10,all_terms,0.7,0.2,0.1,position_only,2,3,80,"npos=3, noise=80",437,12.485714285714286,12.0,0.48316913854122423,0.4748643892339544
0.21310470008756965,27,1.0,0.36519607843137253,0.5350089766606821,149,0,259,0.4214285714285715,0.35714285714285715,1.0,1.0,12,15,1.0034123983851082,1.222501581218535,27,0.4444444444444444,0.48626373626373626,0.9727331673410106,1.2866930997935464,27,12,12,15,0,0,0,0.16569661907851696,0.13896290212869644,peak2peak,dist_meta_50_40_10,all_terms,0.5,0.4,0.1,position_only,2,3,80,"npos=3, noise=80",437,12.485714285714286,12.0,0.44203839513310017,0.4484883643187054
0.231646400061436,23,1.0,0.38235294117647056,0.5531914893617021,156,0,252,0.4357142857142857,0.35714285714285715,1.0,1.0,12,11,1.0684605292797258,1.3828920667877078,23,0.5217391304347826,0.5111731843575419,0.9619900576027776,1.1974696312650317,23,12,12,11,0,0,0,0.17532053651909033,0.16552357375621796,peak2peak,equal_all,all_terms,0.3333333333333333,0.3333333333333333,0.3333333333333333,position_only,2,3,80,"npos=3, noise=80",437,12.485714285714286,12.0,0.4581935667782548,0.4906986747070676
0.2172848000191152,29,1.0,0.4950980392156863,0.6622950819672131,202,0,206,0.5357142857142857,0.44285714285714284,1.0,1.0,12,17,0.8173444438329878,1.1041354649223303,27,0.4444444444444444,0.6064690026954178,0.9523287057769817,1.2450677657208191,29,12,12,17,0,0,0,0.1390008544549346,0.14331403374671936,peak2peak,distance_only,ablation,1.0,0.0,0.0,position_only,3,3,80,"npos=3, noise=80",492,14.057142857142857,14.0,0.5529814211521169,0.5154254734165035
0.20291740004904568,23,1.0,0.571078431372549,0.7269890795631825,233,0,175,0.6452380952380953,0.7285714285714285,1.0,1.0,12,11,0.9614422716676077,1.701906144970171,21,0.5238095238095238,0.6128205128205129,0.8454303022119659,1.2532185634441992,23,12,12,11,0,0,0,0.22569803955654302,0.1957220360636711,peak2peak,intensity_only,ablation,0.0,1.0,0.0,position_only,3,3,80,"npos=3, noise=80",492,14.057142857142857,14.0,0.6131217319954384,0.5726505631653839
0.23137539997696877,31,1.0,0.4215686274509804,0.593103448275862,172,0,236,0.4785714285714285,0.3,1.0,1.0,12,19,0.7795847463531927,1.130483568500023,29,0.41379310344827586,0.48668280871670705,0.8831927296822933,1.2455343318710668,31,12,12,19,0,0,0,0.16972681072851023,0.16518789529800415,peak2peak,sigma_only,ablation,0.0,0.0,1.0,position_only,3,3,80,"npos=3, noise=80",492,14.057142857142857,14.0,0.48627355978946973,0.4536657760708024
0.24787600000854582,32,1.0,0.4681372549019608,0.6377295492487479,191,0,217,0.5,0.32857142857142857,1.0,1.0,12,20,0.7671610567320954,1.0633609201265541,32,0.375,0.481651376146789,0.9797908399470899,1.2285139891042394,32,12,12,20,0,0,0,0.13482806365936995,0.14331403374671936,peak2peak,dist_int_90_10,distance_intensity,0.9,0.1,0.0,position_only,3,3,80,"npos=3, noise=80",492,14.057142857142857,14.0,0.5132356270836469,0.44795875388644685
0.25200720003340393,33,1.0,0.4166666666666667,0.5882352941176471,170,0,238,0.44761904761904764,0.3,1.0,1.0,12,21,0.7499311736727949,1.008434079110263,33,0.36363636363636365,0.42437923250564336,0.9616010532677199,1.2119602124876596,33,12,12,21,0,0,0,0.1347518696760138,0.14331403374671936,peak2peak,dist_int_75_25,distance_intensity,0.75,0.25,0.0,position_only,3,3,80,"npos=3, noise=80",492,14.057142857142857,14.0,0.466867051938159,0.41395831716639053
0.22760119999293238,30,1.0,0.49264705882352944,0.6600985221674877,201,0,207,0.5357142857142857,0.4714285714285714,1.0,1.0,12,18,0.7657836048438063,1.0907910850678117,30,0.4,0.5056179775280899,0.9583613916947251,1.1969924642778782,30,12,12,18,0,0,0,0.14290426205843687,0.16060347110033035,peak2peak,dist_int_60_40,distance_intensity,0.6,0.4,0.0,position_only,3,3,80,"npos=3, noise=80",492,14.057142857142857,14.0,0.5369488406233645,0.47199562738694867
0.23484469996765256,29,1.0,0.4632352941176471,0.6331658291457286,189,0,219,0.4976190476190476,0.37142857142857144,1.0,1.0,12,17,0.7168709458923145,0.8897881420723359,29,0.41379310344827586,0.48267898383371827,0.9705747126436782,1.2847481160647871,29,12,12,17,0,0,0,0.1255835648626089,0.13232651352882385,peak2peak,dist_sig_90_10,distance_sigma,0.9,0.0,0.1,position_only,3,3,80,"npos=3, noise=80",492,14.057142857142857,14.0,0.5107012580055879,0.46258205792879037
0.23501780000515282,29,1.0,0.4215686274509804,0.593103448275862,172,0,236,0.45714285714285713,0.35714285714285715,1.0,1.0,12,17,0.7171202667411836,0.9485127481990695,28,0.42857142857142855,0.46943765281173594,0.9612400530503978,1.2591960899420562,29,12,12,17,0,0,0,0.12941511099537215,0.1367642804980278,peak2peak,dist_sig_75_25,distance_sigma,0.75,0.0,0.25,position_only,3,3,80,"npos=3, noise=80",492,14.057142857142857,14.0,0.4785638853451262,0.4531229600009635
0.2206933000124991,28,1.0,0.5,0.6666666666666666,204,0,204,0.5380952380952381,0.4714285714285714,1.0,1.0,12,16,0.7393184962246463,0.9933723487863437,28,0.42857142857142855,0.5113122171945701,0.968411330049261,1.1851553257792826,28,12,12,16,0,0,0,0.12951827608048916,0.14013808965682983,peak2peak,dist_sig_60_40,distance_sigma,0.6,0.0,0.4,position_only,3,3,80,"npos=3, noise=80",492,14.057142857142857,14.0,0.5417815310754859,0.4863994828700711
0.2400266999611631,29,1.0,0.42401960784313725,0.59552495697074,173,0,235,0.4595238095238095,0.3142857142857143,1.0,1.0,12,17,0.7093709380758401,0.8610847649717068,28,0.42857142857142855,0.46172248803827753,0.9721551724137931,1.2119602124876596,29,12,12,17,0,0,0,0.12540635714928308,0.13232651352882385,peak2peak,dist_meta_80_10_10,all_terms,0.8,0.1,0.1,position_only,3,3,80,"npos=3, noise=80",492,14.057142857142857,14.0,0.4792416630542796,0.45191656578466977
0.25753820000682026,30,1.0,0.4264705882352941,0.5979381443298969,174,0,234,0.46428571428571425,0.3,1.0,1.0,12,18,0.7690041116707317,0.9949680821781933,30,0.4,0.44419134396355353,0.9725206482780115,1.1196510806200293,30,12,12,18,0,0,0,0.12827529354641834,0.12991832196712494,peak2peak,dist_meta_70_20_10,all_terms,0.7,0.2,0.1,position_only,3,3,80,"npos=3, noise=80",492,14.057142857142857,14.0,0.4787854369121448,0.4370640362854393
0.26580010005272925,30,1.0,0.375,0.5454545454545454,153,0,255,0.41904761904761906,0.2571428571428571,1.0,1.0,12,18,0.7705710470943008,1.208244514025139,30,0.4,0.4009111617312073,0.967593954248366,1.158887775762924,30,12,12,18,0,0,0,0.15591143475224575,0.1590813770890236,peak2peak,dist_meta_50_40_10,all_terms,0.5,0.4,0.1,position_only,3,3,80,"npos=3, noise=80",492,14.057142857142857,14.0,0.43473621032225496,0.4112234614284728
0.2562883000355214,27,1.0,0.4068627450980392,0.578397212543554,166,0,242,0.44523809523809527,0.32857142857142857,1.0,1.0,12,15,0.730816813158351,0.9818517165368597,26,0.46153846153846156,0.4572127139364303,0.9429889371015131,1.1595272168338817,27,12,12,15,0,0,0,0.13305260924001536,0.14738579094409943,peak2peak,equal_all,all_terms,0.3333333333333333,0.3333333333333333,0.3333333333333333,position_only,3,3,80,"npos=3, noise=80",492,14.057142857142857,14.0,0.4663494741224215,0.45912181513201256
0.2514954999787733,34,1.0,0.3799019607843137,0.5506216696269982,155,0,253,0.4142857142857142,0.2857142857142857,1.0,1.0,12,22,0.897811988020883,1.3341374922184395,31,0.3870967741935484,0.435,0.9152979373567609,1.093889979044649,34,12,12,22,0,0,0,0.1687230266009768,0.12977556884288788,peak2peak,distance_only,ablation,1.0,0.0,0.0,position_only,0,5,100,"npos=5, noise=100",458,13.085714285714285,13.0,0.4407654684298493,0.41514161503139047
0.25244129996281117,25,1.0,0.5196078431372549,0.6838709677419356,212,0,196,0.5880952380952381,0.5714285714285714,1.0,1.0,12,13,1.0609757233483499,1.9416057364240762,20,0.55,0.6638418079096046,0.8265944491648639,1.2464121911011719,25,12,12,13,0,0,0,0.24184074190755686,0.23855286091566086,peak2peak,intensity_only,ablation,0.0,1.0,0.0,position_only,0,5,100,"npos=5, noise=100",458,13.085714285714285,13.0,0.5845569056186616,0.5815441693353121
0.16818050004076213,24,1.0,0.49264705882352944,0.6600985221674877,201,0,207,0.5619047619047619,0.5428571428571428,1.0,1.0,12,12,1.0222077491859367,1.706131379557809,22,0.5454545454545454,0.592964824120603,0.8911579759538134,1.2006008559016208,24,12,12,12,0,0,0,0.20282353678097328,0.17649483680725098,peak2peak,sigma_only,ablation,0.0,0.0,1.0,position_only,0,5,100,"npos=5, noise=100",458,13.085714285714285,13.0,0.5556368961185775,0.5546332048359427
0.21267089992761612,30,1.0,0.39705882352941174,0.5684210526315789,162,0,246,0.4357142857142857,0.2857142857142857,1.0,1.0,12,18,0.805852347118825,1.1055370689988628,28,0.42857142857142855,0.452970297029703,0.9239664224664226,1.5030260275450642,30,12,12,18,0,0,0,0.1642472061018149,0.12977556884288788,peak2peak,dist_int_90_10,distance_intensity,0.9,0.1,0.0,position_only,0,5,100,"npos=5, noise=100",458,13.085714285714285,13.0,0.45806269599712074,0.44192678478374153
0.1884738999651745,25,1.0,0.6200980392156863,0.7655068078668684,253,0,155,0.6595238095238096,0.7571428571428571,1.0,1.0,12,13,0.8553469177920142,1.056655287068668,24,0.5,0.6994949494949495,0.9366411170528818,1.6061046341275786,25,12,12,13,0,0,0,0.16766699962317944,0.13315420597791672,peak2peak,dist_int_75_25,distance_intensity,0.75,0.25,0.0,position_only,0,5,100,"npos=5, noise=100",458,13.085714285714285,13.0,0.649351047796909,0.5939274798994921
0.18385439994744956,24,1.0,0.6102941176470589,0.7579908675799087,249,0,159,0.6547619047619048,0.7571428571428571,1.0,1.0,12,12,0.8652532901001473,1.102558995119362,23,0.5217391304347826,0.6756756756756757,0.9409932659932659,1.4980032212032666,24,12,12,12,0,0,0,0.16979439246157804,0.13484153896570206,peak2peak,dist_int_60_40,distance_intensity,0.6,0.4,0.0,position_only,0,5,100,"npos=5, noise=100",458,13.085714285714285,13.0,0.6407925614939063,0.5946889350850042
0.1917889000615105,33,1.0,0.28431372549019607,0.44274809160305345,116,0,292,0.33095238095238094,0.2857142857142857,1.0,1.0,12,21,0.980372556666497,1.3037220195051917,33,0.36363636363636365,0.3317422434367542,0.9432552414905355,1.1774408444833708,33,12,12,21,0,0,0,0.16002273776878914,0.12977556884288788,peak2peak,dist_sig_90_10,distance_sigma,0.9,0.0,0.1,position_only,0,5,100,"npos=5, noise=100",458,13.085714285714285,13.0,0.35019708046763576,0.3500349627295828
0.20907599991187453,33,1.0,0.3602941176470588,0.5297297297297298,147,0,261,0.40238095238095234,0.2857142857142857,1.0,1.0,12,21,0.9782883424929187,1.3253600446811942,32,0.375,0.39485981308411217,0.9527081252081252,1.332325908390695,33,12,12,21,0,0,0,0.15052082731078067,0.12977556884288788,peak2peak,dist_sig_75_25,distance_sigma,0.75,0.0,0.25,position_only,0,5,100,"npos=5, noise=100",458,13.085714285714285,13.0,0.42102049363837135,0.39489899445506926
0.19337709993124008,26,1.0,0.3872549019607843,0.5583038869257951,158,0,250,0.45,0.35714285714285715,1.0,1.0,12,14,0.9264483361239081,1.1681133330090836,25,0.48,0.4576271186440678,0.9409446322907862,1.1523191604399767,26,12,12,14,0,0,0,0.15207017740855613,0.1314549781382084,peak2peak,dist_sig_60_40,distance_sigma,0.6,0.0,0.4,position_only,0,5,100,"npos=5, noise=100",458,13.085714285714285,13.0,0.456821829999043,0.4630675570461759
0.21244200004730374,33,1.0,0.28431372549019607,0.44274809160305345,116,0,292,0.3261904761904762,0.2857142857142857,1.0,1.0,12,21,0.9799211569880163,1.2328275096667725,32,0.375,0.3407960199004975,0.955458152958153,1.1774408444833708,33,12,12,21,0,0,0,0.15847656844804683,0.12977556884288788,peak2peak,dist_meta_80_10_10,all_terms,0.8,0.1,0.1,position_only,0,5,100,"npos=5, noise=100",458,13.085714285714285,13.0,0.35036636349551536,0.3563676709147827
0.22141160001046956,27,1.0,0.5661764705882353,0.7230046948356808,231,0,177,0.611904761904762,0.6571428571428571,1.0,1.0,12,15,0.828065723278466,1.127432830911741,27,0.4444444444444444,0.6222760290556901,0.9467590131332821,1.2460023936582685,27,12,12,15,0,0,0,0.15698909076551595,0.13295695930719376,peak2peak,dist_meta_70_20_10,all_terms,0.7,0.2,0.1,position_only,0,5,100,"npos=5, noise=100",458,13.085714285714285,13.0,0.6047146957900901,0.5391382001993127
0.21738980000372976,26,1.0,0.5759803921568627,0.7309486780715396,235,0,173,0.6357142857142857,0.6285714285714286,1.0,1.0,12,14,0.8226312959776887,1.080790187834929,26,0.46153846153846156,0.6433734939759036,0.9511657202446676,1.4002360693461409,26,12,12,14,0,0,0,0.14847821556031704,0.1295788288116455,peak2peak,dist_meta_50_40_10,all_terms,0.5,0.4,0.1,position_only,0,5,100,"npos=5, noise=100",458,13.085714285714285,13.0,0.6178240672008105,0.5552199222950971
0.26554829999804497,28,1.0,0.3897058823529412,0.5608465608465609,159,0,249,0.44285714285714284,0.35714285714285715,1.0,1.0,12,16,0.87183536390594,1.178578612391476,27,0.4444444444444444,0.4547677261613692,0.941832869511441,1.183024212997565,28,12,12,16,0,0,0,0.15152924849341312,0.1386784389615059,peak2peak,equal_all,all_terms,0.3333333333333333,0.3333333333333333,0.3333333333333333,position_only,0,5,100,"npos=5, noise=100",458,13.085714285714285,13.0,0.4560833424471243,0.4479247357731466
0.1920125000178814,32,1.0,0.4411764705882353,0.6122448979591837,180,0,228,0.48333333333333334,0.4285714285714286,1.0,1.0,12,20,1.1165799645617944,1.2806336965730594,29,0.41379310344827586,0.5259067357512953,0.916834641053391,1.4504246055452774,32,12,12,20,0,0,0,0.17205779254436493,0.18115518987178802,peak2peak,distance_only,ablation,1.0,0.0,0.0,position_only,1,5,100,"npos=5, noise=100",475,13.571428571428571,13.0,0.5016546178085127,0.4677762382423043
0.1962191000347957,27,1.0,0.42892156862745096,0.6003430531732418,175,0,233,0.4761904761904762,0.37142857142857144,1.0,1.0,12,15,1.2952454882627373,1.5012963699962054,26,0.46153846153846156,0.49504950495049505,0.9188762837864145,1.3736242964793106,27,12,12,15,0,0,0,0.18462515311936536,0.19103987514972687,peak2peak,intensity_only,ablation,0.0,1.0,0.0,position_only,1,5,100,"npos=5, noise=100",475,13.571428571428571,13.0,0.48861940079582894,0.47606541910670436
0.1935460000531748,26,1.0,0.49754901960784315,0.6644844517184942,203,0,205,0.5642857142857142,0.6285714285714286,1.0,1.0,12,14,1.1728284234093953,1.4537280465785782,24,0.5,0.5808823529411765,0.8986629982651203,1.394510140192223,26,12,12,14,0,0,0,0.18301187455654144,0.1785525307059288,peak2peak,sigma_only,ablation,0.0,0.0,1.0,position_only,1,5,100,"npos=5, noise=100",475,13.571428571428571,13.0,0.5560479007840669,0.5345460500075644
0.21578269999008626,33,1.0,0.3627450980392157,0.5323741007194245,148,0,260,0.4047619047619048,0.35714285714285715,1.0,1.0,12,21,1.2094413385268643,1.3404564133971189,31,0.3870967741935484,0.43037974683544306,0.927443208964948,1.4185657938873915,33,12,12,21,0,0,0,0.16734619655956826,0.17583399266004562,peak2peak,dist_int_90_10,distance_intensity,0.9,0.1,0.0,position_only,1,5,100,"npos=5, noise=100",475,13.571428571428571,13.0,0.4273990835560292,0.40938465700635557
0.1995133999735117,31,1.0,0.4019607843137255,0.5734265734265734,164,0,244,0.4452380952380952,0.4285714285714286,1.0,1.0,12,19,1.2343943369425667,1.4120364310152678,31,0.3870967741935484,0.4506024096385542,0.9365332159290233,1.3942673693379604,31,12,12,19,0,0,0,0.1734388405457139,0.1792604774236679,peak2peak,dist_int_75_25,distance_intensity,0.75,0.25,0.0,position_only,1,5,100,"npos=5, noise=100",475,13.571428571428571,13.0,0.460984193205059,0.4266984362961821
0.20158529991749674,26,1.0,0.5735294117647058,0.7289719626168224,234,0,174,0.6142857142857142,0.6428571428571428,1.0,1.0,12,14,1.2094413385268643,1.4063271415206866,26,0.46153846153846156,0.6386138613861386,0.933393999212077,1.4698125109965938,26,12,12,14,0,0,0,0.18398400768637657,0.1792604774236679,peak2peak,dist_int_60_40,distance_intensity,0.6,0.4,0.0,position_only,1,5,100,"npos=5, noise=100",475,13.571428571428571,13.0,0.6093140840682848,0.5514918139138552
0.2098146000644192,34,1.0,0.3235294117647059,0.48888888888888893,132,0,276,0.3595238095238096,0.2714285714285714,1.0,1.0,12,22,1.1917174242732853,1.3287019797551987,33,0.36363636363636365,0.363855421686747,0.937918552036199,1.4152686823865217,34,12,12,22,0,0,0,0.16577724181115627,0.15724340826272964,peak2peak,dist_sig_90_10,distance_sigma,0.9,0.0,0.1,position_only,1,5,100,"npos=5, noise=100",475,13.571428571428571,13.0,0.3844347697373841,0.370148559606391
0.2062036000424996,30,1.0,0.49019607843137253,0.6578947368421052,200,0,208,0.5357142857142857,0.4714285714285714,1.0,1.0,12,18,1.1242310049639679,1.2738398308013978,29,0.41379310344827586,0.5610972568578554,0.9417892156862745,1.3930989555596118,30,12,12,18,0,0,0,0.1750892996788025,0.18165241926908493,peak2peak,dist_sig_75_25,distance_sigma,0.75,0.0,0.25,position_only,1,5,100,"npos=5, noise=100",475,13.571428571428571,13.0,0.5428246621096875,0.49094193153362387
0.2080629999982193,30,1.0,0.5049019607843137,0.6710097719869706,206,0,202,0.5642857142857143,0.5285714285714286,1.0,1.0,12,18,1.1324109815395105,1.3202841345025247,30,0.4,0.5629453681710214,0.9389827022763128,1.3670593830742814,30,12,12,18,0,0,0,0.17506083473563194,0.1736268550157547,peak2peak,dist_sig_60_40,distance_sigma,0.6,0.0,0.4,position_only,1,5,100,"npos=5, noise=100",475,13.571428571428571,13.0,0.5567715786097939,0.4913668678687209
0.21316749998368323,31,1.0,0.3480392156862745,0.5163636363636364,142,0,266,0.38571428571428573,0.34285714285714286,1.0,1.0,12,19,1.2102239038424778,1.3556578216616468,30,0.4,0.39803439803439805,0.9427862460120524,1.4160667550330515,31,12,12,19,0,0,0,0.17002250098933777,0.17367006838321686,peak2peak,dist_meta_80_10_10,all_terms,0.8,0.1,0.1,position_only,1,5,100,"npos=5, noise=100",475,13.571428571428571,13.0,0.40977720967614,0.40135275535275544
0.24674480000976473,30,1.0,0.3431372549019608,0.510948905109489,140,0,268,0.37857142857142856,0.34285714285714286,1.0,1.0,12,18,1.2098984502170813,1.356008890296248,30,0.4,0.38875305623471884,0.9443650793650794,1.405167062185506,30,12,12,18,0,0,0,0.1683877840017279,0.17000532895326614,peak2peak,dist_meta_70_20_10,all_terms,0.7,0.2,0.1,position_only,1,5,100,"npos=5, noise=100",475,13.571428571428571,13.0,0.4038931489444954,0.3972351879377204
0.229324399959296,32,1.0,0.40441176470588236,0.5759162303664922,165,0,243,0.44523809523809527,0.37142857142857144,1.0,1.0,12,20,1.1917174242732853,1.3835824998791002,32,0.375,0.4410377358490566,0.9605097302078727,1.4026533517730777,32,12,12,20,0,0,0,0.17440888471901417,0.16897054761648178,peak2peak,dist_meta_50_40_10,all_terms,0.5,0.4,0.1,position_only,1,5,100,"npos=5, noise=100",475,13.571428571428571,13.0,0.4609543590291036,0.4199664895593721
0.2196630999678746,31,1.0,0.4485294117647059,0.6192893401015229,183,0,225,0.5000000000000001,0.4714285714285714,1.0,1.0,12,19,1.2098681286416708,1.3914559088577225,31,0.3870967741935484,0.4976303317535545,0.944707806425074,1.3676321172318322,31,12,12,19,0,0,0,0.1745464044312636,0.17324669659137726,peak2peak,equal_all,all_terms,0.3333333333333333,0.3333333333333333,0.3333333333333333,position_only,1,5,100,"npos=5, noise=100",475,13.571428571428571,13.0,0.5047522143313883,0.4531041606361126
0.15630190004594624,24,1.0,0.5220588235294118,0.6859903381642513,213,0,195,0.5571428571428572,0.5714285714285714,1.0,1.0,12,12,0.741961496202705,0.9831834029258936,24,0.5,0.5792079207920792,0.996031746031746,0.9639563164435306,24,12,12,12,0,0,0,0.12883731412390867,0.10783993452787399,peak2peak,distance_only,ablation,1.0,0.0,0.0,position_only,2,5,100,"npos=5, noise=100",447,12.771428571428572,13.0,0.5663797158758916,0.5377143335451557
0.1435985000571236,25,1.0,0.5049019607843137,0.6710097719869706,206,0,202,0.5571428571428573,0.6285714285714286,1.0,1.0,12,13,0.7534847466293544,1.1467384260041709,23,0.5217391304347826,0.59846547314578,0.9221207028265852,1.0153310408263465,25,12,12,13,0,0,0,0.14615417023499808,0.12773165106773376,peak2peak,intensity_only,ablation,0.0,1.0,0.0,position_only,2,5,100,"npos=5, noise=100",447,12.771428571428572,13.0,0.5617348534512066,0.5482282605720379
0.12008540006354451,24,1.0,0.49019607843137253,0.6578947368421052,200,0,208,0.5190476190476191,0.3857142857142857,1.0,1.0,12,12,0.7223148153636167,0.9061323021649561,21,0.5714285714285714,0.5604113110539846,0.9061742424242425,0.9968000585665601,24,12,12,12,0,0,0,0.14421012004216513,0.10691239312291145,peak2peak,sigma_only,ablation,0.0,0.0,1.0,position_only,2,5,100,"npos=5, noise=100",447,12.771428571428572,13.0,0.5400622892834416,0.5521579656081076
0.13255079998634756,24,1.0,0.5612745098039216,0.7189952904238619,229,0,179,0.5904761904761905,0.6142857142857143,1.0,1.0,12,12,0.750588695845722,0.9902459002473568,24,0.5,0.6123456790123457,0.9958333333333332,1.0156448847953754,24,12,12,12,0,0,0,0.12989324145019054,0.11575397849082947,peak2peak,dist_int_90_10,distance_intensity,0.9,0.1,0.0,position_only,2,5,100,"npos=5, noise=100",447,12.771428571428572,13.0,0.596153837073409,0.5559330968854779
0.13211560004856437,24,1.0,0.5073529411764706,0.673170731707317,207,0,201,0.5428571428571429,0.5142857142857142,1.0,1.0,12,12,0.7298573768811647,0.967058032945477,24,0.5,0.5643564356435643,0.9958333333333332,1.0417084660676514,24,12,12,12,0,0,0,0.12833989039063454,0.10692541673779488,peak2peak,dist_int_75_25,distance_intensity,0.75,0.25,0.0,position_only,2,5,100,"npos=5, noise=100",447,12.771428571428572,13.0,0.5542161517511746,0.5300089695380688
0.14374460000544786,21,1.0,0.6029411764705882,0.7522935779816513,246,0,162,0.6380952380952382,0.7428571428571429,1.0,1.0,12,9,0.7906177232255296,1.0586456765791026,21,0.5714285714285714,0.67,0.9964726631393297,0.7630358614789883,21,12,12,9,0,0,0,0.12850581171611944,0.10692541673779488,peak2peak,dist_int_60_40,distance_intensity,0.6,0.4,0.0,position_only,2,5,100,"npos=5, noise=100",447,12.771428571428572,13.0,0.6332057820525394,0.6103396679772826
0.14313979994039983,25,1.0,0.44607843137254904,0.6169491525423729,182,0,226,0.480952380952381,0.32857142857142857,1.0,1.0,12,13,0.7441372904492198,0.9855068022899056,25,0.48,0.4867469879518072,0.9966666666666666,0.9506573825132858,25,12,12,13,0,0,0,0.1281581229219834,0.10232914611697197,peak2peak,dist_sig_90_10,distance_sigma,0.9,0.0,0.1,position_only,2,5,100,"npos=5, noise=100",447,12.771428571428572,13.0,0.4989342048628682,0.48517181559166445
0.14570249989628792,25,1.0,0.4583333333333333,0.6285714285714286,187,0,221,0.49047619047619045,0.37142857142857144,1.0,1.0,12,13,0.7441372904492198,0.927297509411718,25,0.48,0.48931116389548696,0.9835714285714287,0.9506573825132858,25,12,12,13,0,0,0,0.12846562763055167,0.1058911681175232,peak2peak,dist_sig_75_25,distance_sigma,0.75,0.0,0.25,position_only,2,5,100,"npos=5, noise=100",447,12.771428571428572,13.0,0.5075109216499004,0.48908969573577654
0.1490209000185132,24,1.0,0.4950980392156863,0.6622950819672131,202,0,206,0.5285714285714286,0.4714285714285714,1.0,1.0,12,12,0.7111627181754452,0.8851396931610235,23,0.5217391304347826,0.5495049504950495,0.9766388530333764,0.9023655089094622,24,12,12,12,0,0,0,0.13353954628109932,0.11055536568164825,peak2peak,dist_sig_60_40,distance_sigma,0.6,0.0,0.4,position_only,2,5,100,"npos=5, noise=100",447,12.771428571428572,13.0,0.5430492805075632,0.5313880490482609
0.15165030001662672,26,1.0,0.5024509803921569,0.6688417618270799,205,0,203,0.5357142857142857,0.4285714285714286,1.0,1.0,12,14,0.7369278495175793,0.9475197598252286,26,0.46153846153846156,0.5369928400954654,0.9966555183946487,0.9639563164435306,26,12,12,14,0,0,0,0.12876502548654875,0.1048126071691513,peak2peak,dist_meta_80_10_10,all_terms,0.8,0.1,0.1,position_only,2,5,100,"npos=5, noise=100",447,12.771428571428572,13.0,0.5461348989207403,0.5062033755760955
0.15730550000444055,25,1.0,0.5416666666666666,0.7027027027027027,221,0,187,0.5714285714285715,0.5,1.0,1.0,12,13,0.7534847466293544,0.9793767616927996,25,0.48,0.5714285714285714,0.995,0.9772552503737755,25,12,12,13,0,0,0,0.1291053251673778,0.11533184349536896,peak2peak,dist_meta_70_20_10,all_terms,0.7,0.2,0.1,position_only,2,5,100,"npos=5, noise=100",447,12.771428571428572,13.0,0.5770972121229199,0.5325405405405406
0.15292439993936568,23,1.0,0.5294117647058824,0.6923076923076924,216,0,192,0.5595238095238096,0.5,1.0,1.0,12,11,0.7601416285400838,0.9640532983086162,23,0.5217391304347826,0.5745721271393643,0.9937888198757764,1.0293824129183275,23,12,12,11,0,0,0,0.1277683029572169,0.10674028843641281,peak2peak,dist_meta_50_40_10,all_terms,0.5,0.4,0.1,position_only,2,5,100,"npos=5, noise=100",447,12.771428571428572,13.0,0.5693700864986779,0.5467526033726736
0.16157220001332462,25,1.0,0.5196078431372549,0.6838709677419356,212,0,196,0.5499999999999999,0.44285714285714284,1.0,1.0,12,13,0.7292890893847565,0.8847876776386002,24,0.5,0.5620437956204379,0.9368772893772893,1.029201571725804,25,12,12,13,0,0,0,0.1306114954253038,0.10501822456717491,peak2peak,equal_all,all_terms,0.3333333333333333,0.3333333333333333,0.3333333333333333,position_only,2,5,100,"npos=5, noise=100",447,12.771428571428572,13.0,0.5610072191288407,0.5322851424534967
0.17137630004435778,25,1.0,0.5220588235294118,0.6859903381642513,213,0,195,0.5547619047619048,0.48571428571428565,1.0,1.0,12,13,0.7518787219611189,1.0373893389918056,25,0.48,0.6131578947368421,0.9739047619047619,1.5613195578720314,25,12,12,13,0,0,0,0.15683748945593834,0.1532813012599945,peak2peak,distance_only,ablation,1.0,0.0,0.0,position_only,3,5,100,"npos=5, noise=100",464,13.257142857142858,13.0,0.570839784275774,0.5379637317932513
0.15306819998659194,24,1.0,0.5343137254901961,0.6964856230031949,218,0,190,0.6,0.5,1.0,1.0,12,12,0.9283172011897126,1.3454611922735549,24,0.5,0.6206896551724138,0.9448960043787631,1.577882251072374,24,12,12,12,0,0,0,0.18255837013324103,0.2034173682332039,peak2peak,intensity_only,ablation,0.0,1.0,0.0,position_only,3,5,100,"npos=5, noise=100",464,13.257142857142858,13.0,0.5878650702729981,0.5544695383937426
0.18820159998722374,27,1.0,0.49754901960784315,0.6644844517184942,203,0,205,0.5380952380952381,0.37142857142857144,1.0,1.0,12,15,0.857403168766393,1.2609049515919115,26,0.46153846153846156,0.5916230366492147,0.9444351619790217,1.509638439622548,27,12,12,15,0,0,0,0.1670314483344555,0.18579604476690292,peak2peak,sigma_only,ablation,0.0,0.0,1.0,position_only,3,5,100,"npos=5, noise=100",464,13.257142857142858,13.0,0.5522942289975648,0.5192275579309109
0.1901138999965042,29,1.0,0.5490196078431373,0.7088607594936709,224,0,184,0.5928571428571429,0.6,1.0,1.0,12,17,0.7517865819733673,0.990358815332045,29,0.41379310344827586,0.6240601503759399,0.9735221674876847,1.6006091707220795,29,12,12,17,0,0,0,0.14744675531983376,0.14611031115055084,peak2peak,dist_int_90_10,distance_intensity,0.9,0.1,0.0,position_only,3,5,100,"npos=5, noise=100",464,13.257142857142858,13.0,0.5934344883351121,0.5225901451577437
0.17080459999851882,32,1.0,0.4877450980392157,0.6556836902800659,199,0,209,0.530952380952381,0.45714285714285713,1.0,1.0,12,20,0.7613256611053023,1.0324967707007668,32,0.375,0.5492610837438424,0.9714285714285714,1.68746994351382,32,12,12,20,0,0,0,0.15345475636422634,0.14168166369199753,peak2peak,dist_int_75_25,distance_intensity,0.75,0.25,0.0,position_only,3,5,100,"npos=5, noise=100",464,13.257142857142858,13.0,0.5401141317105597,0.47154724708721196
0.17674130003433675,26,1.0,0.553921568627451,0.7129337539432177,226,0,182,0.6,0.5285714285714285,1.0,1.0,12,14,0.7621807457959919,1.0378274306736364,26,0.46153846153846156,0.6253101736972705,0.9725274725274725,1.6367728976307176,26,12,12,14,0,0,0,0.15316297858953476,0.14692796021699905,peak2peak,dist_int_60_40,distance_intensity,0.6,0.4,0.0,position_only,3,5,100,"npos=5, noise=100",464,13.257142857142858,13.0,0.5974052252294645,0.5435296788283459
0.18471219995990396,28,1.0,0.46078431372549017,0.6308724832214765,188,0,220,0.4976190476190476,0.37142857142857144,1.0,1.0,12,16,0.8482923751319533,1.1151207613606564,28,0.42857142857142855,0.5277777777777778,0.9738250855897915,1.5165897790646343,28,12,12,16,0,0,0,0.16061012322703996,0.18033766001462936,peak2peak,dist_sig_90_10,distance_sigma,0.9,0.0,0.1,position_only,3,5,100,"npos=5, noise=100",464,13.257142857142858,13.0,0.5158265737754221,0.479309417279216
0.179221999947913,25,1.0,0.45098039215686275,0.6216216216216216,184,0,224,0.48571428571428577,0.32857142857142857,1.0,1.0,12,13,0.8671026011357619,1.2908877948876534,25,0.48,0.5177664974619289,0.9791450980392158,1.4470104242567394,25,12,12,13,0,0,0,0.1776859164237976,0.19582641124725342,peak2peak,dist_sig_75_25,distance_sigma,0.75,0.0,0.25,position_only,3,5,100,"npos=5, noise=100",464,13.257142857142858,13.0,0.5066527221044125,0.49433737726123517
0.16229100001510233,26,1.0,0.4338235294117647,0.6051282051282051,177,0,231,0.4761904761904762,0.34285714285714286,1.0,1.0,12,14,0.7817956469855227,1.0920195271869766,26,0.46153846153846156,0.49627791563275436,0.9743456329994792,1.5234028522191956,26,12,12,14,0,0,0,0.16560133236149946,0.178135946393013,peak2peak,dist_sig_60_40,distance_sigma,0.6,0.0,0.4,position_only,3,5,100,"npos=5, noise=100",464,13.257142857142858,13.0,0.49312167528043904,0.47732955216826184
0.18656399997416884,27,1.0,0.4411764705882353,0.6122448979591837,180,0,228,0.4785714285714285,0.37142857142857144,1.0,1.0,12,15,0.7869622709263566,1.0994637163687335,27,0.4444444444444444,0.5062972292191436,0.9711581134511418,1.5086041321571668,27,12,12,15,0,0,0,0.1588457996646563,0.18033766001462936,peak2peak,dist_meta_80_10_10,all_terms,0.8,0.1,0.1,position_only,3,5,100,"npos=5, noise=100",464,13.257142857142858,13.0,0.4987587819893466,0.4746582075315433
0.1790646999143064,28,1.0,0.41911764705882354,0.5906735751295337,171,0,237,0.45238095238095233,0.34285714285714286,1.0,1.0,12,16,0.784860864700984,1.106351218655222,28,0.42857142857142855,0.47381546134663344,0.9713128306878307,1.5933891522973045,28,12,12,16,0,0,0,0.16027200346191725,0.18033766001462936,peak2peak,dist_meta_70_20_10,all_terms,0.7,0.2,0.1,position_only,3,5,100,"npos=5, noise=100",464,13.257142857142858,13.0,0.47656111661937123,0.45325524702923176
0.18646900006569922,23,1.0,0.6102941176470589,0.7579908675799087,249,0,159,0.6619047619047619,0.7714285714285715,1.0,1.0,12,11,0.8621348331982863,1.2433037184123112,22,0.5454545454545454,0.7637362637362637,0.949239000571399,1.6306009984516436,23,12,12,11,0,0,0,0.16833690429727236,0.17857274413108826,peak2peak,dist_meta_50_40_10,all_terms,0.5,0.4,0.1,position_only,3,5,100,"npos=5, noise=100",464,13.257142857142858,13.0,0.6557990582020907,0.626904533822342
0.18059880007058382,23,1.0,0.5,0.6666666666666666,204,0,204,0.5499999999999999,0.45714285714285713,1.0,1.0,12,11,0.8120338926586963,1.154042114155939,23,0.5217391304347826,0.5848101265822785,0.9846602672689629,1.4759708629952082,23,12,12,11,0,0,0,0.16114191648860773,0.16304058581590652,peak2peak,equal_all,all_terms,0.3333333333333333,0.3333333333333333,0.3333333333333333,position_only,3,5,100,"npos=5, noise=100",464,13.257142857142858,13.0,0.5555097252232051,0.5432315171528159
0.12144549994263798,25,1.0,0.49019607843137253,0.6578947368421052,200,0,208,0.5238095238095238,0.32857142857142857,1.0,1.0,12,13,0.7174777604513728,0.8443376852736383,25,0.48,0.5945945945945946,0.9731890331890333,1.1540608382024262,25,12,12,13,0,0,0,0.13653519501288733,0.1275714486837387,peak2peak,distance_only,ablation,1.0,0.0,0.0,position_only,0,7,140,"npos=7, noise=140",414,11.82857142857143,12.0,0.5463983969609301,0.5246085483980221
0.13389369996730238,27,1.0,0.4877450980392157,0.6556836902800659,199,0,209,0.5380952380952382,0.4285714285714286,1.0,1.0,12,15,0.8127494449307047,1.200216610530815,27,0.4444444444444444,0.5963060686015831,0.9166402116402117,1.0959738927584575,27,12,12,15,0,0,0,0.15453369915485382,0.16322044283151627,peak2peak,intensity_only,ablation,0.0,1.0,0.0,position_only,0,7,140,"npos=7, noise=140",414,11.82857142857143,12.0,0.5487637545355899,0.5118005567937106
0.12792949995491654,20,1.0,0.6029411764705882,0.7522935779816513,246,0,162,0.65,0.7571428571428571,1.0,1.0,12,8,0.8510789352266964,1.3553625212527254,17,0.6470588235294118,0.7806451612903226,0.882875816993464,1.0745543475499844,20,12,12,8,0,0,0,0.18264971549312273,0.16520065069198608,peak2peak,sigma_only,ablation,0.0,0.0,1.0,position_only,0,7,140,"npos=7, noise=140",414,11.82857142857143,12.0,0.6525520171772738,0.6694435353306756
0.18719270010478795,27,1.0,0.4264705882352941,0.5979381443298969,174,0,234,0.45714285714285713,0.18571428571428572,1.0,1.0,12,15,0.7212565455283189,0.8802969802150704,26,0.46153846153846156,0.5175202156334232,0.9600235155790712,1.264862735182915,27,12,12,15,0,0,0,0.13882849551737309,0.1368851214647293,peak2peak,dist_int_90_10,distance_intensity,0.9,0.1,0.0,position_only,0,7,140,"npos=7, noise=140",414,11.82857142857143,12.0,0.488178106749945,0.47929735310400556
0.16590080002788454,24,1.0,0.5122549019607843,0.6774716369529984,209,0,199,0.5452380952380952,0.45714285714285713,1.0,1.0,12,12,0.800692752656024,1.014763690931719,23,0.5217391304347826,0.6222826086956522,0.955026455026455,1.266592919729424,24,12,12,12,0,0,0,0.1428061295300722,0.14549850672483444,peak2peak,dist_int_75_25,distance_intensity,0.75,0.25,0.0,position_only,0,7,140,"npos=7, noise=140",414,11.82857142857143,12.0,0.5653851357679108,0.5542844412622353
0.13361510005779564,21,1.0,0.5049019607843137,0.6710097719869706,206,0,202,0.5333333333333333,0.44285714285714284,1.0,1.0,12,9,0.7985317656919131,1.0333281816129756,21,0.5714285714285714,0.6170798898071626,0.9672713529856387,1.2005266614119328,21,12,12,9,0,0,0,0.14913688165446123,0.14549850672483444,peak2peak,dist_int_60_40,distance_intensity,0.6,0.4,0.0,position_only,0,7,140,"npos=7, noise=140",414,11.82857142857143,12.0,0.5584057086765484,0.5703766887539466
0.15775570005644113,23,1.0,0.5833333333333334,0.7368421052631579,238,0,170,0.611904761904762,0.6714285714285715,1.0,1.0,12,11,0.7780789274293666,0.9524120471878391,23,0.5217391304347826,0.6853333333333333,0.9799861973775018,1.1178567449053696,23,12,12,11,0,0,0,0.13372676384945711,0.14158134907484055,peak2peak,dist_sig_90_10,distance_sigma,0.9,0.0,0.1,position_only,0,7,140,"npos=7, noise=140",414,11.82857142857143,12.0,0.6212794471299092,0.5885878827503542
0.11840479995589703,23,1.0,0.6078431372549019,0.7560975609756097,248,0,160,0.6380952380952382,0.6571428571428571,1.0,1.0,12,11,0.7902673179888037,1.046775155858315,23,0.5217391304347826,0.708994708994709,0.9573897543207007,1.1178567449053696,23,12,12,11,0,0,0,0.14764648551742235,0.1569433957338333,peak2peak,dist_sig_75_25,distance_sigma,0.75,0.0,0.25,position_only,0,7,140,"npos=7, noise=140",414,11.82857142857143,12.0,0.6409582939183627,0.600973365427236
0.13764349999837577,23,1.0,0.5563725490196079,0.7149606299212599,227,0,181,0.5928571428571429,0.5285714285714286,1.0,1.0,12,11,0.7897279389942166,1.0518603063048029,23,0.5217391304347826,0.6675603217158177,0.9545454545454547,1.1178567449053696,23,12,12,11,0,0,0,0.1561705352117618,0.16154304146766663,peak2peak,dist_sig_60_40,distance_sigma,0.6,0.0,0.4,position_only,0,7,140,"npos=7, noise=140",414,11.82857142857143,12.0,0.6028671691610601,0.5778635728728337
0.14807410002686083,25,1.0,0.49019607843137253,0.6578947368421052,200,0,208,0.5238095238095238,0.42857142857142855,1.0,1.0,12,13,0.7836601679546157,0.9339327218349487,25,0.48,0.5789473684210527,0.973968253968254,1.1355904200190694,25,12,12,13,0,0,0,0.1361164009819428,0.13976898044347763,peak2peak,dist_meta_80_10_10,all_terms,0.8,0.1,0.1,position_only,0,7,140,"npos=7, noise=140",414,11.82857142857143,12.0,0.5438031290067618,0.5206967418546367
0.13667150004766881,24,1.0,0.5343137254901961,0.6964856230031949,218,0,190,0.5714285714285715,0.5571428571428572,1.0,1.0,12,12,0.8127494449307047,1.0050713888918679,24,0.5,0.6349206349206349,0.972883597883598,1.1267235824622195,24,12,12,12,0,0,0,0.132668299600482,0.13976898044347763,peak2peak,dist_meta_70_20_10,all_terms,0.7,0.2,0.1,position_only,0,7,140,"npos=7, noise=140",414,11.82857142857143,12.0,0.5832902391783454,0.5551701404736549
0.13146219996269792,20,1.0,0.6225490196078431,0.7673716012084593,254,0,154,0.6595238095238095,0.8142857142857143,1.0,1.0,12,8,0.800692752656024,1.0995909462806246,20,0.6,0.7694444444444445,0.9530981866430783,1.0396986020522534,20,12,12,8,0,0,0,0.1603883517285188,0.16090938448905945,peak2peak,dist_meta_50_40_10,all_terms,0.5,0.4,0.1,position_only,0,7,140,"npos=7, noise=140",414,11.82857142857143,12.0,0.6609808218293886,0.6517878123051839
0.14382409991230816,24,1.0,0.5588235294117647,0.7169811320754718,228,0,180,0.5976190476190476,0.6142857142857143,1.0,1.0,12,12,0.7704525379253679,0.9143310958781419,24,0.5,0.6747311827956989,0.9650263135557253,1.165163723114218,24,12,12,12,0,0,0,0.13571746336917082,0.16026625037193298,peak2peak,equal_all,all_terms,0.3333333333333333,0.3333333333333333,0.3333333333333333,position_only,0,7,140,"npos=7, noise=140",414,11.82857142857143,12.0,0.6062158083446325,0.5718409268759238
0.1268819000106305,26,1.0,0.4877450980392157,0.6556836902800659,199,0,209,0.5190476190476191,0.38571428571428573,1.0,1.0,12,14,0.7416237798397489,0.9281612449089015,26,0.46153846153846156,0.5860215053763441,0.9935897435897437,1.3619556153854402,26,12,12,14,0,0,0,0.14125346019864082,0.12489908188581467,peak2peak,distance_only,ablation,1.0,0.0,0.0,position_only,1,7,140,"npos=7, noise=140",431,12.314285714285715,12.0,0.5427258865339903,0.5141622609202458
0.13198219996411353,19,1.0,0.6200980392156863,0.7655068078668684,253,0,155,0.6714285714285714,0.7571428571428571,1.0,1.0,12,7,0.8618079176959501,1.2157918848119498,18,0.6666666666666666,0.8245614035087719,0.935127591706539,1.3205282783018137,19,12,12,7,0,0,0,0.17715460993349552,0.1706608608365059,peak2peak,intensity_only,ablation,0.0,1.0,0.0,position_only,1,7,140,"npos=7, noise=140",431,12.314285714285715,12.0,0.6710629776255331,0.6930512362600906
0.13906359998509288,21,1.0,0.5563725490196079,0.7149606299212599,227,0,181,0.6,0.5,1.0,1.0,12,9,0.8285579839137677,1.1224341819242352,20,0.6,0.7477744807121661,0.9463011258143104,1.3195575224745766,21,12,12,9,0,0,0,0.16546568336586157,0.15301769971847534,peak2peak,sigma_only,ablation,0.0,0.0,1.0,position_only,1,7,140,"npos=7, noise=140",431,12.314285714285715,12.0,0.6165393946277782,0.6299357461622936
0.13853539992123842,27,1.0,0.5318627450980392,0.6944,217,0,191,0.5595238095238095,0.45714285714285713,1.0,1.0,12,15,0.7620258009140651,0.9542040635811463,27,0.4444444444444444,0.6266666666666667,0.9938271604938272,1.3984354357077766,27,12,12,15,0,0,0,0.1437659952789545,0.14702216535806656,peak2peak,dist_int_90_10,distance_intensity,0.9,0.1,0.0,position_only,1,7,140,"npos=7, noise=140",431,12.314285714285715,12.0,0.5782233556275246,0.5292768253968254
0.13631879992317408,23,1.0,0.6004901960784313,0.7503828483920367,245,0,163,0.6261904761904763,0.6714285714285715,1.0,1.0,12,11,0.7587240750970595,0.9644422607636386,23,0.5217391304347826,0.7088948787061995,0.9927536231884059,1.3984354357077766,23,12,12,11,0,0,0,0.14524172556897005,0.14942868798971176,peak2peak,dist_int_75_25,distance_intensity,0.75,0.25,0.0,position_only,1,7,140,"npos=7, noise=140",431,12.314285714285715,12.0,0.6352280597679534,0.598614989147918
0.14227609999943525,26,1.0,0.5,0.6666666666666666,204,0,204,0.530952380952381,0.35714285714285715,1.0,1.0,12,14,0.800162186757325,0.9665792326828972,26,0.46153846153846156,0.5962566844919787,0.9935897435897437,1.3313026550548344,26,12,12,14,0,0,0,0.14185493253171444,0.13013902306556702,peak2peak,dist_int_60_40,distance_intensity,0.6,0.4,0.0,position_only,1,7,140,"npos=7, noise=140",431,12.314285714285715,12.0,0.5525093230448854,0.5201081271669507
0.1485192000400275,26,1.0,0.4681372549019608,0.6377295492487479,191,0,217,0.4904761904761905,0.3142857142857143,1.0,1.0,12,14,0.6996921494984554,0.970850623995871,26,0.46153846153846156,0.5508021390374331,0.997737556561086,1.2122125529149845,26,12,12,14,0,0,0,0.14919604795674482,0.11290184035897255,peak2peak,dist_sig_90_10,distance_sigma,0.9,0.0,0.1,position_only,1,7,140,"npos=7, noise=140",431,12.314285714285715,12.0,0.5214802975384173,0.49890944827211153
0.15526849997695535,25,1.0,0.48284313725490197,0.6512396694214876,197,0,211,0.5023809523809524,0.32857142857142857,1.0,1.0,12,13,0.7168951821027811,0.9806451401143994,25,0.48,0.5523560209424084,0.9961655773420479,1.1844366430808717,25,12,12,13,0,0,0,0.14925118597845236,0.10941808298230171,peak2peak,dist_sig_75_25,distance_sigma,0.75,0.0,0.25,position_only,1,7,140,"npos=7, noise=140",431,12.314285714285715,12.0,0.5313801190144578,0.5105750343579949
0.15897560003213584,23,1.0,0.5343137254901961,0.6964856230031949,218,0,190,0.5642857142857143,0.5,1.0,1.0,12,11,0.7620258009140651,1.0269879267372402,23,0.5217391304347826,0.626984126984127,0.9930078820239004,1.1844366430808717,23,12,12,11,0,0,0,0.1523205457876126,0.12307661771774292,peak2peak,dist_sig_60_40,distance_sigma,0.6,0.0,0.4,position_only,1,7,140,"npos=7, noise=140",431,12.314285714285715,12.0,0.5805042623672173,0.5611673799491552
0.14913669996894896,25,1.0,0.4950980392156863,0.6622950819672131,202,0,206,0.5166666666666667,0.35714285714285715,1.0,1.0,12,13,0.7377533311730973,0.9733787625745502,25,0.48,0.5755968169761273,0.9896470588235294,1.2399884627490974,25,12,12,13,0,0,0,0.15139708730081716,0.12489908188581467,peak2peak,dist_meta_80_10_10,all_terms,0.8,0.1,0.1,position_only,1,7,140,"npos=7, noise=140",431,12.314285714285715,12.0,0.5438871552047931,0.5200248873041411
0.14970919990446419,21,1.0,0.571078431372549,0.7269890795631825,233,0,175,0.5928571428571429,0.5,1.0,1.0,12,9,0.7832235615354425,1.0258608703199477,21,0.5714285714285714,0.6784741144414169,0.9920634920634922,1.2807882272705826,21,12,12,9,0,0,0,0.1558884996920824,0.14470453560352325,peak2peak,dist_meta_70_20_10,all_terms,0.7,0.2,0.1,position_only,1,7,140,"npos=7, noise=140",431,12.314285714285715,12.0,0.6105428543063316,0.6028734873801336
0.1529426999622956,24,1.0,0.5294117647058824,0.6923076923076924,216,0,192,0.5547619047619048,0.4285714285714286,1.0,1.0,12,12,0.8053993269629695,1.0267711700339663,24,0.5,0.6196808510638298,0.9915123456790124,1.2677304941158178,24,12,12,12,0,0,0,0.1491460967808962,0.13279827684164047,peak2peak,dist_meta_50_40_10,all_terms,0.5,0.4,0.1,position_only,1,7,140,"npos=7, noise=140",431,12.314285714285715,12.0,0.5747762025277857,0.5488579417036864
0.14740369992796332,23,1.0,0.5147058823529411,0.6796116504854368,210,0,198,0.5380952380952382,0.45714285714285713,1.0,1.0,12,11,0.7508771264768418,1.0077340805282489,23,0.5217391304347826,0.6026666666666667,0.9944789510006902,1.2370839214990432,23,12,12,11,0,0,0,0.15297305025160313,0.12699327990412712,peak2peak,equal_all,all_terms,0.3333333333333333,0.3333333333333333,0.3333333333333333,position_only,1,7,140,"npos=7, noise=140",431,12.314285714285715,12.0,0.5619138455422398,0.549094172747191
0.12405759992543608,20,1.0,0.5931372549019608,0.7446153846153846,242,0,166,0.6190476190476191,0.5571428571428572,1.0,1.0,12,8,0.8112589419134519,1.1219323727289015,20,0.6,0.6598984771573604,1.0,1.1233259287700341,20,12,12,8,0,0,0,0.14643857814371586,0.1374574452638626,peak2peak,distance_only,ablation,1.0,0.0,0.0,position_only,2,7,140,"npos=7, noise=140",433,12.371428571428572,12.0,0.6230121476110257,0.6158024581171789
0.11612709995824844,18,1.0,0.7107843137254902,0.830945558739255,290,0,118,0.7404761904761905,0.9285714285714286,1.0,1.0,12,6,0.9027439791811124,1.2708601675665991,18,0.6666666666666666,0.7873417721518987,0.9370326478169615,1.2252294593712363,18,12,12,6,0,0,0,0.17066970964272818,0.18676096200942993,peak2peak,intensity_only,ablation,0.0,1.0,0.0,position_only,2,7,140,"npos=7, noise=140",433,12.371428571428572,12.0,0.7153078028895308,0.7037388405001114
0.12265619996469468,21,1.0,0.7034313725490197,0.8258992805755395,287,0,121,0.7404761904761905,0.7714285714285715,1.0,1.0,12,9,0.8731725292152139,1.3487961465208094,21,0.5714285714285714,0.7736318407960199,0.9381289633305763,1.3012126320628836,21,12,12,9,0,0,0,0.17514516475299993,0.18269271403551102,peak2peak,sigma_only,ablation,0.0,0.0,1.0,position_only,2,7,140,"npos=7, noise=140",433,12.371428571428572,12.0,0.7108390670416633,0.6612068639331604
0.12470130005385727,19,1.0,0.6225490196078431,0.7673716012084593,254,0,154,0.6428571428571429,0.6857142857142857,1.0,1.0,12,7,0.8039205309341342,1.0786261756375173,19,0.631578947368421,0.6818181818181818,1.0,1.193764340460643,19,12,12,7,0,0,0,0.14701345190405846,0.1374574452638626,peak2peak,dist_int_90_10,distance_intensity,0.9,0.1,0.0,position_only,2,7,140,"npos=7, noise=140",433,12.371428571428572,12.0,0.6436581116002397,0.64084615892932
0.1271803000709042,18,1.0,0.6911764705882353,0.817391304347826,282,0,126,0.7095238095238096,0.8142857142857143,1.0,1.0,12,6,0.7944407659327374,1.0510083451583843,18,0.6666666666666666,0.7563451776649747,1.0,1.2871032218032412,18,12,12,6,0,0,0,0.14788121295471987,0.1374574452638626,peak2peak,dist_int_75_25,distance_intensity,0.75,0.25,0.0,position_only,2,7,140,"npos=7, noise=140",433,12.371428571428572,12.0,0.6965492283323638,0.6901836029048565
0.12747869989834726,17,1.0,0.7009803921568627,0.824207492795389,286,0,122,0.7214285714285715,0.9285714285714286,1.0,1.0,12,5,0.7968420925931532,1.0546061498157555,17,0.7058823529411765,0.7769230769230769,1.0,1.2957475088195887,17,12,12,5,0,0,0,0.14744950147966543,0.1374574452638626,peak2peak,dist_int_60_40,distance_intensity,0.6,0.4,0.0,position_only,2,7,140,"npos=7, noise=140",433,12.371428571428572,12.0,0.7060111929460745,0.7135680661091749
0.1259238999336958,19,1.0,0.696078431372549,0.8208092485549133,284,0,124,0.7119047619047619,0.8142857142857143,1.0,1.0,12,7,0.7942861975086338,1.0397417824025783,19,0.631578947368421,0.7531486146095718,1.0,1.3012126320628836,19,12,12,7,0,0,0,0.14561753471692404,0.1374574452638626,peak2peak,dist_sig_90_10,distance_sigma,0.9,0.0,0.1,position_only,2,7,140,"npos=7, noise=140",433,12.371428571428572,12.0,0.6983745337044255,0.6762710585012204
0.1279159999685362,22,1.0,0.6299019607843137,0.7729323308270677,257,0,151,0.6476190476190476,0.6142857142857143,1.0,1.0,12,10,0.7926544632657491,1.0425249434058506,22,0.5454545454545454,0.671604938271605,1.0,1.3427956218172485,22,12,12,10,0,0,0,0.14312327777345976,0.1374574452638626,peak2peak,dist_sig_75_25,distance_sigma,0.75,0.0,0.25,position_only,2,7,140,"npos=7, noise=140",433,12.371428571428572,12.0,0.64613921382179,0.6054314236770377
0.12157780001871288,20,1.0,0.6568627450980392,0.7928994082840237,268,0,140,0.6809523809523809,0.7,1.0,1.0,12,8,0.804559529994374,1.0843406428896194,20,0.6,0.713216957605985,1.0,1.2474884862617635,20,12,12,8,0,0,0,0.14647631905972958,0.14540625363588333,peak2peak,dist_sig_60_40,distance_sigma,0.6,0.0,0.4,position_only,2,7,140,"npos=7, noise=140",433,12.371428571428572,12.0,0.670653244783526,0.6449793591535391
0.12938710011076182,18,1.0,0.7009803921568627,0.824207492795389,286,0,122,0.7142857142857143,0.8142857142857143,1.0,1.0,12,6,0.7944407659327374,1.039177282755401,18,0.6666666666666666,0.7556675062972292,1.0,1.3427956218172485,18,12,12,6,0,0,0,0.14569077268242836,0.1374574452638626,peak2peak,dist_meta_80_10_10,all_terms,0.8,0.1,0.1,position_only,2,7,140,"npos=7, noise=140",433,12.371428571428572,12.0,0.7010461480414596,0.6918536132286232
0.13482159993145615,18,1.0,0.7034313725490197,0.8258992805755395,287,0,121,0.7190476190476192,0.8571428571428572,1.0,1.0,12,6,0.7978598278453197,1.061433472383045,18,0.6666666666666666,0.7568922305764411,1.0,1.3427956218172485,18,12,12,6,0,0,0,0.1488463624070088,0.1374574452638626,peak2peak,dist_meta_70_20_10,all_terms,0.7,0.2,0.1,position_only,2,7,140,"npos=7, noise=140",433,12.371428571428572,12.0,0.7032534052817206,0.6929743423306467
0.21869199990760535,19,1.0,0.696078431372549,0.8208092485549133,284,0,124,0.7142857142857144,0.8285714285714285,1.0,1.0,12,7,0.7968495265241373,1.0464808410362765,19,0.631578947368421,0.7614213197969543,1.0,1.3843786115716132,19,12,12,7,0,0,0,0.14778554998338223,0.1374574452638626,peak2peak,dist_meta_50_40_10,all_terms,0.5,0.4,0.1,position_only,2,7,140,"npos=7, noise=140",433,12.371428571428572,12.0,0.7002010650939628,0.678577330036161
0.1562051000073552,19,1.0,0.7279411764705882,0.8425531914893616,297,0,111,0.7547619047619047,0.9285714285714286,1.0,1.0,12,7,0.7968569604551214,1.0541295969544309,19,0.631578947368421,0.7984886649874056,0.982456140350877,1.3843786115716132,19,12,12,7,0,0,0,0.14727379071215788,0.14285751432180405,peak2peak,equal_all,all_terms,0.3333333333333333,0.3333333333333333,0.3333333333333333,position_only,2,7,140,"npos=7, noise=140",433,12.371428571428572,12.0,0.726752158081561,0.6962405739682826
0.13088960002642125,22,1.0,0.5098039215686274,0.6753246753246753,208,0,200,0.5404761904761906,0.5285714285714285,1.0,1.0,12,10,0.8733212306625993,1.2474798908708584,22,0.5454545454545454,0.6168478260869565,0.9843073593073594,1.2916497629668022,22,12,12,10,0,0,0,0.1634956349929174,0.17631105333566666,peak2peak,distance_only,ablation,1.0,0.0,0.0,position_only,3,7,140,"npos=7, noise=140",430,12.285714285714286,12.0,0.5620336045794441,0.5615063288161114
0.12412220006808639,24,1.0,0.4534313725490196,0.6239460370994941,185,0,223,0.5000000000000001,0.34285714285714286,1.0,1.0,12,12,0.77759836996486,1.0693935997496702,24,0.5,0.5497382198952879,0.9661458333333334,1.2160497177198244,24,12,12,12,0,0,0,0.15418833990891775,0.15625689923763275,peak2peak,intensity_only,ablation,0.0,1.0,0.0,position_only,3,7,140,"npos=7, noise=140",430,12.285714285714286,12.0,0.5165177576466722,0.5122237623937209
0.1212523999856785,27,1.0,0.3897058823529412,0.5608465608465609,159,0,249,0.430952380952381,0.34285714285714286,1.0,1.0,12,15,0.775653222266135,1.0545873800772458,25,0.48,0.5171428571428571,0.9524154589371981,1.416345008874553,27,12,12,15,0,0,0,0.15361240319907665,0.15827681869268417,peak2peak,sigma_only,ablation,0.0,0.0,1.0,position_only,3,7,140,"npos=7, noise=140",430,12.285714285714286,12.0,0.4628241046493063,0.4765502645502646
0.1347682001069188,25,1.0,0.47549019607843135,0.6445182724252491,194,0,214,0.5047619047619047,0.34285714285714286,1.0,1.0,12,13,0.8048354704136953,1.0797688332282331,24,0.5,0.5792349726775956,0.968,1.416345008874553,25,12,12,13,0,0,0,0.1533623052140077,0.15919988602399826,peak2peak,dist_int_90_10,distance_intensity,0.9,0.1,0.0,position_only,3,7,140,"npos=7, noise=140",430,12.285714285714286,12.0,0.5323167252906886,0.5241885881306392
0.13047760003246367,22,1.0,0.5612745098039216,0.7189952904238619,229,0,179,0.5880952380952381,0.44285714285714284,1.0,1.0,12,10,0.8039540459355701,1.0592432279677768,21,0.5714285714285714,0.6767123287671233,0.9636363636363636,1.480345841837305,22,12,12,10,0,0,0,0.15563342534005642,0.15919988602399826,peak2peak,dist_int_75_25,distance_intensity,0.75,0.25,0.0,position_only,3,7,140,"npos=7, noise=140",430,12.285714285714286,12.0,0.6050134763785506,0.6003580926575056
0.1279863000381738,25,1.0,0.5294117647058824,0.6923076923076924,216,0,192,0.5595238095238095,0.38571428571428573,1.0,1.0,12,13,0.7884693812144733,1.0247864807964853,24,0.5,0.633423180592992,0.9707692307692308,1.416345008874553,25,12,12,13,0,0,0,0.15442597245176634,0.15919988602399826,peak2peak,dist_int_60_40,distance_intensity,0.6,0.4,0.0,position_only,3,7,140,"npos=7, noise=140",430,12.285714285714286,12.0,0.5780915154441931,0.5527697145621675
0.13125350000336766,24,1.0,0.5245098039215687,0.6881028938906754,214,0,194,0.5595238095238095,0.4714285714285714,1.0,1.0,12,12,0.8081671603545526,1.1083365420381626,24,0.5,0.6351351351351351,0.9747474747474748,1.437625093275274,24,12,12,12,0,0,0,0.15907448840638003,0.15919988602399826,peak2peak,dist_sig_90_10,distance_sigma,0.9,0.0,0.1,position_only,3,7,140,"npos=7, noise=140",430,12.285714285714286,12.0,0.5761720427452307,0.5523567435142999
0.13445670006331056,25,1.0,0.5098039215686274,0.6753246753246753,208,0,200,0.5452380952380952,0.4714285714285714,1.0,1.0,12,13,0.8075033792032699,1.0896404343781108,25,0.48,0.6074270557029178,0.9757575757575758,1.416345008874553,25,12,12,13,0,0,0,0.159003804748257,0.15919988602399826,peak2peak,dist_sig_75_25,distance_sigma,0.75,0.0,0.25,position_only,3,7,140,"npos=7, noise=140",430,12.285714285714286,12.0,0.5620577821552868,0.533445508514474
0.13318290002644062,23,1.0,0.5686274509803921,0.725,232,0,176,0.6047619047619047,0.5714285714285714,1.0,1.0,12,11,0.830144446808883,1.1695783409115406,23,0.5217391304347826,0.675531914893617,0.9736495388669302,1.3009704291194284,23,12,12,11,0,0,0,0.16064285424848398,0.15919988602399826,peak2peak,dist_sig_60_40,distance_sigma,0.6,0.0,0.4,position_only,3,7,140,"npos=7, noise=140",430,12.285714285714286,12.0,0.6119072217489854,0.5830548213735077
0.1391502000624314,22,1.0,0.5612745098039216,0.7189952904238619,229,0,179,0.5952380952380952,0.4857142857142857,1.0,1.0,12,10,0.8057287125694199,1.088010779219384,21,0.5714285714285714,0.6906077348066298,0.9667832167832168,1.437625093275274,22,12,12,10,0,0,0,0.16127433503667513,0.15919988602399826,peak2peak,dist_meta_80_10_10,all_terms,0.8,0.1,0.1,position_only,3,7,140,"npos=7, noise=140",430,12.285714285714286,12.0,0.6088768465703139,0.604546229881668
0.1406325000571087,21,1.0,0.5367647058823529,0.6985645933014354,219,0,189,0.5738095238095238,0.4857142857142857,1.0,1.0,12,9,0.8536047844520636,1.2035361934161446,20,0.6,0.667590027700831,0.9652014652014652,1.3009704291194284,21,12,12,9,0,0,0,0.161391976599892,0.15919988602399826,peak2peak,dist_meta_70_20_10,all_terms,0.7,0.2,0.1,position_only,3,7,140,"npos=7, noise=140",430,12.285714285714286,12.0,0.589672163816528,0.6039913779664473
0.14015150000341237,20,1.0,0.6200980392156863,0.7655068078668684,253,0,155,0.6571428571428571,0.6857142857142857,1.0,1.0,12,8,0.8271276371970075,1.1584200754575014,19,0.631578947368421,0.7645429362880887,0.9634615384615385,1.4406911814433236,20,12,12,8,0,0,0,0.15970199865599474,0.15919988602399826,peak2peak,dist_meta_50_40_10,all_terms,0.5,0.4,0.1,position_only,3,7,140,"npos=7, noise=140",430,12.285714285714286,12.0,0.658618830022873,0.66258296030705
0.14716259995475411,23,1.0,0.5122549019607843,0.6774716369529984,209,0,199,0.5547619047619048,0.5,1.0,1.0,12,11,0.8039540459355701,1.111261970279647,22,0.5454545454545454,0.6297297297297297,0.9682274247491639,1.4696919884234705,23,12,12,11,0,0,0,0.15649577602744102,0.15919988602399826,peak2peak,equal_all,all_terms,0.3333333333333333,0.3333333333333333,0.3333333333333333,position_only,3,7,140,"npos=7, noise=140",430,12.285714285714286,12.0,0.5688709264541765,0.5665847684810408
