runtime_s,n_tracks,link_precision,link_recall,link_f1,link_tp,link_fp,link_fn,mean_coverage,median_coverage,mean_fragments_per_gt_x,max_fragments_per_gt,assigned_tracks,unassigned_tracks,median_position_error_px,mean_position_error_px,labelable_tracks,assignment_accuracy,assignment_weighted_accuracy,truth_label_purity,truth_label_median_error_px,n_assignment_rows,n_assignment_cols,n_assigned_pairs,n_unassigned_rows,duplicate_gt_assignments,high_cost_assignments,invalid_cost_assignments,assignment_mean_cost,assignment_median_cost,stage,peak_config,peak_family,peak_distance_weight,peak_intensity_weight,peak_sigma_weight,traj_config,seed,nposframe,poisson_noise,difficulty,total_peaks,mean_peaks_per_frame,median_peaks_per_frame,peak_objective,traj_objective,mota,motp,idf1,recall,precision,num_switches,motp_manual,mean_fragments_per_gt_y
0.410308999940753,33,1.0,0.25,0.4,102,0,306,0.3071428571428571,0.3285714285714285,1.0,1.0,12,21,0.9417693317127138,1.3391958162357869,31,0.3870967741935484,0.356353591160221,0.9498273706969358,1.2797461256731213,33,12,12,21,0,0,0,0.1745851567635933,0.1675966307520866,peak2peak,distance_only,ablation,1.0,0.0,0.0,position_only,0,3,80,"npos=3, noise=80",485,13.857142857142858,13.0,0.3267071179658248,0.3546413931817603,0.3546666666666667,1.0082885744579624,0.4765625,0.36533333333333334,1.0,8.0,0.9631304154270623,4.0
0.4453646000474691,32,1.0,0.3455882352941176,0.5136612021857923,141,0,267,0.4166666666666667,0.4285714285714286,1.0,1.0,12,20,1.05942201901347,1.5744365164783558,26,0.4230769230769231,0.5137614678899083,0.8733249389499389,1.2489642335470936,32,12,12,20,0,0,0,0.2083995901048183,0.174919493496418,peak2peak,intensity_only,ablation,0.0,1.0,0.0,position_only,0,3,80,"npos=3, noise=80",485,13.857142857142858,13.0,0.4340886553717485,0.4420700433070714,0.3546666666666667,1.0082885744579624,0.4765625,0.36533333333333334,1.0,8.0,0.9631304154270623,4.0
0.427450800081715,25,1.0,0.4730392156862745,0.6422628951747088,193,0,215,0.5595238095238094,0.3857142857142857,1.0,1.0,12,13,1.1672007673636815,1.7368670235611696,24,0.5,0.6167979002624672,0.8821580459770115,1.30184529139144,25,12,12,13,0,0,0,0.2356208190321922,0.2303076013922691,peak2peak,sigma_only,ablation,0.0,0.0,1.0,position_only,0,3,80,"npos=3, noise=80",485,13.857142857142858,13.0,0.549155082130063,0.5386044350529395,0.3546666666666667,1.0082885744579624,0.4765625,0.36533333333333334,1.0,8.0,0.9631304154270623,4.0
0.2600861000828445,33,1.0,0.3088235294117647,0.4719101123595506,126,0,282,0.369047619047619,0.3285714285714285,1.0,1.0,12,21,0.9063249205872044,1.4418756210777668,33,0.3636363636363636,0.3884711779448621,0.970506362324544,1.290619098669922,33,12,12,21,0,0,0,0.1790857234348853,0.172134667634964,peak2peak,dist_int_90_10,distance_intensity,0.9,0.1,0.0,position_only,0,3,80,"npos=3, noise=80",485,13.857142857142858,13.0,0.3830889191812073,0.373859124317433,0.3546666666666667,1.0082885744579624,0.4765625,0.36533333333333334,1.0,8.0,0.9631304154270623,4.0
0.2297036000527441,34,1.0,0.3406862745098039,0.5082266910420475,139,0,269,0.4047619047619047,0.3428571428571428,1.0,1.0,12,22,0.958538517331624,1.3098703516429129,33,0.3636363636363636,0.4370179948586118,0.9490068754774638,1.2851826121715215,34,12,12,22,0,0,0,0.1719865351915359,0.1679916754364967,peak2peak,dist_int_75_25,distance_intensity,0.75,0.25,0.0,position_only,0,3,80,"npos=3, noise=80",485,13.857142857142858,13.0,0.4172620015002981,0.3968305728537984,0.3546666666666667,1.0082885744579624,0.4765625,0.36533333333333334,1.0,8.0,0.9631304154270623,4.0
0.2205634999554604,33,1.0,0.3946078431372549,0.5659050966608085,161,0,247,0.4571428571428571,0.3285714285714285,1.0,1.0,12,21,0.9919576409889596,1.291824212624329,32,0.375,0.5065963060686016,0.9449419267601086,1.2797461256731213,33,12,12,21,0,0,0,0.1705813029160102,0.1636847555637359,peak2peak,dist_int_60_40,distance_intensity,0.6,0.4,0.0,position_only,0,3,80,"npos=3, noise=80",485,13.857142857142858,13.0,0.4695078673727001,0.4355443815635978,0.3546666666666667,1.0082885744579624,0.4765625,0.36533333333333334,1.0,8.0,0.9631304154270623,4.0
0.2017188998870551,31,1.0,0.3700980392156863,0.5402504472271914,151,0,257,0.4238095238095238,0.3571428571428571,1.0,1.0,12,19,0.9160135499776184,1.2778355064776687,30,0.4,0.4623376623376623,0.9550858818600754,1.2925099718092163,31,12,12,19,0,0,0,0.1772282011806965,0.1752734929323196,peak2peak,dist_sig_90_10,distance_sigma,0.9,0.0,0.1,position_only,0,3,80,"npos=3, noise=80",485,13.857142857142858,13.0,0.4419932031042099,0.4260154574108062,0.3546666666666667,1.0082885744579624,0.4765625,0.36533333333333334,1.0,8.0,0.9631304154270623,4.0
0.2289367001503706,26,1.0,0.5,0.6666666666666666,204,0,204,0.5595238095238094,0.4285714285714285,1.0,1.0,12,14,1.0108067899445436,1.3401179342381235,26,0.4615384615384615,0.6200527704485488,0.9811822792592024,1.297177631600328,26,12,12,14,0,0,0,0.1784553825855255,0.1689292937517166,peak2peak,dist_sig_75_25,distance_sigma,0.75,0.0,0.25,position_only,0,3,80,"npos=3, noise=80",485,13.857142857142858,13.0,0.5624316758192759,0.5289142915132361,0.3546666666666667,1.0082885744579624,0.4765625,0.36533333333333334,1.0,8.0,0.9631304154270623,4.0
0.2072435999289155,27,1.0,0.4656862745098039,0.6354515050167223,190,0,218,0.5357142857142857,0.4571428571428571,1.0,1.0,12,15,1.0148426136117952,1.4222783589056724,27,0.4444444444444444,0.5936675461741425,0.9746808108877074,1.2737777978580294,27,12,12,15,0,0,0,0.1833967094620069,0.1809850484132766,peak2peak,dist_sig_60_40,distance_sigma,0.6,0.0,0.4,position_only,0,3,80,"npos=3, noise=80",485,13.857142857142858,13.0,0.5368987960620099,0.5068563938960865,0.3546666666666667,1.0082885744579624,0.4765625,0.36533333333333334,1.0,8.0,0.9631304154270623,4.0
0.2340101001318544,33,1.0,0.3186274509803921,0.483271375464684,130,0,278,0.3714285714285714,0.3571428571428571,1.0,1.0,12,21,0.9480176275743536,1.35346891002756,32,0.375,0.4116094986807387,0.95271546635183,1.293335207549672,33,12,12,21,0,0,0,0.1785895023494959,0.1747806370258331,peak2peak,dist_meta_80_10_10,all_terms,0.8,0.1,0.1,position_only,0,3,80,"npos=3, noise=80",485,13.857142857142858,13.0,0.3926791892881918,0.3866995069059786,0.3546666666666667,1.0082885744579624,0.4765625,0.36533333333333334,1.0,8.0,0.9631304154270623,4.0
0.3383771001826972,33,1.0,0.3259803921568627,0.4916820702402957,133,0,275,0.3880952380952381,0.3428571428571428,1.0,1.0,12,21,0.9782144104796532,1.3642693197633184,32,0.375,0.4289473684210526,0.9363013249376886,1.2971126275154097,33,12,12,21,0,0,0,0.1834543117632468,0.191786527633667,peak2peak,dist_meta_70_20_10,all_terms,0.7,0.2,0.1,position_only,0,3,80,"npos=3, noise=80",485,13.857142857142858,13.0,0.4035386458678165,0.3943827799628461,0.3546666666666667,1.0082885744579624,0.4765625,0.36533333333333334,1.0,8.0,0.9631304154270623,4.0
0.2625529000069946,31,1.0,0.3774509803921568,0.5480427046263345,154,0,254,0.4452380952380952,0.3714285714285714,1.0,1.0,12,19,1.0270170309911206,1.3985242103058382,28,0.4285714285714285,0.5297450424929179,0.9208891914537076,1.2861280487411688,31,12,12,19,0,0,0,0.190407712633411,0.1959530636668205,peak2peak,dist_meta_50_40_10,all_terms,0.5,0.4,0.1,position_only,0,3,80,"npos=3, noise=80",485,13.857142857142858,13.0,0.460941318630412,0.4579971825008773,0.3546666666666667,1.0082885744579624,0.4765625,0.36533333333333334,1.0,8.0,0.9631304154270623,4.0
0.4242748999968171,29,1.0,0.3455882352941176,0.5136612021857923,141,0,267,0.4071428571428571,0.3428571428571428,1.0,1.0,12,17,1.011177466881509,1.3503826518604425,27,0.4444444444444444,0.4816901408450704,0.9459799970144798,1.30184529139144,29,12,12,17,0,0,0,0.1857046484947204,0.1910807192325592,peak2peak,equal_all,all_terms,0.3333333333333333,0.3333333333333333,0.3333333333333333,position_only,0,3,80,"npos=3, noise=80",485,13.857142857142858,13.0,0.4270779210045652,0.4416468391404895,0.3546666666666667,1.0082885744579624,0.4765625,0.36533333333333334,1.0,8.0,0.9631304154270623,4.0
0.4122780000325292,33,1.0,0.3946078431372549,0.5659050966608085,161,0,247,0.4428571428571429,0.3714285714285714,1.0,1.0,12,21,0.897926015210976,1.1910698895643383,33,0.3636363636363636,0.4696969696969697,0.9788973478628652,1.2609656253844743,33,12,12,21,0,0,0,0.1574345355232556,0.1689128503203392,peak2peak,distance_only,ablation,1.0,0.0,0.0,position_only,1,3,80,"npos=3, noise=80",456,13.028571428571428,13.0,0.4607541569421942,0.4203455214966639,0.3773333333333333,1.0997558422057867,0.4985563041385948,0.38533333333333336,1.0,6.0,0.9505609715980109,3.6
0.1548613000195473,23,1.0,0.4362745098039216,0.6075085324232082,178,0,230,0.511904761904762,0.4142857142857142,1.0,1.0,12,11,1.1029952064395474,2.367021062221016,19,0.5789473684210527,0.6203389830508474,0.8593719979401557,1.0701025193825244,23,12,12,11,0,0,0,0.2401917198052009,0.1712223961949348,peak2peak,intensity_only,ablation,0.0,1.0,0.0,position_only,1,3,80,"npos=3, noise=80",456,13.028571428571428,13.0,0.5206450721212735,0.5593558758062508,0.3773333333333333,1.0997558422057867,0.4985563041385948,0.38533333333333336,1.0,6.0,0.9505609715980109,3.6
0.1573048999998718,25,1.0,0.3725490196078431,0.5428571428571428,152,0,256,0.4261904761904762,0.3857142857142857,1.0,1.0,12,13,0.9818186479824534,1.5530462963355511,24,0.5,0.4890710382513661,0.8845582255198624,1.151494780727771,25,12,12,13,0,0,0,0.1903559310982624,0.1746977344155311,peak2peak,sigma_only,ablation,0.0,0.0,1.0,position_only,1,3,80,"npos=3, noise=80",456,13.028571428571428,13.0,0.4476550262839611,0.4734582357533177,0.3773333333333333,1.0997558422057867,0.4985563041385948,0.38533333333333336,1.0,6.0,0.9505609715980109,3.6
0.1867889999412,32,1.0,0.3848039215686274,0.5557522123893806,157,0,251,0.4190476190476191,0.3571428571428571,1.0,1.0,12,20,0.897926015210976,1.1479243997075623,32,0.375,0.4444444444444444,0.9799661096805492,1.2483312123335906,32,12,12,20,0,0,0,0.1568574402481317,0.1683912202715873,peak2peak,dist_int_90_10,distance_intensity,0.9,0.1,0.0,position_only,1,3,80,"npos=3, noise=80",456,13.028571428571428,13.0,0.4459374550662205,0.4141663154937491,0.3773333333333333,1.0997558422057867,0.4985563041385948,0.38533333333333336,1.0,6.0,0.9505609715980109,3.6
0.2181160999462008,32,1.0,0.3700980392156863,0.5402504472271914,151,0,257,0.4119047619047619,0.3714285714285714,1.0,1.0,12,20,0.8650718296717664,1.1081889223642765,32,0.375,0.4282178217821782,0.9768293931945248,1.3198672021552913,32,12,12,20,0,0,0,0.1569677138080199,0.1681978851556778,peak2peak,dist_int_75_25,distance_intensity,0.75,0.25,0.0,position_only,1,3,80,"npos=3, noise=80",456,13.028571428571428,13.0,0.4340900679958438,0.4062950210814591,0.3773333333333333,1.0997558422057867,0.4985563041385948,0.38533333333333336,1.0,6.0,0.9505609715980109,3.6
0.233371099922806,30,1.0,0.3333333333333333,0.5,136,0,272,0.3785714285714286,0.3285714285714285,1.0,1.0,12,18,0.8490574207603758,1.0916404126583683,30,0.4,0.3916256157635468,0.9527904319622584,1.2043514288416672,30,12,12,18,0,0,0,0.1492598615586757,0.1529279127717018,peak2peak,dist_int_60_40,distance_intensity,0.6,0.4,0.0,position_only,1,3,80,"npos=3, noise=80",456,13.028571428571428,13.0,0.4002027341795377,0.3957635467980295,0.3773333333333333,1.0997558422057867,0.4985563041385948,0.38533333333333336,1.0,6.0,0.9505609715980109,3.6
0.2245225999504327,28,1.0,0.5024509803921569,0.6688417618270799,205,0,203,0.5452380952380952,0.4857142857142857,1.0,1.0,12,16,0.977100558328259,1.2160346492979124,28,0.4285714285714285,0.5871794871794872,0.97511151012129,1.116280878053975,28,12,12,16,0,0,0,0.1569271658857663,0.1689128503203392,peak2peak,dist_sig_90_10,distance_sigma,0.9,0.0,0.1,position_only,1,3,80,"npos=3, noise=80",456,13.028571428571428,13.0,0.5551432007062558,0.5065156051126687,0.3773333333333333,1.0997558422057867,0.4985563041385948,0.38533333333333336,1.0,6.0,0.9505609715980109,3.6
0.2414235000032931,26,1.0,0.4044117647058823,0.5759162303664922,165,0,243,0.4428571428571428,0.3714285714285714,1.0,1.0,12,14,1.0299978359204591,1.267147660956638,25,0.48,0.4973262032085561,0.9545281463550696,1.0977743987014597,26,12,12,14,0,0,0,0.1589406294127305,0.1597541868686676,peak2peak,dist_sig_75_25,distance_sigma,0.75,0.0,0.25,position_only,1,3,80,"npos=3, noise=80",456,13.028571428571428,13.0,0.4694088394941135,0.4758005111611517,0.3773333333333333,1.0997558422057867,0.4985563041385948,0.38533333333333336,1.0,6.0,0.9505609715980109,3.6
0.4304247999098152,26,1.0,0.4019607843137255,0.5734265734265734,164,0,244,0.4380952380952381,0.3714285714285714,1.0,1.0,12,14,0.991890177832925,1.3554203021985758,26,0.4615384615384615,0.4705882352941176,0.932210895875274,1.1372561934018983,26,12,12,14,0,0,0,0.1643496248871088,0.1652976348996162,peak2peak,dist_sig_60_40,distance_sigma,0.6,0.0,0.4,position_only,1,3,80,"npos=3, noise=80",456,13.028571428571428,13.0,0.4631057433643404,0.4607572819337525,0.3773333333333333,1.0997558422057867,0.4985563041385948,0.38533333333333336,1.0,6.0,0.9505609715980109,3.6
0.3193351000081748,28,1.0,0.5024509803921569,0.6688417618270799,205,0,203,0.5452380952380952,0.4857142857142857,1.0,1.0,12,16,0.969591190250062,1.2217765432767838,28,0.4285714285714285,0.5841836734693877,0.97511151012129,1.1991134780139925,28,12,12,16,0,0,0,0.1581356910367806,0.1697718128561973,peak2peak,dist_meta_80_10_10,all_terms,0.8,0.1,0.1,position_only,1,3,80,"npos=3, noise=80",456,13.028571428571428,13.0,0.5547219887800342,0.5057666516851439,0.3773333333333333,1.0997558422057867,0.4985563041385948,0.38533333333333336,1.0,6.0,0.9505609715980109,3.6
0.2439890000969171,28,1.0,0.4730392156862745,0.6422628951747088,193,0,215,0.5190476190476191,0.4142857142857142,1.0,1.0,12,16,0.9561653396520434,1.220415914490345,28,0.4285714285714285,0.5518987341772152,0.9609452114179006,1.0379571065318922,28,12,12,16,0,0,0,0.1593754924833774,0.1630194038152694,peak2peak,dist_meta_70_20_10,all_terms,0.7,0.2,0.1,position_only,1,3,80,"npos=3, noise=80",456,13.028571428571428,13.0,0.5300925424521464,0.4897605959125789,0.3773333333333333,1.0997558422057867,0.4985563041385948,0.38533333333333336,1.0,6.0,0.9505609715980109,3.6
0.2309648999944329,25,1.0,0.5098039215686274,0.6753246753246753,208,0,200,0.5571428571428572,0.5857142857142856,1.0,1.0,12,13,0.9209087438064728,1.2002570789863245,24,0.5,0.6341463414634146,0.942160174191134,1.2356967992827066,25,12,12,13,0,0,0,0.161396699026227,0.1706275567412376,peak2peak,dist_meta_50_40_10,all_terms,0.5,0.4,0.1,position_only,1,3,80,"npos=3, noise=80",456,13.028571428571428,13.0,0.5686165953782899,0.5493158061450745,0.3773333333333333,1.0997558422057867,0.4985563041385948,0.38533333333333336,1.0,6.0,0.9505609715980109,3.6
0.2241702999453991,26,1.0,0.392156862745098,0.5633802816901409,160,0,248,0.4428571428571428,0.3285714285714285,1.0,1.0,12,14,1.0343269870185252,1.468598114827901,26,0.4615384615384615,0.4732824427480916,0.9385419656971384,1.1385130267781742,26,12,12,14,0,0,0,0.1703395172953605,0.1642987579107284,peak2peak,equal_all,all_terms,0.3333333333333333,0.3333333333333333,0.3333333333333333,position_only,1,3,80,"npos=3, noise=80",456,13.028571428571428,13.0,0.4595180667702504,0.45989776592615,0.3773333333333333,1.0997558422057867,0.4985563041385948,0.38533333333333336,1.0,6.0,0.9505609715980109,3.6
0.2696909999940544,33,1.0,0.2647058823529412,0.4186046511627907,108,0,300,0.3214285714285714,0.3,1.0,1.0,12,21,0.9908357314267204,1.1941267980762076,32,0.375,0.3648648648648648,0.9729004329004328,1.1783750335931196,33,12,12,21,0,0,0,0.1530886404216289,0.1343846842646598,peak2peak,distance_only,ablation,1.0,0.0,0.0,position_only,2,3,80,"npos=3, noise=80",437,12.485714285714286,12.0,0.3406735641754177,0.3570800035916315,0.41333333333333333,1.3056814255589713,0.5088536812674743,0.43066666666666664,1.0,13.0,1.1197473781799803,5.6
0.2446365999057889,27,1.0,0.4019607843137255,0.5734265734265734,164,0,244,0.4928571428571429,0.4428571428571428,1.0,1.0,12,15,1.0926460290626072,1.6686417680931651,25,0.48,0.5982658959537572,0.8705314832629647,1.1974696279346482,27,12,12,15,0,0,0,0.2100753697256247,0.2093229219317436,peak2peak,intensity_only,ablation,0.0,1.0,0.0,position_only,2,3,80,"npos=3, noise=80",437,12.485714285714286,12.0,0.4955700342116512,0.5055375029594683,0.41333333333333333,1.3056814255589713,0.5088536812674743,0.43066666666666664,1.0,13.0,1.1197473781799803,5.6
0.173214599955827,22,1.0,0.4632352941176471,0.6331658291457286,189,0,219,0.5261904761904762,0.4,1.0,1.0,12,10,1.123940579958734,1.8055492926397407,19,0.631578947368421,0.6927899686520376,0.8863712311080733,1.1920709498119944,22,12,12,10,0,0,0,0.2204129720727602,0.2317881360650062,peak2peak,sigma_only,ablation,0.0,0.0,1.0,position_only,2,3,80,"npos=3, noise=80",437,12.485714285714286,12.0,0.5478342517434438,0.6050812845585711,0.41333333333333333,1.3056814255589713,0.5088536812674743,0.43066666666666664,1.0,13.0,1.1197473781799803,5.6
0.2290217999834567,29,1.0,0.3161764705882353,0.4804469273743016,129,0,279,0.369047619047619,0.3428571428571428,1.0,1.0,12,17,0.9877307538265772,1.196253961481057,28,0.4285714285714285,0.4329608938547486,0.9704844006568144,1.168788032633853,29,12,12,17,0,0,0,0.1555679521212975,0.1343846842646598,peak2peak,dist_int_90_10,distance_intensity,0.9,0.1,0.0,position_only,2,3,80,"npos=3, noise=80",437,12.485714285714286,12.0,0.3937255122004182,0.4126629422718808,0.41333333333333333,1.3056814255589713,0.5088536812674743,0.43066666666666664,1.0,13.0,1.1197473781799803,5.6
0.3235040998551994,27,1.0,0.3872549019607843,0.5583038869257951,158,0,250,0.4333333333333333,0.3857142857142857,1.0,1.0,12,15,0.9892832426266488,1.2018782385916675,26,0.4615384615384615,0.5083798882681564,0.9728564645231312,1.0974761149344652,27,12,12,15,0,0,0,0.1522941992928584,0.1312450617551803,peak2peak,dist_int_75_25,distance_intensity,0.75,0.25,0.0,position_only,2,3,80,"npos=3, noise=80",437,12.485714285714286,12.0,0.4600324478766044,0.4667044674009161,0.41333333333333333,1.3056814255589713,0.5088536812674743,0.43066666666666664,1.0,13.0,1.1197473781799803,5.6
0.2019505000207573,27,1.0,0.409313725490196,0.5808695652173913,167,0,241,0.4619047619047619,0.3857142857142857,1.0,1.0,12,15,0.9759397324664782,1.204183159301877,27,0.4444444444444444,0.5286103542234333,0.9657225853304284,1.2866931006851066,27,12,12,15,0,0,0,0.1558567956089973,0.1415121480822563,peak2peak,dist_int_60_40,distance_intensity,0.6,0.4,0.0,position_only,2,3,80,"npos=3, noise=80",437,12.485714285714286,12.0,0.4815427522216518,0.4722947555675905,0.41333333333333333,1.3056814255589713,0.5088536812674743,0.43066666666666664,1.0,13.0,1.1197473781799803,5.6
0.232332699932158,29,1.0,0.392156862745098,0.5633802816901409,160,0,248,0.4380952380952381,0.3857142857142857,1.0,1.0,12,17,0.9576555768955172,1.129160439833797,29,0.4137931034482758,0.4972972972972973,0.9571801761456934,1.1783750335931196,29,12,12,17,0,0,0,0.1521753724664449,0.1360270977020263,peak2peak,dist_sig_90_10,distance_sigma,0.9,0.0,0.1,position_only,2,3,80,"npos=3, noise=80",437,12.485714285714286,12.0,0.4622173365501164,0.4463271458511866,0.41333333333333333,1.3056814255589713,0.5088536812674743,0.43066666666666664,1.0,13.0,1.1197473781799803,5.6
0.2849882999435067,28,1.0,0.4313725490196078,0.6027397260273972,176,0,232,0.4714285714285715,0.3571428571428571,1.0,1.0,12,16,0.955565102353014,1.1318815371033022,28,0.4285714285714285,0.5395095367847411,0.9757884972170688,1.3227573388184668,28,12,12,16,0,0,0,0.152268897742033,0.1360270977020263,peak2peak,dist_sig_75_25,distance_sigma,0.75,0.0,0.25,position_only,2,3,80,"npos=3, noise=80",437,12.485714285714286,12.0,0.4965700672547289,0.4739967579730933,0.41333333333333333,1.3056814255589713,0.5088536812674743,0.43066666666666664,1.0,13.0,1.1197473781799803,5.6
0.2406542999669909,25,1.0,0.4117647058823529,0.5833333333333334,168,0,240,0.4642857142857142,0.3428571428571428,1.0,1.0,12,13,0.9985281816281194,1.2592476115649731,25,0.48,0.5342465753424658,0.975593395252838,1.2410925017649477,25,12,12,13,0,0,0,0.1663019427408774,0.1450201496481895,peak2peak,dist_sig_60_40,distance_sigma,0.6,0.0,0.4,position_only,2,3,80,"npos=3, noise=80",437,12.485714285714286,12.0,0.4841306008583597,0.4886568819308546,0.41333333333333333,1.3056814255589713,0.5088536812674743,0.43066666666666664,1.0,13.0,1.1197473781799803,5.6
0.2883487001527101,28,1.0,0.3897058823529412,0.5608465608465609,159,0,249,0.4333333333333333,0.3857142857142857,1.0,1.0,12,16,0.9576555768955172,1.1532311579416197,28,0.4285714285714285,0.490566037735849,0.9757884972170688,1.17353991942838,28,12,12,16,0,0,0,0.151461886242032,0.1355363354086876,peak2peak,dist_meta_80_10_10,all_terms,0.8,0.1,0.1,position_only,2,3,80,"npos=3, noise=80",437,12.485714285714286,12.0,0.4587503110036329,0.4495727263651792,0.41333333333333333,1.3056814255589713,0.5088536812674743,0.43066666666666664,1.0,13.0,1.1197473781799803,5.6
0.2231463999487459,27,1.0,0.409313725490196,0.5808695652173913,167,0,241,0.4619047619047619,0.3714285714285714,1.0,1.0,12,15,0.95337809777058,1.1585036789481973,27,0.4444444444444444,0.5388888888888889,0.9769459298871064,1.1783750335931196,27,12,12,15,0,0,0,0.155239666501681,0.1389629021286964,peak2peak,dist_meta_70_20_10,all_terms,0.7,0.2,0.1,position_only,2,3,80,"npos=3, noise=80",437,12.485714285714286,12.0,0.4831691385515797,0.4748643892339544,0.41333333333333333,1.3056814255589713,0.5088536812674743,0.43066666666666664,1.0,13.0,1.1197473781799803,5.6
0.2791451001539826,27,1.0,0.3651960784313725,0.5350089766606821,149,0,259,0.4214285714285715,0.3571428571428571,1.0,1.0,12,15,1.0034124109452494,1.22250158193102,27,0.4444444444444444,0.4862637362637362,0.9727331673410106,1.2866931006851066,27,12,12,15,0,0,0,0.1656966153532266,0.1389629021286964,peak2peak,dist_meta_50_40_10,all_terms,0.5,0.4,0.1,position_only,2,3,80,"npos=3, noise=80",437,12.485714285714286,12.0,0.4420383950859997,0.4484883643187054,0.41333333333333333,1.3056814255589713,0.5088536812674743,0.43066666666666664,1.0,13.0,1.1197473781799803,5.6
0.2504821000620723,23,1.0,0.3823529411764705,0.5531914893617021,156,0,252,0.4357142857142857,0.3571428571428571,1.0,1.0,12,11,1.0684605276761274,1.3828920663874915,23,0.5217391304347826,0.5111731843575419,0.9619900576027776,1.1974696279346482,23,12,12,11,0,0,0,0.1753205365190903,0.1655235737562179,peak2peak,equal_all,all_terms,0.3333333333333333,0.3333333333333333,0.3333333333333333,position_only,2,3,80,"npos=3, noise=80",437,12.485714285714286,12.0,0.4581935667842683,0.4906986747070676,0.41333333333333333,1.3056814255589713,0.5088536812674743,0.43066666666666664,1.0,13.0,1.1197473781799803,5.6
0.2184727001003921,29,1.0,0.4950980392156863,0.6622950819672131,202,0,206,0.5357142857142857,0.4428571428571428,1.0,1.0,12,17,0.8173444550489642,1.1041354653060895,27,0.4444444444444444,0.6064690026954178,0.9523287057769816,1.2450677700862092,29,12,12,17,0,0,0,0.1390008597324291,0.1433140337467193,peak2peak,distance_only,ablation,1.0,0.0,0.0,position_only,3,3,80,"npos=3, noise=80",492,14.057142857142855,14.0,0.552981421110057,0.5154254734165035,0.30800000000000005,1.6364018331960763,0.3370110330992979,0.328,0.9959514170040485,14.0,1.292252335793773,6.6
0.321864299941808,24,1.0,0.4632352941176471,0.6331658291457286,189,0,219,0.5285714285714286,0.4428571428571428,1.0,1.0,12,12,0.898687542938739,1.5784997604451008,19,0.5789473684210527,0.6463414634146342,0.8277223170114426,1.06864734260679,24,12,12,12,0,0,0,0.2147951442748308,0.1816690042614936,peak2peak,intensity_only,ablation,0.0,1.0,0.0,position_only,3,3,80,"npos=3, noise=80",492,14.057142857142855,14.0,0.5423069129418963,0.5726546219083681,0.30800000000000005,1.6364018331960763,0.3370110330992979,0.328,0.9959514170040485,14.0,1.292252335793773,6.6
0.2866594998631626,29,1.0,0.4411764705882353,0.6122448979591837,180,0,228,0.4976190476190476,0.3857142857142857,1.0,1.0,12,17,0.8200818223474413,1.2799166984254322,25,0.4,0.4739583333333333,0.864300495537818,1.2455343296238128,29,12,12,17,0,0,0,0.1886432524770498,0.1880977377295494,peak2peak,sigma_only,ablation,0.0,0.0,1.0,position_only,3,3,80,"npos=3, noise=80",492,14.057142857142855,14.0,0.4985456540505508,0.4507004676870749,0.30800000000000005,1.6364018331960763,0.3370110330992979,0.328,0.9959514170040485,14.0,1.292252335793773,6.6
0.5601073000580072,32,1.0,0.4681372549019608,0.6377295492487479,191,0,217,0.5,0.3285714285714285,1.0,1.0,12,20,0.7671610543852838,1.0633609203465133,32,0.375,0.481651376146789,0.97979083994709,1.2285139909928553,32,12,12,20,0,0,0,0.1348280689368645,0.1433140337467193,peak2peak,dist_int_90_10,distance_intensity,0.9,0.1,0.0,position_only,3,3,80,"npos=3, noise=80",492,14.057142857142855,14.0,0.5132356270924475,0.4479587538864468,0.30800000000000005,1.6364018331960763,0.3370110330992979,0.328,0.9959514170040485,14.0,1.292252335793773,6.6
0.4736162000335753,33,1.0,0.4166666666666667,0.5882352941176471,170,0,238,0.4476190476190476,0.3,1.0,1.0,12,21,0.7499311784901703,1.0084340794122422,33,0.3636363636363636,0.4243792325056433,0.96160105326772,1.2119602118995012,33,12,12,21,0,0,0,0.1347518749535083,0.1433140337467193,peak2peak,dist_int_75_25,distance_intensity,0.75,0.25,0.0,position_only,3,3,80,"npos=3, noise=80",492,14.057142857142855,14.0,0.4668670519200938,0.4139583171663905,0.30800000000000005,1.6364018331960763,0.3370110330992979,0.328,0.9959514170040485,14.0,1.292252335793773,6.6
0.4538624999113381,30,1.0,0.4926470588235294,0.6600985221674877,201,0,207,0.5357142857142857,0.4714285714285714,1.0,1.0,12,18,0.7657836047852437,1.0907910846289948,30,0.4,0.5056179775280899,0.9583613916947252,1.1969924684073638,30,12,12,18,0,0,0,0.1429042673359314,0.1606034711003303,peak2peak,dist_int_60_40,distance_intensity,0.6,0.4,0.0,position_only,3,3,80,"npos=3, noise=80",492,14.057142857142855,14.0,0.5369488406235842,0.4719956273869486,0.30800000000000005,1.6364018331960763,0.3370110330992979,0.328,0.9959514170040485,14.0,1.292252335793773,6.6
0.3245465999934822,29,1.0,0.4632352941176471,0.6331658291457286,189,0,219,0.4976190476190476,0.3714285714285714,1.0,1.0,12,17,0.7168709451418137,0.8897881424322096,29,0.4137931034482758,0.4826789838337182,0.9705747126436782,1.2847481165643635,29,12,12,17,0,0,0,0.125583566725254,0.1323265135288238,peak2peak,dist_sig_90_10,distance_sigma,0.9,0.0,0.1,position_only,3,3,80,"npos=3, noise=80",492,14.057142857142855,14.0,0.5107012580084022,0.4625820579287903,0.30800000000000005,1.6364018331960763,0.3370110330992979,0.328,0.9959514170040485,14.0,1.292252335793773,6.6
0.423060999950394,29,1.0,0.4215686274509804,0.593103448275862,172,0,236,0.4571428571428571,0.3571428571428571,1.0,1.0,12,17,0.7171202671252317,0.9485127477394468,28,0.4285714285714285,0.4694376528117359,0.9612400530503978,1.25919608996485,29,12,12,17,0,0,0,0.1294151109953721,0.1367642804980278,peak2peak,dist_sig_75_25,distance_sigma,0.75,0.0,0.25,position_only,3,3,80,"npos=3, noise=80",492,14.057142857142855,14.0,0.478563885343686,0.4531229600009635,0.30800000000000005,1.6364018331960763,0.3370110330992979,0.328,0.9959514170040485,14.0,1.292252335793773,6.6
0.5794501998461783,28,1.0,0.5,0.6666666666666666,204,0,204,0.5380952380952381,0.4714285714285714,1.0,1.0,12,16,0.7393184942103403,0.993372348479446,28,0.4285714285714285,0.5113122171945701,0.968411330049261,1.1851553327660744,28,12,12,16,0,0,0,0.1295182760804891,0.1401380896568298,peak2peak,dist_sig_60_40,distance_sigma,0.6,0.0,0.4,position_only,3,3,80,"npos=3, noise=80",492,14.057142857142855,14.0,0.5417815310830395,0.4863994828700711,0.30800000000000005,1.6364018331960763,0.3370110330992979,0.328,0.9959514170040485,14.0,1.292252335793773,6.6
0.4249935001134872,29,1.0,0.4240196078431372,0.59552495697074,173,0,235,0.4595238095238095,0.3142857142857143,1.0,1.0,12,17,0.7093709315284175,0.8610847653789642,28,0.4285714285714285,0.4617224880382775,0.9721551724137932,1.2119602118995012,29,12,12,17,0,0,0,0.1254063590119282,0.1323265135288238,peak2peak,dist_meta_80_10_10,all_terms,0.8,0.1,0.1,position_only,3,3,80,"npos=3, noise=80",492,14.057142857142855,14.0,0.4792416630788324,0.4519165657846697,0.30800000000000005,1.6364018331960763,0.3370110330992979,0.328,0.9959514170040485,14.0,1.292252335793773,6.6
0.2934330001007765,30,1.0,0.4264705882352941,0.5979381443298969,174,0,234,0.4642857142857142,0.3,1.0,1.0,12,18,0.7690041093301444,0.9949680822731568,30,0.4,0.4441913439635535,0.9725206482780115,1.119651081470871,30,12,12,18,0,0,0,0.1282752988239129,0.1299183219671249,peak2peak,dist_meta_70_20_10,all_terms,0.7,0.2,0.1,position_only,3,3,80,"npos=3, noise=80",492,14.057142857142855,14.0,0.478785436920922,0.4370640362854393,0.30800000000000005,1.6364018331960763,0.3370110330992979,0.328,0.9959514170040485,14.0,1.292252335793773,6.6
0.3031919999048114,30,1.0,0.375,0.5454545454545454,153,0,255,0.419047619047619,0.2571428571428571,1.0,1.0,12,18,0.7705710461756861,1.208244513581734,30,0.4,0.4009111617312073,0.967593954248366,1.158887777353855,30,12,12,18,0,0,0,0.1559114400297403,0.1590813770890236,peak2peak,dist_meta_50_40_10,all_terms,0.5,0.4,0.1,position_only,3,3,80,"npos=3, noise=80",492,14.057142857142855,14.0,0.4347362103256997,0.4112234614284728,0.30800000000000005,1.6364018331960763,0.3370110330992979,0.328,0.9959514170040485,14.0,1.292252335793773,6.6
0.3285392997786402,27,1.0,0.4068627450980392,0.578397212543554,166,0,242,0.4452380952380952,0.3285714285714285,1.0,1.0,12,15,0.7308168127991373,0.9818517160524788,26,0.4615384615384615,0.4572127139364303,0.9429889371015132,1.1595272174733262,27,12,12,15,0,0,0,0.1330526092400153,0.1473857909440994,peak2peak,equal_all,all_terms,0.3333333333333333,0.3333333333333333,0.3333333333333333,position_only,3,3,80,"npos=3, noise=80",492,14.057142857142855,14.0,0.4663494741237686,0.4591218151320125,0.30800000000000005,1.6364018331960763,0.3370110330992979,0.328,0.9959514170040485,14.0,1.292252335793773,6.6
0.3646974998991936,34,1.0,0.3799019607843137,0.5506216696269982,155,0,253,0.4142857142857142,0.2857142857142857,1.0,1.0,12,22,0.8978119905214101,1.3341374902064984,31,0.3870967741935484,0.435,0.9152979373567608,1.0938899793166896,34,12,12,22,0,0,0,0.1687230290845036,0.129775583744049,peak2peak,distance_only,ablation,1.0,0.0,0.0,position_only,0,5,100,"npos=5, noise=100",458,13.085714285714284,13.0,0.4407654684204723,0.4151416150313904,0.3546666666666667,1.0082885744579624,0.4765625,0.36533333333333334,1.0,8.0,0.9631304154270623,4.0
0.3871927000582218,26,1.0,0.5147058823529411,0.6796116504854368,210,0,198,0.5880952380952381,0.6,1.0,1.0,12,14,1.0609757140455625,1.9906411274322835,21,0.4761904761904761,0.6284153005464481,0.7936478060781222,1.1900282292005429,26,12,12,14,0,0,0,0.2514445688575506,0.2385528534650802,peak2peak,intensity_only,ablation,0.0,1.0,0.0,position_only,0,5,100,"npos=5, noise=100",458,13.085714285714284,13.0,0.5771132709208243,0.5423118695194137,0.3546666666666667,1.0082885744579624,0.4765625,0.36533333333333334,1.0,8.0,0.9631304154270623,4.0
0.4574718000367284,25,1.0,0.3799019607843137,0.5506216696269982,155,0,253,0.45,0.3571428571428571,1.0,1.0,12,13,1.0218203276857667,1.6098430976090352,22,0.5,0.4650537634408602,0.8640724896019014,1.1812640159302914,25,12,12,13,0,0,0,0.2114706657206018,0.175225131213665,peak2peak,sigma_only,ablation,0.0,0.0,1.0,position_only,0,5,100,"npos=5, noise=100",458,13.085714285714284,13.0,0.4537370731008065,0.4713877747856147,0.3546666666666667,1.0082885744579624,0.4765625,0.36533333333333334,1.0,8.0,0.9631304154270623,4.0
0.3869762998074293,30,1.0,0.3970588235294117,0.5684210526315789,162,0,246,0.4357142857142857,0.2857142857142857,1.0,1.0,12,18,0.8058523502026174,1.1055370689048056,28,0.4285714285714285,0.452970297029703,0.9239664224664226,1.5030260280337573,30,12,12,18,0,0,0,0.1642472085853417,0.129775583744049,peak2peak,dist_int_90_10,distance_intensity,0.9,0.1,0.0,position_only,0,5,100,"npos=5, noise=100",458,13.085714285714284,13.0,0.4580626959855565,0.4419267847837415,0.3546666666666667,1.0082885744579624,0.4765625,0.36533333333333334,1.0,8.0,0.9631304154270623,4.0
0.3937259002123028,25,1.0,0.6200980392156863,0.7655068078668684,253,0,155,0.6595238095238096,0.7571428571428571,1.0,1.0,12,13,0.855346908639537,1.0566552806689755,24,0.5,0.6994949494949495,0.9366411170528818,1.606104654814141,25,12,12,13,0,0,0,0.1676669996231794,0.1331542208790779,peak2peak,dist_int_75_25,distance_intensity,0.75,0.25,0.0,position_only,0,5,100,"npos=5, noise=100",458,13.085714285714284,13.0,0.6493510478312309,0.5939274798994921,0.3546666666666667,1.0082885744579624,0.4765625,0.36533333333333334,1.0,8.0,0.9631304154270623,4.0
0.3976392999757081,24,1.0,0.6102941176470589,0.7579908675799087,249,0,159,0.6547619047619048,0.7571428571428571,1.0,1.0,12,12,0.8652532810058187,1.1025589885521183,23,0.5217391304347826,0.6756756756756757,0.940993265993266,1.4980032240515102,24,12,12,12,0,0,0,0.1697943937033414,0.1348415538668632,peak2peak,dist_int_60_40,distance_intensity,0.6,0.4,0.0,position_only,0,5,100,"npos=5, noise=100",458,13.085714285714284,13.0,0.64079256152801,0.5946889350850042,0.3546666666666667,1.0082885744579624,0.4765625,0.36533333333333334,1.0,8.0,0.9631304154270623,4.0
0.3596379999071359,33,1.0,0.284313725490196,0.4427480916030534,116,0,292,0.3309523809523809,0.2857142857142857,1.0,1.0,12,21,0.9803725636356008,1.3037220185676206,33,0.3636363636363636,0.3317422434367542,0.9432552414905356,1.177440849022649,33,12,12,21,0,0,0,0.1600227421149611,0.129775583744049,peak2peak,dist_sig_90_10,distance_sigma,0.9,0.0,0.1,position_only,0,5,100,"npos=5, noise=100",458,13.085714285714284,13.0,0.3501970804415016,0.3500349627295828,0.3546666666666667,1.0082885744579624,0.4765625,0.36533333333333334,1.0,8.0,0.9631304154270623,4.0
0.5017695999704301,33,1.0,0.3602941176470588,0.5297297297297298,147,0,261,0.4023809523809523,0.2857142857142857,1.0,1.0,12,21,0.978288342948125,1.3253600434938149,32,0.375,0.3948598130841121,0.9527081252081252,1.3323259054489918,33,12,12,21,0,0,0,0.1505208316569527,0.129775583744049,peak2peak,dist_sig_75_25,distance_sigma,0.75,0.0,0.25,position_only,0,5,100,"npos=5, noise=100",458,13.085714285714284,13.0,0.4210204936366643,0.3948989944550692,0.3546666666666667,1.0082885744579624,0.4765625,0.36533333333333334,1.0,8.0,0.9631304154270623,4.0
0.5564677999354899,26,1.0,0.3872549019607843,0.5583038869257951,158,0,250,0.45,0.3571428571428571,1.0,1.0,12,14,0.9264483343253692,1.1681133339471734,25,0.48,0.4576271186440678,0.9409446322907862,1.1523191525029033,26,12,12,14,0,0,0,0.152070179892083,0.1314550079405307,peak2peak,dist_sig_60_40,distance_sigma,0.6,0.0,0.4,position_only,0,5,100,"npos=5, noise=100",458,13.085714285714284,13.0,0.4568218300057876,0.4630675570461759,0.3546666666666667,1.0082885744579624,0.4765625,0.36533333333333334,1.0,8.0,0.9631304154270623,4.0
0.5249074001330882,33,1.0,0.284313725490196,0.4427480916030534,116,0,292,0.3261904761904762,0.2857142857142857,1.0,1.0,12,21,0.9799211552620674,1.2328275096039996,32,0.375,0.3407960199004975,0.955458152958153,1.177440849022649,33,12,12,21,0,0,0,0.1584765727942188,0.129775583744049,peak2peak,dist_meta_80_10_10,all_terms,0.8,0.1,0.1,position_only,0,5,100,"npos=5, noise=100",458,13.085714285714284,13.0,0.3503663635019876,0.3563676709147827,0.3546666666666667,1.0082885744579624,0.4765625,0.36533333333333334,1.0,8.0,0.9631304154270623,4.0
0.5076523998286575,27,1.0,0.5661764705882353,0.7230046948356808,231,0,177,0.611904761904762,0.6571428571428571,1.0,1.0,12,15,0.8280657319304405,1.1274328297144325,27,0.4444444444444444,0.6222760290556901,0.946759013133282,1.246002390822592,27,12,12,15,0,0,0,0.1569890932490428,0.1329569742083549,peak2peak,dist_meta_70_20_10,all_terms,0.7,0.2,0.1,position_only,0,5,100,"npos=5, noise=100",458,13.085714285714284,13.0,0.6047146957576451,0.5391382001993127,0.3546666666666667,1.0082885744579624,0.4765625,0.36533333333333334,1.0,8.0,0.9631304154270623,4.0
0.4502316999714821,26,1.0,0.5759803921568627,0.7309486780715396,235,0,173,0.6357142857142857,0.6285714285714286,1.0,1.0,12,14,0.8226312986835153,1.0807901878233563,26,0.4615384615384615,0.6433734939759036,0.9511657202446676,1.4002360697118488,26,12,12,14,0,0,0,0.1484782168020804,0.1295788437128067,peak2peak,dist_meta_50_40_10,all_terms,0.5,0.4,0.1,position_only,0,5,100,"npos=5, noise=100",458,13.085714285714284,13.0,0.6178240671906636,0.5552199222950971,0.3546666666666667,1.0082885744579624,0.4765625,0.36533333333333334,1.0,8.0,0.9631304154270623,4.0
0.5199899000581354,28,1.0,0.3897058823529412,0.5608465608465609,159,0,249,0.4428571428571428,0.3571428571428571,1.0,1.0,12,16,0.8718353608059839,1.178578611691112,27,0.4444444444444444,0.4547677261613692,0.941832869511441,1.1830242090940084,28,12,12,16,0,0,0,0.1515292484934131,0.138678453862667,peak2peak,equal_all,all_terms,0.3333333333333333,0.3333333333333333,0.3333333333333333,position_only,0,5,100,"npos=5, noise=100",458,13.085714285714284,13.0,0.4560833424587491,0.4479247357731466,0.3546666666666667,1.0082885744579624,0.4765625,0.36533333333333334,1.0,8.0,0.9631304154270623,4.0
0.2061032999772578,32,1.0,0.4411764705882353,0.6122448979591837,180,0,228,0.4833333333333333,0.4285714285714286,1.0,1.0,12,20,1.1165799633437388,1.2806336947033028,29,0.4137931034482758,0.5259067357512953,0.916834641053391,1.450424605780804,32,12,12,20,0,0,0,0.1720577925443649,0.181155189871788,peak2peak,distance_only,ablation,1.0,0.0,0.0,position_only,1,5,100,"npos=5, noise=100",475,13.571428571428571,13.0,0.5016546178130804,0.4677762382423043,0.3773333333333333,1.0997558422057867,0.4985563041385948,0.38533333333333336,1.0,6.0,0.9505609715980109,3.6
0.4143685000017285,27,1.0,0.3946078431372549,0.5659050966608085,161,0,247,0.4428571428571428,0.2714285714285714,1.0,1.0,12,15,1.2841238894767115,1.5387569212463894,26,0.4615384615384615,0.4592592592592592,0.9201466362644966,1.3942673712492342,27,12,12,15,0,0,0,0.1876492680360873,0.1953155696392059,peak2peak,intensity_only,ablation,0.0,1.0,0.0,position_only,1,5,100,"npos=5, noise=100",475,13.571428571428571,13.0,0.4577402583480411,0.4568969330480754,0.3773333333333333,1.0997558422057867,0.4985563041385948,0.38533333333333336,1.0,6.0,0.9505609715980109,3.6
0.3615806000307202,25,1.0,0.5,0.6666666666666666,204,0,204,0.5666666666666665,0.6571428571428571,1.0,1.0,12,13,1.1772156975833057,1.462532551526169,24,0.5,0.5804878048780487,0.9087786863588962,1.3736243004141244,25,12,12,13,0,0,0,0.1835000483940045,0.1805942505598068,peak2peak,sigma_only,ablation,0.0,0.0,1.0,position_only,1,5,100,"npos=5, noise=100",475,13.571428571428571,13.0,0.5576586118657698,0.5351219512195121,0.3773333333333333,1.0997558422057867,0.4985563041385948,0.38533333333333336,1.0,6.0,0.9505609715980109,3.6
0.2563085001893341,33,1.0,0.3627450980392157,0.5323741007194245,148,0,260,0.4047619047619048,0.3571428571428571,1.0,1.0,12,21,1.2094413379375215,1.3404564110784265,31,0.3870967741935484,0.430379746835443,0.927443208964948,1.4185657944685792,33,12,12,21,0,0,0,0.1673461965595682,0.1758339926600456,peak2peak,dist_int_90_10,distance_intensity,0.9,0.1,0.0,position_only,1,5,100,"npos=5, noise=100",475,13.571428571428571,13.0,0.4273990835582392,0.4093846570063555,0.3773333333333333,1.0997558422057867,0.4985563041385948,0.38533333333333336,1.0,6.0,0.9505609715980109,3.6
0.2301394999958574,31,1.0,0.4019607843137255,0.5734265734265734,164,0,244,0.4452380952380952,0.4285714285714286,1.0,1.0,12,19,1.2343943378357043,1.412036429001836,31,0.3870967741935484,0.4506024096385542,0.9365332159290232,1.3942673712492342,31,12,12,19,0,0,0,0.1734388405457139,0.1792604774236679,peak2peak,dist_int_75_25,distance_intensity,0.75,0.25,0.0,position_only,1,5,100,"npos=5, noise=100",475,13.571428571428571,13.0,0.4609841932017097,0.4266984362961821,0.3773333333333333,1.0997558422057867,0.4985563041385948,0.38533333333333336,1.0,6.0,0.9505609715980109,3.6
0.2165252999402582,26,1.0,0.5735294117647058,0.7289719626168224,234,0,174,0.6142857142857142,0.6428571428571428,1.0,1.0,12,14,1.2094413379375215,1.4063271398505912,26,0.4615384615384615,0.6386138613861386,0.933393999212077,1.469812511915194,26,12,12,14,0,0,0,0.1839840039610862,0.1792604774236679,peak2peak,dist_int_60_40,distance_intensity,0.6,0.4,0.0,position_only,1,5,100,"npos=5, noise=100",475,13.571428571428571,13.0,0.6093140840704948,0.5514918139138552,0.3773333333333333,1.0997558422057867,0.4985563041385948,0.38533333333333336,1.0,6.0,0.9505609715980109,3.6
0.2380403999704867,34,1.0,0.3235294117647059,0.4888888888888889,132,0,276,0.3595238095238096,0.2714285714285714,1.0,1.0,12,22,1.1917174248459252,1.3287019819593182,33,0.3636363636363636,0.363855421686747,0.937918552036199,1.415268683822554,34,12,12,22,0,0,0,0.1657772418111562,0.1572434082627296,peak2peak,dist_sig_90_10,distance_sigma,0.9,0.0,0.1,position_only,1,5,100,"npos=5, noise=100",475,13.571428571428571,13.0,0.3844347697352366,0.370148559606391,0.3773333333333333,1.0997558422057867,0.4985563041385948,0.38533333333333336,1.0,6.0,0.9505609715980109,3.6
0.2528919999022037,30,1.0,0.4901960784313725,0.6578947368421052,200,0,208,0.5357142857142857,0.4714285714285714,1.0,1.0,12,18,1.1242310025849496,1.273839831172454,29,0.4137931034482758,0.5610972568578554,0.9417892156862744,1.3930989579671111,30,12,12,18,0,0,0,0.1750892996788025,0.1816524192690849,peak2peak,dist_sig_75_25,distance_sigma,0.75,0.0,0.25,position_only,1,5,100,"npos=5, noise=100",475,13.571428571428571,13.0,0.5428246621186088,0.4909419315336238,0.3773333333333333,1.0997558422057867,0.4985563041385948,0.38533333333333336,1.0,6.0,0.9505609715980109,3.6
0.3345970001537353,30,1.0,0.5049019607843137,0.6710097719869706,206,0,202,0.5642857142857143,0.5285714285714286,1.0,1.0,12,18,1.1324109707390326,1.320284135030636,30,0.4,0.5629453681710214,0.9389827022763128,1.367059383583337,30,12,12,18,0,0,0,0.1750608347356319,0.1736268550157547,peak2peak,dist_sig_60_40,distance_sigma,0.6,0.0,0.4,position_only,1,5,100,"npos=5, noise=100",475,13.571428571428571,13.0,0.5567715786502957,0.4913668678687209,0.3773333333333333,1.0997558422057867,0.4985563041385948,0.38533333333333336,1.0,6.0,0.9505609715980109,3.6
0.2519851000979543,31,1.0,0.3480392156862745,0.5163636363636364,142,0,266,0.3857142857142857,0.3428571428571428,1.0,1.0,12,19,1.2102239017246457,1.3556578235127683,30,0.4,0.398034398034398,0.9427862460120524,1.4160667556571005,31,12,12,19,0,0,0,0.1700225009893377,0.1736700683832168,peak2peak,dist_meta_80_10_10,all_terms,0.8,0.1,0.1,position_only,1,5,100,"npos=5, noise=100",475,13.571428571428571,13.0,0.4097772096840819,0.4013527553527554,0.3773333333333333,1.0997558422057867,0.4985563041385948,0.38533333333333336,1.0,6.0,0.9505609715980109,3.6
0.5433700999710709,30,1.0,0.3431372549019608,0.510948905109489,140,0,268,0.3785714285714285,0.3428571428571428,1.0,1.0,12,18,1.209898450667417,1.356008892079945,30,0.4,0.3887530562347188,0.9443650793650794,1.4051670634531672,30,12,12,18,0,0,0,0.1683877840017279,0.1700053289532661,peak2peak,dist_meta_70_20_10,all_terms,0.7,0.2,0.1,position_only,1,5,100,"npos=5, noise=100",475,13.571428571428571,13.0,0.4038931489428066,0.3972351879377204,0.3773333333333333,1.0997558422057867,0.4985563041385948,0.38533333333333336,1.0,6.0,0.9505609715980109,3.6
0.316596700111404,32,1.0,0.4044117647058823,0.5759162303664922,165,0,243,0.4452380952380952,0.3714285714285714,1.0,1.0,12,20,1.1917174248459252,1.383582498196744,32,0.375,0.4410377358490566,0.9605097302078728,1.4026533528732743,32,12,12,20,0,0,0,0.1744088847190141,0.1689705476164817,peak2peak,dist_meta_50_40_10,all_terms,0.5,0.4,0.1,position_only,1,5,100,"npos=5, noise=100",475,13.571428571428571,13.0,0.4609543590269561,0.4199664895593721,0.3773333333333333,1.0997558422057867,0.4985563041385948,0.38533333333333336,1.0,6.0,0.9505609715980109,3.6
0.3246836999896914,31,1.0,0.4485294117647059,0.6192893401015229,183,0,225,0.5000000000000001,0.4714285714285714,1.0,1.0,12,19,1.2098681281183432,1.3914559093106105,31,0.3870967741935484,0.4976303317535545,0.944707806425074,1.367632121465643,31,12,12,19,0,0,0,0.1745464044312636,0.1732466965913772,peak2peak,equal_all,all_terms,0.3333333333333333,0.3333333333333333,0.3333333333333333,position_only,1,5,100,"npos=5, noise=100",475,13.571428571428571,13.0,0.5047522143333508,0.4531041606361126,0.3773333333333333,1.0997558422057867,0.4985563041385948,0.38533333333333336,1.0,6.0,0.9505609715980109,3.6
0.4751416000071913,24,1.0,0.5220588235294118,0.6859903381642513,213,0,195,0.5571428571428572,0.5714285714285714,1.0,1.0,12,12,0.7419614955085734,0.9831834036978404,24,0.5,0.5792079207920792,0.996031746031746,0.9639563134828902,24,12,12,12,0,0,0,0.1288373141239086,0.1078399345278739,peak2peak,distance_only,ablation,1.0,0.0,0.0,position_only,2,5,100,"npos=5, noise=100",447,12.771428571428572,13.0,0.5663797158784947,0.5377143335451557,0.41333333333333333,1.3056814255589713,0.5088536812674743,0.43066666666666664,1.0,13.0,1.1197473781799803,5.6
0.4327239000704139,25,1.0,0.5049019607843137,0.6710097719869706,206,0,202,0.5571428571428573,0.6285714285714286,1.0,1.0,12,13,0.7534847474789192,1.1467384269317855,23,0.5217391304347826,0.59846547314578,0.9221207028265852,1.015331041646954,25,12,12,13,0,0,0,0.146154170234998,0.1277316510677337,peak2peak,intensity_only,ablation,0.0,1.0,0.0,position_only,2,5,100,"npos=5, noise=100",447,12.771428571428572,13.0,0.5617348534480207,0.5482282605720379,0.41333333333333333,1.3056814255589713,0.5088536812674743,0.43066666666666664,1.0,13.0,1.1197473781799803,5.6
0.3532659001648426,26,1.0,0.5049019607843137,0.6710097719869706,206,0,202,0.5357142857142857,0.4714285714285714,1.0,1.0,12,14,0.7069848927011368,0.8970840297909835,22,0.5454545454545454,0.6164383561643836,0.9056993006993006,1.0787126011801391,26,12,12,14,0,0,0,0.1440400574356317,0.1069123931229114,peak2peak,sigma_only,ablation,0.0,0.0,1.0,position_only,2,5,100,"npos=5, noise=100",447,12.771428571428572,13.0,0.559248017499085,0.5600647901917368,0.41333333333333333,1.3056814255589713,0.5088536812674743,0.43066666666666664,1.0,13.0,1.1197473781799803,5.6
0.2167055001482367,24,1.0,0.5612745098039216,0.7189952904238619,229,0,179,0.5904761904761905,0.6142857142857143,1.0,1.0,12,12,0.7505886921776372,0.9902459006269758,24,0.5,0.6123456790123457,0.9958333333333332,1.0156448826943565,24,12,12,12,0,0,0,0.1298932414501905,0.1157539784908294,peak2peak,dist_int_90_10,distance_intensity,0.9,0.1,0.0,position_only,2,5,100,"npos=5, noise=100",447,12.771428571428572,13.0,0.5961538370871643,0.5559330968854779,0.41333333333333333,1.3056814255589713,0.5088536812674743,0.43066666666666664,1.0,13.0,1.1197473781799803,5.6
0.2180127999745309,24,1.0,0.5073529411764706,0.673170731707317,207,0,201,0.5428571428571429,0.5142857142857142,1.0,1.0,12,12,0.7298573755430345,0.9670580338335116,24,0.5,0.5643564356435643,0.9958333333333332,1.0417084660146765,24,12,12,12,0,0,0,0.1283398903906345,0.1069254167377948,peak2peak,dist_int_75_25,distance_intensity,0.75,0.25,0.0,position_only,2,5,100,"npos=5, noise=100",447,12.771428571428572,13.0,0.5542161517561925,0.5300089695380688,0.41333333333333333,1.3056814255589713,0.5088536812674743,0.43066666666666664,1.0,13.0,1.1197473781799803,5.6
0.1920505000744015,21,1.0,0.6029411764705882,0.7522935779816513,246,0,162,0.6380952380952382,0.7428571428571429,1.0,1.0,12,9,0.7906177223998634,1.058645677245498,21,0.5714285714285714,0.67,0.9964726631393296,0.76303584750089,21,12,12,9,0,0,0,0.1285058117161194,0.1069254167377948,peak2peak,dist_int_60_40,distance_intensity,0.6,0.4,0.0,position_only,2,5,100,"npos=5, noise=100",447,12.771428571428572,13.0,0.6332057820556357,0.6103396679772826,0.41333333333333333,1.3056814255589713,0.5088536812674743,0.43066666666666664,1.0,13.0,1.1197473781799803,5.6
0.1981903000269085,25,1.0,0.446078431372549,0.6169491525423729,182,0,226,0.480952380952381,0.3285714285714285,1.0,1.0,12,13,0.7441372849724042,0.9855068027183383,25,0.48,0.4867469879518072,0.9966666666666666,0.9506573823472756,25,12,12,13,0,0,0,0.1281581229219834,0.1023291461169719,peak2peak,dist_sig_90_10,distance_sigma,0.9,0.0,0.1,position_only,2,5,100,"npos=5, noise=100",447,12.771428571428572,13.0,0.4989342048834063,0.4851718155916644,0.41333333333333333,1.3056814255589713,0.5088536812674743,0.43066666666666664,1.0,13.0,1.1197473781799803,5.6
0.3001062998082489,25,1.0,0.4583333333333333,0.6285714285714286,187,0,221,0.4904761904761904,0.3714285714285714,1.0,1.0,12,13,0.7441372849724042,0.9272975099285308,25,0.48,0.4893111638954869,0.9835714285714288,0.9506573823472756,25,12,12,13,0,0,0,0.1284656276305516,0.1058911681175232,peak2peak,dist_sig_75_25,distance_sigma,0.75,0.0,0.25,position_only,2,5,100,"npos=5, noise=100",447,12.771428571428572,13.0,0.5075109216704384,0.4890896957357765,0.41333333333333333,1.3056814255589713,0.5088536812674743,0.43066666666666664,1.0,13.0,1.1197473781799803,5.6
0.3210678000468761,24,1.0,0.4950980392156863,0.6622950819672131,202,0,206,0.5285714285714286,0.4714285714285714,1.0,1.0,12,12,0.7111627173583867,0.8851396938035895,23,0.5217391304347826,0.5495049504950495,0.9766388530333764,0.9023655120310952,24,12,12,12,0,0,0,0.1335395462810993,0.1105553656816482,peak2peak,dist_sig_60_40,distance_sigma,0.6,0.0,0.4,position_only,2,5,100,"npos=5, noise=100",447,12.771428571428572,13.0,0.5430492805106271,0.5313880490482609,0.41333333333333333,1.3056814255589713,0.5088536812674743,0.43066666666666664,1.0,13.0,1.1197473781799803,5.6
0.3858251997735351,26,1.0,0.5024509803921569,0.6688417618270799,205,0,203,0.5357142857142857,0.4285714285714286,1.0,1.0,12,14,0.7369278498485241,0.9475197608527428,26,0.4615384615384615,0.5369928400954654,0.9966555183946488,0.9639563134828902,26,12,12,14,0,0,0,0.1287650254865487,0.1048126071691513,peak2peak,dist_meta_80_10_10,all_terms,0.8,0.1,0.1,position_only,2,5,100,"npos=5, noise=100",447,12.771428571428572,13.0,0.5461348989194992,0.5062033755760955,0.41333333333333333,1.3056814255589713,0.5088536812674743,0.43066666666666664,1.0,13.0,1.1197473781799803,5.6
0.4625591998919844,25,1.0,0.5416666666666666,0.7027027027027027,221,0,187,0.5714285714285715,0.5,1.0,1.0,12,13,0.7534847474789192,0.9793767624067214,25,0.48,0.5714285714285714,0.995,0.977255244618505,25,12,12,13,0,0,0,0.1291053251673778,0.1153318434953689,peak2peak,dist_meta_70_20_10,all_terms,0.7,0.2,0.1,position_only,2,5,100,"npos=5, noise=100",447,12.771428571428572,13.0,0.577097212119734,0.5325405405405406,0.41333333333333333,1.3056814255589713,0.5088536812674743,0.43066666666666664,1.0,13.0,1.1197473781799803,5.6
0.5748598999343812,23,1.0,0.5294117647058824,0.6923076923076924,216,0,192,0.5595238095238096,0.5,1.0,1.0,12,11,0.7601416267104957,0.9640532990871916,23,0.5217391304347826,0.5745721271393643,0.9937888198757764,1.029382411259145,23,12,12,11,0,0,0,0.1277683029572169,0.1067402884364128,peak2peak,dist_meta_50_40_10,all_terms,0.5,0.4,0.1,position_only,2,5,100,"npos=5, noise=100",447,12.771428571428572,13.0,0.5693700865055389,0.5467526033726736,0.41333333333333333,1.3056814255589713,0.5088536812674743,0.43066666666666664,1.0,13.0,1.1197473781799803,5.6
0.5163387998472899,25,1.0,0.5196078431372549,0.6838709677419356,212,0,196,0.5499999999999999,0.4428571428571428,1.0,1.0,12,13,0.7292890886404639,0.8847876782475508,24,0.5,0.5620437956204379,0.9368772893772892,1.0292015637329983,25,12,12,13,0,0,0,0.1306114954253038,0.1050182245671749,peak2peak,equal_all,all_terms,0.3333333333333333,0.3333333333333333,0.3333333333333333,position_only,2,5,100,"npos=5, noise=100",447,12.771428571428572,13.0,0.5610072191316318,0.5322851424534967,0.41333333333333333,1.3056814255589713,0.5088536812674743,0.43066666666666664,1.0,13.0,1.1197473781799803,5.6
0.3626416998449713,25,1.0,0.5220588235294118,0.6859903381642513,213,0,195,0.5547619047619048,0.4857142857142856,1.0,1.0,12,13,0.7518787204440295,1.037389339738671,25,0.48,0.6131578947368421,0.973904761904762,1.5613195740830403,25,12,12,13,0,0,0,0.1568374919394652,0.1532813161611557,peak2peak,distance_only,ablation,1.0,0.0,0.0,position_only,3,5,100,"npos=5, noise=100",464,13.257142857142858,13.0,0.570839784281463,0.5379637317932513,0.30800000000000005,1.6364018331960763,0.3370110330992979,0.328,0.9959514170040485,14.0,1.292252335793773,6.6
0.2624929000157863,22,1.0,0.625,0.7692307692307693,255,0,153,0.6928571428571427,0.8714285714285714,1.0,1.0,12,10,0.8834172789656425,1.2907211740074955,22,0.5454545454545454,0.7311557788944724,0.9414017017465294,1.5778822560971846,22,12,12,10,0,0,0,0.1829434180011352,0.2034173682332039,peak2peak,intensity_only,ablation,0.0,1.0,0.0,position_only,3,5,100,"npos=5, noise=100",464,13.257142857142858,13.0,0.6641902223677201,0.6241026310373045,0.30800000000000005,1.6364018331960763,0.3370110330992979,0.328,0.9959514170040485,14.0,1.292252335793773,6.6
0.4164680000394583,27,1.0,0.4950980392156863,0.6622950819672131,202,0,206,0.5357142857142857,0.3714285714285714,1.0,1.0,12,15,0.8605729158664401,1.2835773568646534,27,0.4444444444444444,0.5528255528255528,0.9439929480564156,1.4856086793740897,27,12,12,15,0,0,0,0.1686759665608406,0.1882227584719658,peak2peak,sigma_only,ablation,0.0,0.0,1.0,position_only,3,5,100,"npos=5, noise=100",464,13.257142857142858,13.0,0.5447727969015117,0.5020146109490372,0.30800000000000005,1.6364018331960763,0.3370110330992979,0.328,0.9959514170040485,14.0,1.292252335793773,6.6
0.445187299977988,29,1.0,0.5490196078431373,0.7088607594936709,224,0,184,0.5928571428571429,0.6,1.0,1.0,12,17,0.7517865759962099,0.9903588155361908,29,0.4137931034482758,0.6240601503759399,0.9735221674876848,1.6006091668904174,29,12,12,17,0,0,0,0.1474467578033606,0.146110326051712,peak2peak,dist_int_90_10,distance_intensity,0.9,0.1,0.0,position_only,3,5,100,"npos=5, noise=100",464,13.257142857142858,13.0,0.5934344883575264,0.5225901451577437,0.30800000000000005,1.6364018331960763,0.3370110330992979,0.328,0.9959514170040485,14.0,1.292252335793773,6.6
0.2651881000492722,32,1.0,0.4877450980392157,0.6556836902800659,199,0,209,0.530952380952381,0.4571428571428571,1.0,1.0,12,20,0.7613256639342616,1.032496771260577,32,0.375,0.5492610837438424,0.9714285714285714,1.6874699378117768,32,12,12,20,0,0,0,0.1534547588477532,0.1416816785931587,peak2peak,dist_int_75_25,distance_intensity,0.75,0.25,0.0,position_only,3,5,100,"npos=5, noise=100",464,13.257142857142858,13.0,0.540114131699951,0.4715472470872119,0.30800000000000005,1.6364018331960763,0.3370110330992979,0.328,0.9959514170040485,14.0,1.292252335793773,6.6
0.2246813999954611,26,1.0,0.553921568627451,0.7129337539432177,226,0,182,0.6,0.5285714285714285,1.0,1.0,12,14,0.7621807461320844,1.0378274310383044,26,0.4615384615384615,0.6253101736972705,0.9725274725274724,1.6367728906024606,26,12,12,14,0,0,0,0.1531629810730616,0.1469279751181602,peak2peak,dist_int_60_40,distance_intensity,0.6,0.4,0.0,position_only,3,5,100,"npos=5, noise=100",464,13.257142857142858,13.0,0.597405225228204,0.5435296788283459,0.30800000000000005,1.6364018331960763,0.3370110330992979,0.328,0.9959514170040485,14.0,1.292252335793773,6.6
0.3341225001495331,28,1.0,0.4607843137254901,0.6308724832214765,188,0,220,0.4976190476190476,0.3714285714285714,1.0,1.0,12,16,0.8482923745680814,1.1151207612999183,28,0.4285714285714285,0.5277777777777778,0.9738250855897916,1.5165897917149445,28,12,12,16,0,0,0,0.1606101244688034,0.1803376600146293,peak2peak,dist_sig_90_10,distance_sigma,0.9,0.0,0.1,position_only,3,5,100,"npos=5, noise=100",464,13.257142857142858,13.0,0.5158265737775366,0.479309417279216,0.30800000000000005,1.6364018331960763,0.3370110330992979,0.328,0.9959514170040485,14.0,1.292252335793773,6.6
0.4410153001081198,25,1.0,0.4509803921568627,0.6216216216216216,184,0,224,0.4857142857142857,0.3285714285714285,1.0,1.0,12,13,0.8671026019170429,1.290887795006353,25,0.48,0.5177664974619289,0.9791450980392158,1.4470104450116543,25,12,12,13,0,0,0,0.1776859164237976,0.1958264112472534,peak2peak,dist_sig_75_25,distance_sigma,0.75,0.0,0.25,position_only,3,5,100,"npos=5, noise=100",464,13.257142857142858,13.0,0.5066527221014827,0.4943373772612351,0.30800000000000005,1.6364018331960763,0.3370110330992979,0.328,0.9959514170040485,14.0,1.292252335793773,6.6
1.3823712999001143,26,1.0,0.4338235294117647,0.6051282051282051,177,0,231,0.4761904761904762,0.3428571428571428,1.0,1.0,12,14,0.7817956449074936,1.0920195270440298,26,0.4615384615384615,0.4962779156327543,0.9743456329994792,1.5234028709445444,26,12,12,14,0,0,0,0.1656013323614994,0.178135946393013,peak2peak,dist_sig_60_40,distance_sigma,0.6,0.0,0.4,position_only,3,5,100,"npos=5, noise=100",464,13.257142857142858,13.0,0.4931216752882316,0.4773295521682618,0.30800000000000005,1.6364018331960763,0.3370110330992979,0.328,0.9959514170040485,14.0,1.292252335793773,6.6
0.4976848000660538,27,1.0,0.4411764705882353,0.6122448979591837,180,0,228,0.4785714285714285,0.3714285714285714,1.0,1.0,12,15,0.7869622728560517,1.0994637163903578,27,0.4444444444444444,0.5062972292191436,0.9711581134511418,1.5086041317639904,27,12,12,15,0,0,0,0.1588458009064197,0.1803376600146293,peak2peak,dist_meta_80_10_10,all_terms,0.8,0.1,0.1,position_only,3,5,100,"npos=5, noise=100",464,13.257142857142858,13.0,0.4987587819821102,0.4746582075315433,0.30800000000000005,1.6364018331960763,0.3370110330992979,0.328,0.9959514170040485,14.0,1.292252335793773,6.6
0.5017078998498619,28,1.0,0.4191176470588235,0.5906735751295337,171,0,237,0.4523809523809523,0.3428571428571428,1.0,1.0,12,16,0.784860866507918,1.1063512187020823,28,0.4285714285714285,0.4738154613466334,0.9713128306878308,1.593389152654326,28,12,12,16,0,0,0,0.1602720047036806,0.1803376600146293,peak2peak,dist_meta_70_20_10,all_terms,0.7,0.2,0.1,position_only,3,5,100,"npos=5, noise=100",464,13.257142857142858,13.0,0.4765611166125952,0.4532552470292317,0.30800000000000005,1.6364018331960763,0.3370110330992979,0.328,0.9959514170040485,14.0,1.292252335793773,6.6
0.2950967999640852,23,1.0,0.6102941176470589,0.7579908675799087,249,0,159,0.6619047619047619,0.7714285714285715,1.0,1.0,12,11,0.8621348333824219,1.2433037183837563,22,0.5454545454545454,0.7637362637362637,0.949239000571399,1.6306009994852677,23,12,12,11,0,0,0,0.1683369042972723,0.1785727441310882,peak2peak,dist_meta_50_40_10,all_terms,0.5,0.4,0.1,position_only,3,5,100,"npos=5, noise=100",464,13.257142857142858,13.0,0.6557990582014002,0.626904533822342,0.30800000000000005,1.6364018331960763,0.3370110330992979,0.328,0.9959514170040485,14.0,1.292252335793773,6.6
0.3687811999116093,23,1.0,0.5,0.6666666666666666,204,0,204,0.5499999999999999,0.4571428571428571,1.0,1.0,12,11,0.8120338751632521,1.1540421151347209,23,0.5217391304347826,0.5848101265822785,0.9846602672689628,1.475970861811084,23,12,12,11,0,0,0,0.1611419164886077,0.1630405858159065,peak2peak,equal_all,all_terms,0.3333333333333333,0.3333333333333333,0.3333333333333333,position_only,3,5,100,"npos=5, noise=100",464,13.257142857142858,13.0,0.5555097252888129,0.5432315171528159,0.30800000000000005,1.6364018331960763,0.3370110330992979,0.328,0.9959514170040485,14.0,1.292252335793773,6.6
0.268823100021109,29,1.0,0.4436274509803921,0.6146010186757216,181,0,227,0.4666666666666667,0.3714285714285714,1.0,1.0,12,17,0.8448807315480505,1.1430957777386077,29,0.4137931034482758,0.4912280701754385,0.9860537451054692,1.6150283126888456,29,12,12,17,0,0,0,0.1609951791663964,0.1637388467788696,peak2peak,distance_only,ablation,1.0,0.0,0.0,position_only,0,10,140,"npos=10, noise=140",437,12.485714285714286,12.0,0.4944830837875381,0.457911129324981,0.3546666666666667,1.0082885744579624,0.4765625,0.36533333333333334,1.0,8.0,0.9631304154270623,4.0
0.3058740999549627,22,1.0,0.4607843137254901,0.6308724832214765,188,0,220,0.5190476190476191,0.3142857142857143,1.0,1.0,12,10,0.8413202335781698,1.239464469260822,22,0.5454545454545454,0.5736842105263158,0.956489108050828,1.5206773097307886,22,12,12,10,0,0,0,0.1746347192674875,0.1796683669090271,peak2peak,intensity_only,ablation,0.0,1.0,0.0,position_only,0,10,140,"npos=10, noise=140",437,12.485714285714286,12.0,0.5280958270756723,0.5396821293624544,0.3546666666666667,1.0082885744579624,0.4765625,0.36533333333333334,1.0,8.0,0.9631304154270623,4.0
0.330284500028938,24,1.0,0.5612745098039216,0.7189952904238619,229,0,179,0.6047619047619047,0.7,1.0,1.0,12,12,0.924568949148201,1.39090200180231,22,0.5454545454545454,0.6846361185983828,0.918708740806264,1.6514933505633445,24,12,12,12,0,0,0,0.1793826911598444,0.1967034116387367,peak2peak,sigma_only,ablation,0.0,0.0,1.0,position_only,0,10,140,"npos=10, noise=140",437,12.485714285714286,12.0,0.6099164056328589,0.5936160963923768,0.3546666666666667,1.0082885744579624,0.4765625,0.36533333333333334,1.0,8.0,0.9631304154270623,4.0
0.2081229998730123,28,1.0,0.4926470588235294,0.6600985221674877,201,0,207,0.5166666666666667,0.4571428571428571,1.0,1.0,12,16,0.9217283397099648,1.2003371721985077,28,0.4285714285714285,0.5384615384615384,0.9862350123996088,1.6519507924928454,28,12,12,16,0,0,0,0.1631474656363328,0.1637388467788696,peak2peak,dist_int_90_10,distance_intensity,0.9,0.1,0.0,position_only,0,10,140,"npos=10, noise=140",437,12.485714285714286,12.0,0.536528677245729,0.4897303271441203,0.3546666666666667,1.0082885744579624,0.4765625,0.36533333333333334,1.0,8.0,0.9631304154270623,4.0
0.375288600102067,24,1.0,0.5343137254901961,0.6964856230031949,218,0,190,0.5666666666666667,0.5714285714285714,1.0,1.0,12,12,0.8417324722670257,1.1577209998400737,24,0.5,0.6086956521739131,0.9899451447245564,1.576919439228008,24,12,12,12,0,0,0,0.1653291303664446,0.17057915776968,peak2peak,dist_int_75_25,distance_intensity,0.75,0.25,0.0,position_only,0,10,140,"npos=10, noise=140",437,12.485714285714286,12.0,0.5780573292233497,0.5481377043107839,0.3546666666666667,1.0082885744579624,0.4765625,0.36533333333333334,1.0,8.0,0.9631304154270623,4.0
0.286565100075677,24,1.0,0.5171568627450981,0.6817447495961229,211,0,197,0.5499999999999999,0.5714285714285714,1.0,1.0,12,12,0.8370757406799723,1.1272330014061076,24,0.5,0.5923076923076923,0.9899451447245564,1.663429048512571,24,12,12,12,0,0,0,0.165090157960852,0.17057915776968,peak2peak,dist_int_60_40,distance_intensity,0.6,0.4,0.0,position_only,0,10,140,"npos=10, noise=140",437,12.485714285714286,12.0,0.5640794946166653,0.5394258729961476,0.3546666666666667,1.0082885744579624,0.4765625,0.36533333333333334,1.0,8.0,0.9631304154270623,4.0
0.1937863999046385,26,1.0,0.4534313725490196,0.6239460370994941,185,0,223,0.4785714285714286,0.3,1.0,1.0,12,14,0.8409243530305139,1.1648885719103628,26,0.4615384615384615,0.5127551020408163,0.9859014383052844,1.515857157004395,26,12,12,14,0,0,0,0.1589018056790034,0.1606143787503242,peak2peak,dist_sig_90_10,distance_sigma,0.9,0.0,0.1,position_only,0,10,140,"npos=10, noise=140",437,12.485714285714286,12.0,0.5053756746748623,0.4854505104026304,0.3546666666666667,1.0082885744579624,0.4765625,0.36533333333333334,1.0,8.0,0.9631304154270623,4.0
0.2077927000354975,23,1.0,0.5196078431372549,0.6838709677419356,212,0,196,0.5428571428571428,0.3714285714285714,1.0,1.0,12,11,0.8195512164001992,1.1014507466493633,23,0.5217391304347826,0.5953002610966057,0.9938348286174372,1.635376535058472,23,12,12,11,0,0,0,0.1642681583762169,0.169480063021183,peak2peak,dist_sig_75_25,distance_sigma,0.75,0.0,0.25,position_only,0,10,140,"npos=10, noise=140",437,12.485714285714286,12.0,0.5638714916882437,0.5485806252821659,0.3546666666666667,1.0082885744579624,0.4765625,0.36533333333333334,1.0,8.0,0.9631304154270623,4.0
0.1719669001176953,22,1.0,0.6323529411764706,0.7747747747747747,258,0,150,0.6642857142857143,0.7,1.0,1.0,12,10,0.9217283397099648,1.3014322689310776,22,0.5454545454545454,0.7265625,0.9775974025974028,1.5409761044620995,22,12,12,10,0,0,0,0.1696753241121769,0.1700490266084671,peak2peak,dist_sig_60_40,distance_sigma,0.6,0.0,0.4,position_only,0,10,140,"npos=10, noise=140",437,12.485714285714286,12.0,0.6589867096849036,0.6212059695653445,0.3546666666666667,1.0082885744579624,0.4765625,0.36533333333333334,1.0,8.0,0.9631304154270623,4.0
0.2317717999685555,25,1.0,0.4730392156862745,0.6422628951747088,193,0,215,0.4952380952380952,0.3571428571428571,1.0,1.0,12,13,0.8772859330336211,1.229840119184897,25,0.48,0.5306122448979592,0.9863300516687612,1.49290374824162,25,12,12,13,0,0,0,0.1620110676934321,0.1606143787503242,peak2peak,dist_meta_80_10_10,all_terms,0.8,0.1,0.1,position_only,0,10,140,"npos=10, noise=140",437,12.485714285714286,12.0,0.521242985882696,0.5026294497832411,0.3546666666666667,1.0082885744579624,0.4765625,0.36533333333333334,1.0,8.0,0.9631304154270623,4.0
0.3906149000395089,27,1.0,0.4681372549019608,0.6377295492487479,191,0,217,0.4952380952380952,0.3,1.0,1.0,12,15,0.7759296575820571,1.0767096010977697,26,0.4615384615384615,0.538860103626943,0.9725137698176914,1.49290374824162,27,12,12,15,0,0,0,0.1571763226141532,0.1606143787503242,peak2peak,dist_meta_70_20_10,all_terms,0.7,0.2,0.1,position_only,0,10,140,"npos=10, noise=140",437,12.485714285714286,12.0,0.5205935777620065,0.4964001298956795,0.3546666666666667,1.0082885744579624,0.4765625,0.36533333333333334,1.0,8.0,0.9631304154270623,4.0
0.3007955001667142,24,1.0,0.4926470588235294,0.6600985221674877,201,0,207,0.530952380952381,0.3285714285714285,1.0,1.0,12,12,0.8130109944158602,1.1288788347902825,24,0.5,0.5853018372703412,0.9884570494864612,1.5691566174234417,24,12,12,12,0,0,0,0.160577297831575,0.1606143787503242,peak2peak,dist_meta_50_40_10,all_terms,0.5,0.4,0.1,position_only,0,10,140,"npos=10, noise=140",437,12.485714285714286,12.0,0.5475338406833309,0.5314404018463209,0.3546666666666667,1.0082885744579624,0.4765625,0.36533333333333334,1.0,8.0,0.9631304154270623,4.0
0.3025489998981356,21,1.0,0.5735294117647058,0.7289719626168224,234,0,174,0.6119047619047618,0.6142857142857143,1.0,1.0,12,9,0.841748830408226,1.2419914998271897,21,0.5714285714285714,0.6781002638522428,0.991939141247897,1.5711999944500237,21,12,12,9,0,0,0,0.1646445660541454,0.1654322519898414,peak2peak,equal_all,all_terms,0.3333333333333333,0.3333333333333333,0.3333333333333333,position_only,0,10,140,"npos=10, noise=140",437,12.485714285714286,12.0,0.6160206532484073,0.6050813632483298,0.3546666666666667,1.0082885744579624,0.4765625,0.36533333333333334,1.0,8.0,0.9631304154270623,4.0
0.2398387999273836,26,1.0,0.5882352941176471,0.7407407407407407,240,0,168,0.6166666666666667,0.5428571428571429,1.0,1.0,12,14,0.7063192308994993,0.941530174049982,25,0.48,0.6762402088772846,0.9706959706959708,1.3926567683117963,26,12,12,14,0,0,0,0.1512282857050498,0.13749585673213,peak2peak,distance_only,ablation,1.0,0.0,0.0,position_only,1,10,140,"npos=10, noise=140",435,12.428571428571429,12.0,0.6233243712527566,0.5708748670341359,0.3773333333333333,1.0997558422057867,0.4985563041385948,0.38533333333333336,1.0,6.0,0.9505609715980109,3.6
0.3885471001267433,19,1.0,0.4852941176470588,0.6534653465346535,198,0,210,0.5261904761904762,0.4,1.0,1.0,12,7,0.7448853576651125,1.16200756962243,17,0.7058823529411765,0.7245901639344262,0.9222717190049312,1.1465884046122878,19,12,12,7,0,0,0,0.1730919828017552,0.190272755920887,peak2peak,intensity_only,ablation,0.0,1.0,0.0,position_only,1,10,140,"npos=10, noise=140",435,12.428571428571429,12.0,0.5641754968138655,0.6468125990860556,0.3773333333333333,1.0997558422057867,0.4985563041385948,0.38533333333333336,1.0,6.0,0.9505609715980109,3.6
0.1823976999148726,16,1.0,0.6421568627450981,0.782089552238806,262,0,146,0.6738095238095237,0.7571428571428571,1.0,1.0,12,4,0.8575543999146993,1.6585533784692443,15,0.7333333333333333,0.8029411764705883,0.9174593448490508,0.9216483985702706,16,12,12,4,0,0,0,0.2396423537284135,0.2415295392274856,peak2peak,sigma_only,ablation,0.0,0.0,1.0,position_only,1,10,140,"npos=10, noise=140",435,12.428571428571429,12.0,0.6767225045426921,0.717867490279694,0.3773333333333333,1.0997558422057867,0.4985563041385948,0.38533333333333336,1.0,6.0,0.9505609715980109,3.6
0.2244465998373925,24,1.0,0.571078431372549,0.7269890795631825,233,0,175,0.6023809523809524,0.5142857142857142,1.0,1.0,12,12,0.7039091694439183,0.9179028791453964,23,0.5217391304347826,0.6728723404255319,0.9682539682539684,1.384589752218929,24,12,12,12,0,0,0,0.1511432516078154,0.1364679411053657,peak2peak,dist_int_90_10,distance_intensity,0.9,0.1,0.0,position_only,1,10,140,"npos=10, noise=140",435,12.428571428571429,12.0,0.6123809695552445,0.5825496484310277,0.3773333333333333,1.0997558422057867,0.4985563041385948,0.38533333333333336,1.0,6.0,0.9505609715980109,3.6
0.4494920000433922,28,1.0,0.5833333333333334,0.7368421052631579,238,0,170,0.6071428571428572,0.5428571428571429,1.0,1.0,12,16,0.6994416041417149,0.9256111606234048,28,0.4285714285714285,0.6439393939393939,0.980952380952381,1.5530023297488076,28,12,12,16,0,0,0,0.1534233279526233,0.1361997611820697,peak2peak,dist_int_75_25,distance_intensity,0.75,0.25,0.0,position_only,1,10,140,"npos=10, noise=140",435,12.428571428571429,12.0,0.6141747699926708,0.5404961266803372,0.3773333333333333,1.0997558422057867,0.4985563041385948,0.38533333333333336,1.0,6.0,0.9505609715980109,3.6
0.3116764998994767,27,1.0,0.5906862745098039,0.7426810477657935,241,0,167,0.611904761904762,0.5571428571428572,1.0,1.0,12,15,0.7039091694439183,0.9288416879319686,27,0.4444444444444444,0.6572890025575447,0.980246913580247,1.428523133962207,27,12,12,15,0,0,0,0.1524010151624679,0.1361997611820697,peak2peak,dist_int_60_40,distance_intensity,0.6,0.4,0.0,position_only,1,10,140,"npos=10, noise=140",435,12.428571428571429,12.0,0.6202704053573043,0.5518267141607989,0.3773333333333333,1.0997558422057867,0.4985563041385948,0.38533333333333336,1.0,6.0,0.9505609715980109,3.6
0.3074276999104768,23,1.0,0.6078431372549019,0.7560975609756097,248,0,160,0.638095238095238,0.7,1.0,1.0,12,11,0.7127575770330219,0.9876121029947074,23,0.5217391304347826,0.6907216494845361,0.9855072463768116,1.3942139510309672,23,12,12,11,0,0,0,0.1549016386270523,0.1364313140511512,peak2peak,dist_sig_90_10,distance_sigma,0.9,0.0,0.1,position_only,1,10,140,"npos=10, noise=140",435,12.428571428571429,12.0,0.6385079965204209,0.5964051005496928,0.3773333333333333,1.0997558422057867,0.4985563041385948,0.38533333333333336,1.0,6.0,0.9505609715980109,3.6
0.3196998001076281,22,1.0,0.6568627450980392,0.7928994082840237,268,0,140,0.6785714285714285,0.8428571428571429,1.0,1.0,12,10,0.7347254067817751,1.0294484464120706,22,0.5454545454545454,0.7233502538071066,1.0,1.5344050612328872,22,12,12,10,0,0,0,0.1540233505268891,0.1364313140511512,peak2peak,dist_sig_75_25,distance_sigma,0.75,0.0,0.25,position_only,1,10,140,"npos=10, noise=140",435,12.428571428571429,12.0,0.6718398790805034,0.6254564061475425,0.3773333333333333,1.0997558422057867,0.4985563041385948,0.38533333333333336,1.0,6.0,0.9505609715980109,3.6
0.1943965000100433,19,1.0,0.6617647058823529,0.7964601769911505,270,0,138,0.6880952380952382,0.8999999999999999,1.0,1.0,12,7,0.7360977619035364,1.050007617482603,19,0.631578947368421,0.7487046632124352,0.995261141359145,1.3323960875053116,19,12,12,7,0,0,0,0.155272331709663,0.1362217478454113,peak2peak,dist_sig_60_40,distance_sigma,0.6,0.0,0.4,position_only,1,10,140,"npos=10, noise=140",435,12.428571428571429,12.0,0.6797992308941118,0.6679093039582311,0.3773333333333333,1.0997558422057867,0.4985563041385948,0.38533333333333336,1.0,6.0,0.9505609715980109,3.6
0.4215766999404877,23,1.0,0.6274509803921569,0.7710843373493976,256,0,152,0.6595238095238095,0.7285714285714285,1.0,1.0,12,11,0.717702452922543,1.0086999684113898,23,0.5217391304347826,0.7139175257731959,0.9855072463768116,1.3942139510309672,23,12,12,11,0,0,0,0.155610313018163,0.1393043771386146,peak2peak,dist_meta_80_10_10,all_terms,0.8,0.1,0.1,position_only,1,10,140,"npos=10, noise=140",435,12.428571428571429,12.0,0.654819365723171,0.6073442820394725,0.3773333333333333,1.0997558422057867,0.4985563041385948,0.38533333333333336,1.0,6.0,0.9505609715980109,3.6
0.4154952999670058,23,1.0,0.625,0.7692307692307693,255,0,153,0.6571428571428571,0.7285714285714285,1.0,1.0,12,11,0.7168107394190967,0.9990801081413714,23,0.5217391304347826,0.7150259067357513,0.9855072463768116,1.3942139510309672,23,12,12,11,0,0,0,0.154255581398805,0.1393043771386146,peak2peak,dist_meta_70_20_10,all_terms,0.7,0.2,0.1,position_only,1,10,140,"npos=10, noise=140",435,12.428571428571429,12.0,0.65346694463864,0.6070125684182904,0.3773333333333333,1.0997558422057867,0.4985563041385948,0.38533333333333336,1.0,6.0,0.9505609715980109,3.6
0.4331245999783277,26,1.0,0.6127450980392157,0.7598784194528876,250,0,158,0.6404761904761905,0.6714285714285715,1.0,1.0,12,14,0.7109191016833158,0.9793713712576004,26,0.4615384615384615,0.682741116751269,1.0,1.4113685424965872,26,12,12,14,0,0,0,0.1518490041295687,0.1361997611820697,peak2peak,dist_meta_50_40_10,all_terms,0.5,0.4,0.1,position_only,1,10,140,"npos=10, noise=140",435,12.428571428571429,12.0,0.6398034782268692,0.5713239667413984,0.3773333333333333,1.0997558422057867,0.4985563041385948,0.38533333333333336,1.0,6.0,0.9505609715980109,3.6
0.4111317999195307,19,1.0,0.696078431372549,0.8208092485549133,284,0,124,0.7309523809523809,0.8999999999999999,1.0,1.0,12,7,0.7695106302116095,1.124368824104732,19,0.631578947368421,0.7953367875647669,0.996015037593985,1.3323960875053116,19,12,12,7,0,0,0,0.1576680485159158,0.1393043771386146,peak2peak,equal_all,all_terms,0.3333333333333333,0.3333333333333333,0.3333333333333333,position_only,1,10,140,"npos=10, noise=140",435,12.428571428571429,12.0,0.7095575727869733,0.688722863644781,0.3773333333333333,1.0997558422057867,0.4985563041385948,0.38533333333333336,1.0,6.0,0.9505609715980109,3.6
0.4375824001617729,32,1.0,0.3823529411764705,0.5531914893617021,156,0,252,0.4142857142857143,0.2857142857142857,1.0,1.0,12,20,1.0032646794568914,1.2844725286283103,32,0.375,0.4264705882352941,0.9869791666666669,1.723274250226258,32,12,12,20,0,0,0,0.178485982120037,0.164111703634262,peak2peak,distance_only,ablation,1.0,0.0,0.0,position_only,2,10,140,"npos=10, noise=140",479,13.685714285714283,14.0,0.4403755189396104,0.4086845163597354,0.41333333333333333,1.3056814255589713,0.5088536812674743,0.43066666666666664,1.0,13.0,1.1197473781799803,5.6
0.3457290998194366,29,1.0,0.4607843137254901,0.6308724832214765,188,0,220,0.5047619047619049,0.3857142857142857,1.0,1.0,12,17,0.94829433281826,1.3178254646889205,28,0.4285714285714285,0.531328320802005,0.9364930290520128,1.82635334856722,29,12,12,17,0,0,0,0.1976012159138918,0.213526576757431,peak2peak,intensity_only,ablation,0.0,1.0,0.0,position_only,2,10,140,"npos=10, noise=140",479,13.685714285714283,14.0,0.5177698621734467,0.4809113387495585,0.41333333333333333,1.3056814255589713,0.5088536812674743,0.43066666666666664,1.0,13.0,1.1197473781799803,5.6
0.1938175000250339,26,1.0,0.4607843137254901,0.6308724832214765,188,0,220,0.507142857142857,0.4,1.0,1.0,12,14,1.146512730444068,1.5706626031326243,25,0.48,0.5532467532467532,0.9523495827843654,1.857017279121258,26,12,12,14,0,0,0,0.2219047211110592,0.2072706669569015,peak2peak,sigma_only,ablation,0.0,0.0,1.0,position_only,2,10,140,"npos=10, noise=140",479,13.685714285714283,14.0,0.5209095461443002,0.5072004706702693,0.41333333333333333,1.3056814255589713,0.5088536812674743,0.43066666666666664,1.0,13.0,1.1197473781799803,5.6
0.1848373000975698,31,1.0,0.3799019607843137,0.5506216696269982,155,0,253,0.4071428571428572,0.2857142857142857,1.0,1.0,12,19,1.0012959161589945,1.2843008404617466,31,0.3870967741935484,0.4201474201474201,0.9865591397849464,1.7201650524161278,31,12,12,19,0,0,0,0.1803821126619974,0.1651219204068184,peak2peak,dist_int_90_10,distance_intensity,0.9,0.1,0.0,position_only,2,10,140,"npos=10, noise=140",479,13.685714285714283,14.0,0.4363638024357302,0.4107141843539598,0.41333333333333333,1.3056814255589713,0.5088536812674743,0.43066666666666664,1.0,13.0,1.1197473781799803,5.6
0.1884156998712569,31,1.0,0.5171568627450981,0.6817447495961229,211,0,197,0.5428571428571428,0.4714285714285714,1.0,1.0,12,19,0.9341186982321208,1.2015738503529918,31,0.3870967741935484,0.5560975609756098,0.9880022637238256,1.723969737033961,31,12,12,19,0,0,0,0.182190985729297,0.1661195456981659,peak2peak,dist_int_75_25,distance_intensity,0.75,0.25,0.0,position_only,2,10,140,"npos=10, noise=140",479,13.685714285714283,14.0,0.5564983495403181,0.4844977641262606,0.41333333333333333,1.3056814255589713,0.5088536812674743,0.43066666666666664,1.0,13.0,1.1197473781799803,5.6
0.189777199877426,31,1.0,0.4534313725490196,0.6239460370994941,185,0,223,0.4857142857142857,0.3999999999999999,1.0,1.0,12,19,0.8984664279131849,1.171075972239983,31,0.3870967741935484,0.4903846153846153,0.9816638370118844,1.8513787772083925,31,12,12,19,0,0,0,0.1866012600560983,0.1660870835185051,peak2peak,dist_int_60_40,distance_intensity,0.6,0.4,0.0,position_only,2,10,140,"npos=10, noise=140",479,13.685714285714283,14.0,0.5035900331813364,0.4507954995149006,0.41333333333333333,1.3056814255589713,0.5088536812674743,0.43066666666666664,1.0,13.0,1.1197473781799803,5.6
0.2209780998528003,32,1.0,0.5147058823529411,0.6796116504854368,210,0,198,0.5404761904761906,0.4142857142857142,1.0,1.0,12,20,1.0052334427547882,1.2359597017740616,32,0.375,0.5404761904761904,0.984375,1.8691195316495983,32,12,12,20,0,0,0,0.1783803223321835,0.1651599928736686,peak2peak,dist_sig_90_10,distance_sigma,0.9,0.0,0.1,position_only,2,10,140,"npos=10, noise=140",479,13.685714285714283,14.0,0.5522266760228641,0.475088996763754,0.41333333333333333,1.3056814255589713,0.5088536812674743,0.43066666666666664,1.0,13.0,1.1197473781799803,5.6
0.3677605998236686,26,1.0,0.5906862745098039,0.7426810477657935,241,0,167,0.6238095238095237,0.6,1.0,1.0,12,14,1.1263816081909264,1.4575477675088462,26,0.4615384615384615,0.6328502415458938,0.9839896945160104,1.7502579513279408,26,12,12,14,0,0,0,0.1976720454792181,0.1842171177268028,peak2peak,dist_sig_75_25,distance_sigma,0.75,0.0,0.25,position_only,2,10,140,"npos=10, noise=140",479,13.685714285714283,14.0,0.6179965100364458,0.5537451069359691,0.41333333333333333,1.3056814255589713,0.5088536812674743,0.43066666666666664,1.0,13.0,1.1197473781799803,5.6
0.2558295000344515,28,1.0,0.5122549019607843,0.6774716369529984,209,0,199,0.5428571428571429,0.4285714285714285,1.0,1.0,12,16,1.089630666156837,1.4273655390898927,27,0.4444444444444444,0.5743073047858942,0.9661605755355755,1.857017279121258,28,12,12,16,0,0,0,0.2076553317407767,0.1842171177268028,peak2peak,dist_sig_60_40,distance_sigma,0.6,0.0,0.4,position_only,2,10,140,"npos=10, noise=140",479,13.685714285714283,14.0,0.556510084910581,0.5111346456505653,0.41333333333333333,1.3056814255589713,0.5088536812674743,0.43066666666666664,1.0,13.0,1.1197473781799803,5.6
0.2187399000395089,31,1.0,0.4583333333333333,0.6285714285714286,187,0,221,0.4880952380952381,0.3714285714285714,1.0,1.0,12,19,1.0988340662330702,1.683464009267423,31,0.3870967741935484,0.4904306220095694,0.9672531769305964,1.723969737033961,31,12,12,19,0,0,0,0.2017087501784165,0.1702861413359642,peak2peak,dist_meta_80_10_10,all_terms,0.8,0.1,0.1,position_only,2,10,140,"npos=10, noise=140",479,13.685714285714283,14.0,0.5057534893625852,0.4519701747036212,0.41333333333333333,1.3056814255589713,0.5088536812674743,0.43066666666666664,1.0,13.0,1.1197473781799803,5.6
0.4691369999200105,34,1.0,0.4338235294117647,0.6051282051282051,177,0,231,0.4523809523809523,0.3428571428571428,1.0,1.0,12,22,0.8974567936420439,1.1798660850147824,34,0.3529411764705882,0.4481132075471698,0.9849079025549614,1.7751414490574495,34,12,12,22,0,0,0,0.1800257582217455,0.1632528454065323,peak2peak,dist_meta_70_20_10,all_terms,0.7,0.2,0.1,position_only,2,10,140,"npos=10, noise=140",479,13.685714285714283,14.0,0.4795108588152584,0.419468508738764,0.41333333333333333,1.3056814255589713,0.5088536812674743,0.43066666666666664,1.0,13.0,1.1197473781799803,5.6
0.3042893998790532,32,1.0,0.4926470588235294,0.6600985221674877,201,0,207,0.5214285714285715,0.5285714285714286,1.0,1.0,12,20,0.9359866824900404,1.1838176678748376,32,0.375,0.522673031026253,0.9839646464646464,1.8388459691446648,32,12,12,20,0,0,0,0.1780283736685911,0.157935544848442,peak2peak,dist_meta_50_40_10,all_terms,0.5,0.4,0.1,position_only,2,10,140,"npos=10, noise=140",479,13.685714285714283,14.0,0.535297408535487,0.4648308193329179,0.41333333333333333,1.3056814255589713,0.5088536812674743,0.43066666666666664,1.0,13.0,1.1197473781799803,5.6
0.2190870000049471,26,1.0,0.571078431372549,0.7269890795631825,233,0,175,0.5952380952380952,0.5428571428571429,1.0,1.0,12,14,0.9655922272424238,1.719166980228365,25,0.48,0.6361323155216285,0.961542814853511,1.857017279121258,26,12,12,14,0,0,0,0.2489189431071281,0.2382542043924331,peak2peak,equal_all,all_terms,0.3333333333333333,0.3333333333333333,0.3333333333333333,position_only,2,10,140,"npos=10, noise=140",479,13.685714285714283,14.0,0.6041029400672002,0.5559547043168531,0.41333333333333333,1.3056814255589713,0.5088536812674743,0.43066666666666664,1.0,13.0,1.1197473781799803,5.6
0.2308398000895977,31,1.0,0.4019607843137255,0.5734265734265734,164,0,244,0.4380952380952381,0.3285714285714285,1.0,1.0,12,19,1.0910684800604256,1.3046430543295906,30,0.4,0.4455205811138014,0.934844582994488,1.5867773440859392,31,12,12,19,0,0,0,0.179895498479406,0.1787044033408165,peak2peak,distance_only,ablation,1.0,0.0,0.0,position_only,3,10,140,"npos=10, noise=140",457,13.057142857142855,13.0,0.4589736766039399,0.4298749837732888,0.30800000000000005,1.6364018331960763,0.3370110330992979,0.328,0.9959514170040485,14.0,1.292252335793773,6.6
0.2554973000660538,24,1.0,0.4705882352941176,0.6399999999999999,192,0,216,0.511904761904762,0.3571428571428571,1.0,1.0,12,12,0.9759954356423464,1.511290843898965,23,0.5217391304347826,0.56282722513089,0.9369783062797769,1.455410653714894,24,12,12,12,0,0,0,0.201793972402811,0.1960375756025314,peak2peak,intensity_only,ablation,0.0,1.0,0.0,position_only,3,10,140,"npos=10, noise=140",457,13.057142857142855,13.0,0.5287402913621652,0.5285929346471118,0.30800000000000005,1.6364018331960763,0.3370110330992979,0.328,0.9959514170040485,14.0,1.292252335793773,6.6
0.197607500012964,23,1.0,0.5416666666666666,0.7027027027027027,221,0,187,0.5809523809523809,0.6285714285714286,1.0,1.0,12,11,1.147881253263564,1.8832335143075545,20,0.6,0.6796657381615598,0.8792694020954891,1.4667892987206683,23,12,12,11,0,0,0,0.2379963969190915,0.2145269513130188,peak2peak,sigma_only,ablation,0.0,0.0,1.0,position_only,3,10,140,"npos=10, noise=140",457,13.057142857142855,13.0,0.5942347526139422,0.6085522131761686,0.30800000000000005,1.6364018331960763,0.3370110330992979,0.328,0.9959514170040485,14.0,1.292252335793773,6.6
0.2216578000225126,29,1.0,0.4289215686274509,0.6003430531732418,175,0,233,0.4571428571428571,0.2571428571428571,1.0,1.0,12,17,1.1078703412994302,1.433731702675533,27,0.4444444444444444,0.4897959183673469,0.9314021846983308,1.6243182821390076,29,12,12,17,0,0,0,0.2016947716474533,0.190412275493145,peak2peak,dist_int_90_10,distance_intensity,0.9,0.1,0.0,position_only,3,10,140,"npos=10, noise=140",457,13.057142857142855,13.0,0.4837721148475643,0.4660096537185486,0.30800000000000005,1.6364018331960763,0.3370110330992979,0.328,0.9959514170040485,14.0,1.292252335793773,6.6
0.2090205000713467,28,1.0,0.5343137254901961,0.6964856230031949,218,0,190,0.5619047619047619,0.4714285714285714,1.0,1.0,12,16,1.0473846799765003,1.3779684001043435,27,0.4444444444444444,0.5914786967418546,0.9220624613481756,1.550967104517417,28,12,12,16,0,0,0,0.2013587187975645,0.1795464530587196,peak2peak,dist_int_75_25,distance_intensity,0.75,0.25,0.0,position_only,3,10,140,"npos=10, noise=140",457,13.057142857142855,13.0,0.5735131139391543,0.5211350527543567,0.30800000000000005,1.6364018331960763,0.3370110330992979,0.328,0.9959514170040485,14.0,1.292252335793773,6.6
0.2667809999547899,25,1.0,0.5196078431372549,0.6838709677419356,212,0,196,0.55,0.4428571428571428,1.0,1.0,12,13,1.0621150849077174,1.3203293904630884,25,0.48,0.5746268656716418,0.9535421245421244,1.5737261478903468,25,12,12,13,0,0,0,0.1914763301610946,0.190412275493145,peak2peak,dist_int_60_40,distance_intensity,0.6,0.4,0.0,position_only,3,10,140,"npos=10, noise=140",457,13.057142857142855,13.0,0.5616465821533102,0.5274309099662976,0.30800000000000005,1.6364018331960763,0.3370110330992979,0.328,0.9959514170040485,14.0,1.292252335793773,6.6
0.3805287999566644,25,1.0,0.4362745098039216,0.6075085324232082,178,0,230,0.4619047619047619,0.2714285714285714,1.0,1.0,12,13,1.1115056604999476,1.4072106319969002,25,0.48,0.4778325123152709,0.9471615312791783,1.4263218124261294,25,12,12,13,0,0,0,0.1903662395974,0.195711188018322,peak2peak,dist_sig_90_10,distance_sigma,0.9,0.0,0.1,position_only,3,10,140,"npos=10, noise=140",457,13.057142857142855,13.0,0.4867371873082104,0.4791503107539355,0.30800000000000005,1.6364018331960763,0.3370110330992979,0.328,0.9959514170040485,14.0,1.292252335793773,6.6
0.4542735998984426,24,1.0,0.4534313725490196,0.6239460370994941,185,0,223,0.4809523809523809,0.3714285714285714,1.0,1.0,12,12,1.0626679032645043,1.323686162424364,22,0.5454545454545454,0.5415549597855228,0.943285533910534,1.4733635286538154,24,12,12,12,0,0,0,0.1820981285224358,0.1997702717781067,peak2peak,dist_sig_75_25,distance_sigma,0.75,0.0,0.25,position_only,3,10,140,"npos=10, noise=140",457,13.057142857142855,13.0,0.5094593531184288,0.5264550036433359,0.30800000000000005,1.6364018331960763,0.3370110330992979,0.328,0.9959514170040485,14.0,1.292252335793773,6.6
0.4849711998831481,24,1.0,0.4387254901960784,0.6098807495741057,179,0,229,0.480952380952381,0.3142857142857143,1.0,1.0,12,12,1.055129584184459,1.2937555961738088,22,0.5454545454545454,0.5343915343915344,0.9311643217893216,1.5585032364292244,24,12,12,12,0,0,0,0.17989816951255,0.1998476982116699,peak2peak,dist_sig_60_40,distance_sigma,0.6,0.0,0.4,position_only,3,10,140,"npos=10, noise=140",457,13.057142857142855,13.0,0.5013804642431866,0.521851089789761,0.30800000000000005,1.6364018331960763,0.3370110330992979,0.328,0.9959514170040485,14.0,1.292252335793773,6.6
0.3373408000916242,25,1.0,0.409313725490196,0.5808695652173913,167,0,241,0.4357142857142857,0.2714285714285714,1.0,1.0,12,13,1.0994104955882582,1.4070194100129223,25,0.48,0.452970297029703,0.9534867382359644,1.4263218124261294,25,12,12,13,0,0,0,0.1909467515846093,0.195711188018322,peak2peak,dist_meta_80_10_10,all_terms,0.8,0.1,0.1,position_only,3,10,140,"npos=10, noise=140",457,13.057142857142855,13.0,0.4631861092332666,0.4649879158723325,0.30800000000000005,1.6364018331960763,0.3370110330992979,0.328,0.9959514170040485,14.0,1.292252335793773,6.6
0.4203759001102298,25,1.0,0.4975490196078431,0.6644844517184942,203,0,205,0.5285714285714287,0.4142857142857142,1.0,1.0,12,13,0.9723824117059092,1.262088940062344,24,0.5,0.5736434108527132,0.942482683982684,1.477194727493374,25,12,12,13,0,0,0,0.1856143940240144,0.1793002039194107,peak2peak,dist_meta_70_20_10,all_terms,0.7,0.2,0.1,position_only,3,10,140,"npos=10, noise=140",457,13.057142857142855,13.0,0.546785160586114,0.52916488591402,0.30800000000000005,1.6364018331960763,0.3370110330992979,0.328,0.9959514170040485,14.0,1.292252335793773,6.6
0.3470495999790728,27,1.0,0.4215686274509804,0.593103448275862,172,0,236,0.4476190476190476,0.2571428571428571,1.0,1.0,12,15,0.9339361923219466,1.24824188272085,27,0.4444444444444444,0.4607843137254901,0.9693721071084808,1.4799377585869622,27,12,12,15,0,0,0,0.1936274655163288,0.2051787748932838,peak2peak,dist_meta_50_40_10,all_terms,0.5,0.4,0.1,position_only,3,10,140,"npos=10, noise=140",457,13.057142857142855,13.0,0.4740718723803091,0.4563564506262275,0.30800000000000005,1.6364018331960763,0.3370110330992979,0.328,0.9959514170040485,14.0,1.292252335793773,6.6
0.2772989000659436,23,1.0,0.5049019607843137,0.6710097719869706,206,0,202,0.5523809523809523,0.4571428571428571,1.0,1.0,12,11,1.0304494955233094,1.3230809388152636,22,0.5454545454545454,0.5933503836317136,0.9286277093182465,1.64408924224883,23,12,12,11,0,0,0,0.1882190493245919,0.2005421444773674,peak2peak,equal_all,all_terms,0.3333333333333333,0.3333333333333333,0.3333333333333333,position_only,3,10,140,"npos=10, noise=140",457,13.057142857142855,13.0,0.558738496025268,0.5559594637252359,0.30800000000000005,1.6364018331960763,0.3370110330992979,0.328,0.9959514170040485,14.0,1.292252335793773,6.6
