seed,difficulty,peak_config,peak_family,peak_distance_weight,peak_intensity_weight,peak_sigma_weight,runtime_s,hota,deta,assa,tp,fp,fn
0,"S1 (N=5, I=800+/-50)",distance_only,ablation,1.0,0.0,0.0,0.06317250011488795,0.4503288468297363,0.7338129496402878,0.2763593506852256,204,28,46
0,"S1 (N=5, I=800+/-50)",intensity_only,ablation,0.0,1.0,0.0,0.06522949994541705,0.4060288303535507,0.7392857142857143,0.22299823720732506,207,30,43
0,"S1 (N=5, I=800+/-50)",sigma_only,ablation,0.0,0.0,1.0,0.078623800072819,0.3904056978528946,0.7338129496402878,0.2077049866600469,204,28,46
0,"S1 (N=5, I=800+/-50)",dist_int_90_10,distance_intensity,0.9,0.1,0.0,0.08211479987949133,0.48433941356847243,0.7545787545787546,0.31088162251110457,206,23,44
0,"S1 (N=5, I=800+/-50)",dist_int_75_25,distance_intensity,0.75,0.25,0.0,0.06432310002855957,0.4537777514502064,0.7446043165467626,0.2765418399213288,207,28,43
0,"S1 (N=5, I=800+/-50)",dist_int_60_40,distance_intensity,0.6,0.4,0.0,0.07952589984051883,0.5005203943373683,0.7554744525547445,0.33160706401184487,207,24,43
0,"S1 (N=5, I=800+/-50)",dist_sig_90_10,distance_sigma,0.9,0.0,0.1,0.07439279998652637,0.48110218269173277,0.7445255474452555,0.31088162251110457,204,24,46
0,"S1 (N=5, I=800+/-50)",dist_sig_75_25,distance_sigma,0.75,0.0,0.25,0.0824923999607563,0.4531595705989683,0.7427536231884058,0.2764760615288868,205,26,45
0,"S1 (N=5, I=800+/-50)",dist_sig_60_40,distance_sigma,0.6,0.0,0.4,0.08541429997421801,0.4261948097187049,0.7427536231884058,0.24455217741171223,205,26,45
0,"S1 (N=5, I=800+/-50)",dist_meta_80_10_10,all_terms,0.8,0.1,0.1,0.08982580015435815,0.46719996275677994,0.7454545454545455,0.29280900697552464,205,25,45
0,"S1 (N=5, I=800+/-50)",dist_meta_70_20_10,all_terms,0.7,0.2,0.1,0.07444470003247261,0.4824566915696704,0.7481751824817519,0.31110956991149497,205,24,45
0,"S1 (N=5, I=800+/-50)",dist_meta_50_40_10,all_terms,0.5,0.4,0.1,0.15121249994263053,0.4836031354461602,0.7518248175182481,0.31107245619446533,206,24,44
0,"S1 (N=5, I=800+/-50)",equal_all,all_terms,0.3333333333333333,0.3333333333333333,0.3333333333333333,0.10753080016002059,0.39591312919200045,0.7311827956989247,0.21437485508226403,204,29,46
1,"S1 (N=5, I=800+/-50)",distance_only,ablation,1.0,0.0,0.0,0.08763929991982877,0.38306905887582376,0.7689655172413793,0.19083027857274756,223,40,27
1,"S1 (N=5, I=800+/-50)",intensity_only,ablation,0.0,1.0,0.0,0.09246039995923638,0.34219410155786106,0.7702702702702703,0.1520204110953226,228,46,22
1,"S1 (N=5, I=800+/-50)",sigma_only,ablation,0.0,0.0,1.0,0.0810285999905318,0.36837830358806295,0.7728813559322034,0.17558008549804224,228,45,22
1,"S1 (N=5, I=800+/-50)",dist_int_90_10,distance_intensity,0.9,0.1,0.0,0.09601409989409149,0.3839293374849605,0.7785467128027682,0.18932934113997404,225,39,25
1,"S1 (N=5, I=800+/-50)",dist_int_75_25,distance_intensity,0.75,0.25,0.0,0.11200520000420511,0.3778565590044063,0.7847222222222222,0.1819441009053244,226,38,24
1,"S1 (N=5, I=800+/-50)",dist_int_60_40,distance_intensity,0.6,0.4,0.0,0.12653549993410707,0.40525301566665045,0.8,0.20528750838364304,228,35,22
1,"S1 (N=5, I=800+/-50)",dist_sig_90_10,distance_sigma,0.9,0.0,0.1,0.11271000001579523,0.36808060910376933,0.7728813559322034,0.1752964200239892,228,45,22
1,"S1 (N=5, I=800+/-50)",dist_sig_75_25,distance_sigma,0.75,0.0,0.25,0.10792999994009733,0.3896227065630353,0.8048780487804879,0.18860727249241543,231,37,19
1,"S1 (N=5, I=800+/-50)",dist_sig_60_40,distance_sigma,0.6,0.0,0.4,0.11675220006145537,0.368172720698519,0.7986111111111112,0.16973361675115783,230,38,20
1,"S1 (N=5, I=800+/-50)",dist_meta_80_10_10,all_terms,0.8,0.1,0.1,0.13065359997563064,0.3661431181243986,0.7661016949152543,0.17499084500091994,226,45,24
1,"S1 (N=5, I=800+/-50)",dist_meta_70_20_10,all_terms,0.7,0.2,0.1,0.13153809984214604,0.3699420294816266,0.7815699658703071,0.1751053791129105,229,43,21
1,"S1 (N=5, I=800+/-50)",dist_meta_50_40_10,all_terms,0.5,0.4,0.1,0.13112500007264316,0.3721182026818887,0.7896551724137931,0.17535749983619117,229,40,21
1,"S1 (N=5, I=800+/-50)",equal_all,all_terms,0.3333333333333333,0.3333333333333333,0.3333333333333333,0.14420239999890327,0.3776649578777924,0.7938144329896907,0.1796777867487918,231,41,19
2,"S1 (N=5, I=800+/-50)",distance_only,ablation,1.0,0.0,0.0,0.07760459999553859,0.5845738778845971,0.8884892086330936,0.3846153846153845,247,28,3
2,"S1 (N=5, I=800+/-50)",intensity_only,ablation,0.0,1.0,0.0,0.05456520011648536,0.6759651166675028,0.9138576779026217,0.4999999999999999,244,17,6
2,"S1 (N=5, I=800+/-50)",sigma_only,ablation,0.0,0.0,1.0,0.06141379987820983,0.5227259130285647,0.8763250883392226,0.31180481283422457,248,33,2
2,"S1 (N=5, I=800+/-50)",dist_int_90_10,distance_intensity,0.9,0.1,0.0,0.10761049995198846,0.6735753140545634,0.9074074074074074,0.5,245,20,5
2,"S1 (N=5, I=800+/-50)",dist_int_75_25,distance_intensity,0.75,0.25,0.0,0.06838179985061288,0.5843079928824056,0.8876811594202898,0.3846153846153847,245,26,5
2,"S1 (N=5, I=800+/-50)",dist_int_60_40,distance_intensity,0.6,0.4,0.0,0.08330400008708239,0.5899028292738967,0.9047619047619048,0.3846153846153847,247,23,3
2,"S1 (N=5, I=800+/-50)",dist_sig_90_10,distance_sigma,0.9,0.0,0.1,0.08034019987098873,0.5639500196018861,0.8905109489051095,0.3571428571428571,244,24,6
2,"S1 (N=5, I=800+/-50)",dist_sig_75_25,distance_sigma,0.75,0.0,0.25,0.0971164999064058,0.5261042808091513,0.8857142857142857,0.3125,248,30,2
2,"S1 (N=5, I=800+/-50)",dist_sig_60_40,distance_sigma,0.6,0.0,0.4,0.12909440021030605,0.5415387520394428,0.8884892086330936,0.33007066052227335,247,28,3
2,"S1 (N=5, I=800+/-50)",dist_meta_80_10_10,all_terms,0.8,0.1,0.1,0.14108860003761947,0.588469005683404,0.9003690036900369,0.38461538461538464,244,21,6
2,"S1 (N=5, I=800+/-50)",dist_meta_70_20_10,all_terms,0.7,0.2,0.1,0.09322349983267486,0.5660195679130751,0.8970588235294118,0.35714285714285715,244,22,6
2,"S1 (N=5, I=800+/-50)",dist_meta_50_40_10,all_terms,0.5,0.4,0.1,0.10771619994193316,0.5438359824042317,0.8872727272727273,0.3333333333333333,244,25,6
2,"S1 (N=5, I=800+/-50)",equal_all,all_terms,0.3333333333333333,0.3333333333333333,0.3333333333333333,0.10730670019984245,0.5020233684336838,0.8657243816254417,0.2911174362218005,245,33,5
3,"S1 (N=5, I=800+/-50)",distance_only,ablation,1.0,0.0,0.0,0.09185710013844073,0.37818384920625314,0.8293515358361775,0.17245162952071688,243,43,7
3,"S1 (N=5, I=800+/-50)",intensity_only,ablation,0.0,1.0,0.0,0.08260439988225698,0.42901897032957687,0.8362369337979094,0.2201018269627527,240,37,10
3,"S1 (N=5, I=800+/-50)",sigma_only,ablation,0.0,0.0,1.0,0.08275220007635653,0.4469892832983786,0.8275862068965517,0.24142429842184782,240,40,10
3,"S1 (N=5, I=800+/-50)",dist_int_90_10,distance_intensity,0.9,0.1,0.0,0.17762860003858805,0.37837770092645234,0.8321917808219178,0.17203929173271293,243,42,7
3,"S1 (N=5, I=800+/-50)",dist_int_75_25,distance_intensity,0.75,0.25,0.0,0.12747549987398088,0.4100085731011603,0.8281786941580757,0.2029840071982855,241,41,9
3,"S1 (N=5, I=800+/-50)",dist_int_60_40,distance_intensity,0.6,0.4,0.0,0.14487509988248348,0.42005668604115937,0.8247422680412371,0.2139427386290559,240,41,10
3,"S1 (N=5, I=800+/-50)",dist_sig_90_10,distance_sigma,0.9,0.0,0.1,0.17244639992713928,0.4096238517717574,0.8368055555555556,0.2005145625842956,241,38,9
3,"S1 (N=5, I=800+/-50)",dist_sig_75_25,distance_sigma,0.75,0.0,0.25,0.12684219982475042,0.415379764350887,0.8362369337979094,0.20632950023933727,240,37,10
3,"S1 (N=5, I=800+/-50)",dist_sig_60_40,distance_sigma,0.6,0.0,0.4,0.1972153999377042,0.45590846418017344,0.8391608391608392,0.24769092885575666,240,36,10
3,"S1 (N=5, I=800+/-50)",dist_meta_80_10_10,all_terms,0.8,0.1,0.1,0.11739949998445809,0.4115714266731182,0.8333333333333334,0.2032692471044951,240,38,10
3,"S1 (N=5, I=800+/-50)",dist_meta_70_20_10,all_terms,0.7,0.2,0.1,0.13990939990617335,0.40338281848447693,0.8275862068965517,0.1966172187169139,240,40,10
3,"S1 (N=5, I=800+/-50)",dist_meta_50_40_10,all_terms,0.5,0.4,0.1,0.11212720000185072,0.42893269881954527,0.8213058419243986,0.2240130907696069,239,41,11
3,"S1 (N=5, I=800+/-50)",equal_all,all_terms,0.3333333333333333,0.3333333333333333,0.3333333333333333,0.20004209992475808,0.4541818336457239,0.8298611111111112,0.24857308681159873,239,38,11
0,"S2 (N=10, I=700+/-100)",distance_only,ablation,1.0,0.0,0.0,0.2994129001162946,0.42098823233387805,0.7452991452991453,0.23779859789382551,436,85,64
0,"S2 (N=10, I=700+/-100)",intensity_only,ablation,0.0,1.0,0.0,0.3526439000852406,0.3862365802095386,0.7219430485762144,0.20663499175754,431,97,69
0,"S2 (N=10, I=700+/-100)",sigma_only,ablation,0.0,0.0,1.0,0.3689663000404835,0.4218185724210353,0.7583187390542907,0.23463868011651695,433,71,67
0,"S2 (N=10, I=700+/-100)",dist_int_90_10,distance_intensity,0.9,0.1,0.0,0.3937229998409748,0.4529294637586131,0.7538994800693241,0.27211200506704275,435,77,65
0,"S2 (N=10, I=700+/-100)",dist_int_75_25,distance_intensity,0.75,0.25,0.0,0.39160149986855686,0.4559381546001772,0.7646017699115044,0.2718795705171795,432,65,68
0,"S2 (N=10, I=700+/-100)",dist_int_60_40,distance_intensity,0.6,0.4,0.0,0.4324120997916907,0.4688772558862391,0.7726465364120781,0.28453616333841764,435,63,65
0,"S2 (N=10, I=700+/-100)",dist_sig_90_10,distance_sigma,0.9,0.0,0.1,0.6124177998863161,0.4403068273016579,0.7779751332149201,0.24919832767314717,438,63,62
0,"S2 (N=10, I=700+/-100)",dist_sig_75_25,distance_sigma,0.75,0.0,0.25,0.44218820007517934,0.468319001092995,0.7833935018050542,0.2799649043289086,434,54,66
0,"S2 (N=10, I=700+/-100)",dist_sig_60_40,distance_sigma,0.6,0.0,0.4,0.36434129998087883,0.44446280922153075,0.7606382978723404,0.25971238804787294,429,64,71
0,"S2 (N=10, I=700+/-100)",dist_meta_80_10_10,all_terms,0.8,0.1,0.1,0.3883225000463426,0.44772847889030865,0.7821428571428571,0.25629690149150813,438,60,62
0,"S2 (N=10, I=700+/-100)",dist_meta_70_20_10,all_terms,0.7,0.2,0.1,0.4377071000635624,0.4328649946474962,0.7680140597539543,0.24396962687272236,437,69,63
0,"S2 (N=10, I=700+/-100)",dist_meta_50_40_10,all_terms,0.5,0.4,0.1,0.4955498999916017,0.4744099770952082,0.7736185383244206,0.2909248101201706,434,61,66
0,"S2 (N=10, I=700+/-100)",equal_all,all_terms,0.3333333333333333,0.3333333333333333,0.3333333333333333,0.5082637001760304,0.43188486892036426,0.7570422535211268,0.24638590400311772,430,68,70
1,"S2 (N=10, I=700+/-100)",distance_only,ablation,1.0,0.0,0.0,0.3383810000959784,0.4088549544769399,0.8108581436077058,0.2061548929589514,463,71,37
1,"S2 (N=10, I=700+/-100)",intensity_only,ablation,0.0,1.0,0.0,0.34369480004534125,0.4444329395530628,0.8586956521739131,0.23002403384682818,474,52,26
1,"S2 (N=10, I=700+/-100)",sigma_only,ablation,0.0,0.0,1.0,0.42524729995056987,0.43482244498064465,0.8243478260869566,0.22935774520863672,474,75,26
1,"S2 (N=10, I=700+/-100)",dist_int_90_10,distance_intensity,0.9,0.1,0.0,0.5760597998742014,0.4255638109548392,0.8256227758007118,0.21935508867081085,464,62,36
1,"S2 (N=10, I=700+/-100)",dist_int_75_25,distance_intensity,0.75,0.25,0.0,0.4465978001244366,0.4411329707239043,0.8300536672629696,0.23444062177493669,464,59,36
1,"S2 (N=10, I=700+/-100)",dist_int_60_40,distance_intensity,0.6,0.4,0.0,0.513083300087601,0.45855572945796774,0.8351254480286738,0.25178655196663247,466,58,34
1,"S2 (N=10, I=700+/-100)",dist_sig_90_10,distance_sigma,0.9,0.0,0.1,0.3702699998393655,0.44656390610965707,0.8375451263537906,0.23809979422610492,464,54,36
1,"S2 (N=10, I=700+/-100)",dist_sig_75_25,distance_sigma,0.75,0.0,0.25,0.3610662000719458,0.4369186263043679,0.8262411347517731,0.2310437933703787,466,64,34
1,"S2 (N=10, I=700+/-100)",dist_sig_60_40,distance_sigma,0.6,0.0,0.4,0.4273292999714613,0.4434784814075783,0.8342245989304813,0.23575565108451232,468,61,32
1,"S2 (N=10, I=700+/-100)",dist_meta_80_10_10,all_terms,0.8,0.1,0.1,0.47601310000754893,0.4358759584830831,0.8202846975088968,0.23161208755998494,461,62,39
1,"S2 (N=10, I=700+/-100)",dist_meta_70_20_10,all_terms,0.7,0.2,0.1,0.5431009999010712,0.4382796310456773,0.8085106382978723,0.23758380643442492,456,64,44
1,"S2 (N=10, I=700+/-100)",dist_meta_50_40_10,all_terms,0.5,0.4,0.1,0.5690484999213368,0.4406973165504828,0.8180212014134276,0.2374194268794272,463,66,37
1,"S2 (N=10, I=700+/-100)",equal_all,all_terms,0.3333333333333333,0.3333333333333333,0.3333333333333333,0.4635246000252664,0.46281755156914667,0.8312159709618875,0.25769486333688496,458,51,42
2,"S2 (N=10, I=700+/-100)",distance_only,ablation,1.0,0.0,0.0,0.392506199888885,0.4560008401750707,0.8350877192982457,0.24899990915338469,476,70,24
2,"S2 (N=10, I=700+/-100)",intensity_only,ablation,0.0,1.0,0.0,0.38003119989298284,0.5381696488351851,0.8412698412698413,0.3442730937438745,477,67,23
2,"S2 (N=10, I=700+/-100)",sigma_only,ablation,0.0,0.0,1.0,0.3658389998599887,0.44370380834303036,0.8310104529616724,0.23690805432887707,477,74,23
2,"S2 (N=10, I=700+/-100)",dist_int_90_10,distance_intensity,0.9,0.1,0.0,0.4335284000262618,0.44754104358238,0.8310104529616724,0.24102342512897804,477,74,23
2,"S2 (N=10, I=700+/-100)",dist_int_75_25,distance_intensity,0.75,0.25,0.0,0.41733459988608956,0.525100695325624,0.8553345388788427,0.32236596056658345,473,53,27
2,"S2 (N=10, I=700+/-100)",dist_int_60_40,distance_intensity,0.6,0.4,0.0,0.4857249998021871,0.5045695995229601,0.8405017921146953,0.3029029600546274,469,58,31
2,"S2 (N=10, I=700+/-100)",dist_sig_90_10,distance_sigma,0.9,0.0,0.1,0.42406559991650283,0.46547722977736306,0.8453427065026362,0.2563091273805559,481,69,19
2,"S2 (N=10, I=700+/-100)",dist_sig_75_25,distance_sigma,0.75,0.0,0.25,0.49844320002011955,0.4717425894669114,0.8266199649737302,0.2692181173291879,472,71,28
2,"S2 (N=10, I=700+/-100)",dist_sig_60_40,distance_sigma,0.6,0.0,0.4,0.43661380000412464,0.4628365019991557,0.8441330998248686,0.2537723347505956,482,71,18
2,"S2 (N=10, I=700+/-100)",dist_meta_80_10_10,all_terms,0.8,0.1,0.1,0.41842080000787973,0.5005020334478136,0.8520499108734403,0.2939995442621493,478,61,22
2,"S2 (N=10, I=700+/-100)",dist_meta_70_20_10,all_terms,0.7,0.2,0.1,0.7121244000736624,0.49804196275893864,0.8436944937833037,0.2939995442621493,475,63,25
2,"S2 (N=10, I=700+/-100)",dist_meta_50_40_10,all_terms,0.5,0.4,0.1,0.6910491001326591,0.5142373086859929,0.8467023172905526,0.31231756928553267,475,61,25
2,"S2 (N=10, I=700+/-100)",equal_all,all_terms,0.3333333333333333,0.3333333333333333,0.3333333333333333,0.4848352000117302,0.4858641842789609,0.8389380530973451,0.28138431043092604,474,65,26
3,"S2 (N=10, I=700+/-100)",distance_only,ablation,1.0,0.0,0.0,0.2662197998724878,0.4609860919217064,0.8921389396709324,0.23820076391198902,488,47,12
3,"S2 (N=10, I=700+/-100)",intensity_only,ablation,0.0,1.0,0.0,0.3732979001943022,0.42981850882767975,0.8752260397830018,0.21108141455281026,484,53,16
3,"S2 (N=10, I=700+/-100)",sigma_only,ablation,0.0,0.0,1.0,0.26789409993216395,0.45133134099119077,0.8878842676311031,0.22942176901544054,491,53,9
3,"S2 (N=10, I=700+/-100)",dist_int_90_10,distance_intensity,0.9,0.1,0.0,0.5974455999676138,0.4728591586279815,0.8978102189781022,0.24904571052094043,492,48,8
3,"S2 (N=10, I=700+/-100)",dist_int_75_25,distance_intensity,0.75,0.25,0.0,0.4880060001742095,0.45786479508630973,0.8822463768115942,0.23762089149865395,487,52,13
3,"S2 (N=10, I=700+/-100)",dist_int_60_40,distance_intensity,0.6,0.4,0.0,0.36686179996468127,0.45413272250214465,0.8840579710144928,0.23328394337143413,488,52,12
3,"S2 (N=10, I=700+/-100)",dist_sig_90_10,distance_sigma,0.9,0.0,0.1,0.3627723001409322,0.4872258476929696,0.8972477064220183,0.2645746820649742,489,45,11
3,"S2 (N=10, I=700+/-100)",dist_sig_75_25,distance_sigma,0.75,0.0,0.25,0.5467946999706328,0.5102712840230446,0.9059040590405905,0.28742202962892344,491,42,9
3,"S2 (N=10, I=700+/-100)",dist_sig_60_40,distance_sigma,0.6,0.0,0.4,0.4531839999835938,0.5175425241716434,0.9040590405904059,0.29627519033605754,490,42,10
3,"S2 (N=10, I=700+/-100)",dist_meta_80_10_10,all_terms,0.8,0.1,0.1,0.4205236998386681,0.47854002883541347,0.8876811594202898,0.2579761401575198,490,52,10
3,"S2 (N=10, I=700+/-100)",dist_meta_70_20_10,all_terms,0.7,0.2,0.1,0.4332924000918865,0.4908846024451977,0.8907103825136612,0.270534281005851,489,49,11
3,"S2 (N=10, I=700+/-100)",dist_meta_50_40_10,all_terms,0.5,0.4,0.1,0.5050918001215905,0.48436856530681494,0.8832116788321168,0.26563610137901955,484,48,16
3,"S2 (N=10, I=700+/-100)",equal_all,all_terms,0.3333333333333333,0.3333333333333333,0.3333333333333333,0.45983990002423525,0.49205058547432723,0.8864864864864865,0.2731161527630562,492,55,8
0,"S3 (N=15, I=600+/-150)",distance_only,ablation,1.0,0.0,0.0,0.7873784999828786,0.4489579051468936,0.7804295942720764,0.2582721132992009,654,88,96
0,"S3 (N=15, I=600+/-150)",intensity_only,ablation,0.0,1.0,0.0,1.006206100108102,0.4196286294469571,0.7719714964370546,0.22810192793936868,650,92,100
0,"S3 (N=15, I=600+/-150)",sigma_only,ablation,0.0,0.0,1.0,1.1609267999883741,0.3845586758110442,0.7832335329341318,0.18881389639631355,654,85,96
0,"S3 (N=15, I=600+/-150)",dist_int_90_10,distance_intensity,0.9,0.1,0.0,1.8941896001342684,0.4436249675529192,0.7870813397129187,0.2500416436096819,658,86,92
0,"S3 (N=15, I=600+/-150)",dist_int_75_25,distance_intensity,0.75,0.25,0.0,1.332547799916938,0.4517155897960604,0.7797619047619048,0.2616785621594417,655,90,95
0,"S3 (N=15, I=600+/-150)",dist_int_60_40,distance_intensity,0.6,0.4,0.0,1.180986300110817,0.4727771470762316,0.7779111644657863,0.28733130594807316,648,83,102
0,"S3 (N=15, I=600+/-150)",dist_sig_90_10,distance_sigma,0.9,0.0,0.1,1.5863059000112116,0.41939019604389743,0.7813238770685579,0.22511552724799846,661,96,89
0,"S3 (N=15, I=600+/-150)",dist_sig_75_25,distance_sigma,0.75,0.0,0.25,1.587612000061199,0.4306814004665064,0.7902264600715138,0.23472571228633007,663,89,87
0,"S3 (N=15, I=600+/-150)",dist_sig_60_40,distance_sigma,0.6,0.0,0.4,1.4217066001147032,0.42363938096631676,0.7902264600715138,0.22711252302192256,663,89,87
0,"S3 (N=15, I=600+/-150)",dist_meta_80_10_10,all_terms,0.8,0.1,0.1,1.3344347001984715,0.418269933370052,0.7750294464075382,0.22573301952890307,658,99,92
0,"S3 (N=15, I=600+/-150)",dist_meta_70_20_10,all_terms,0.7,0.2,0.1,1.4361744998022914,0.4398232012105219,0.7796208530805687,0.24812631365451684,658,94,92
0,"S3 (N=15, I=600+/-150)",dist_meta_50_40_10,all_terms,0.5,0.4,0.1,1.110948899993673,0.43792925732216664,0.7867298578199052,0.24377114013466913,664,94,86
0,"S3 (N=15, I=600+/-150)",equal_all,all_terms,0.3333333333333333,0.3333333333333333,0.3333333333333333,1.3754757998976856,0.41511550375605877,0.7822485207100591,0.22028917523836045,661,95,89
1,"S3 (N=15, I=600+/-150)",distance_only,ablation,1.0,0.0,0.0,1.235728200059384,0.4326790609636815,0.8198830409356725,0.22833887328949115,701,105,49
1,"S3 (N=15, I=600+/-150)",intensity_only,ablation,0.0,1.0,0.0,1.5389022999443114,0.39948783828979667,0.833729216152019,0.19141770475314088,702,92,48
1,"S3 (N=15, I=600+/-150)",sigma_only,ablation,0.0,0.0,1.0,1.2569150999188423,0.39595730018022585,0.8300117233294255,0.1888915290703524,708,103,42
1,"S3 (N=15, I=600+/-150)",dist_int_90_10,distance_intensity,0.9,0.1,0.0,1.4928204999305308,0.4564408353258976,0.8260355029585799,0.25221462686144364,698,95,52
1,"S3 (N=15, I=600+/-150)",dist_int_75_25,distance_intensity,0.75,0.25,0.0,1.7608694999944419,0.46092588344744806,0.828978622327791,0.25628244723035015,698,92,52
1,"S3 (N=15, I=600+/-150)",dist_int_60_40,distance_intensity,0.6,0.4,0.0,1.6982330998871475,0.4664276755685303,0.8234597156398105,0.26419601639799317,695,94,55
1,"S3 (N=15, I=600+/-150)",dist_sig_90_10,distance_sigma,0.9,0.0,0.1,1.071666699834168,0.47424171945878335,0.8405275779376499,0.26757623946980924,701,84,49
1,"S3 (N=15, I=600+/-150)",dist_sig_75_25,distance_sigma,0.75,0.0,0.25,1.9223462999798357,0.4551732668490489,0.8301886792452831,0.24956098298326998,704,98,46
1,"S3 (N=15, I=600+/-150)",dist_sig_60_40,distance_sigma,0.6,0.0,0.4,1.4078421001322567,0.45693021545112983,0.8498212157330155,0.245681347943435,713,89,37
1,"S3 (N=15, I=600+/-150)",dist_meta_80_10_10,all_terms,0.8,0.1,0.1,1.605338300112635,0.4622063875160158,0.8407185628742515,0.2541097034068454,702,85,48
1,"S3 (N=15, I=600+/-150)",dist_meta_70_20_10,all_terms,0.7,0.2,0.1,1.2971264000516385,0.4528229702003345,0.8373205741626795,0.2448866642816005,700,86,50
1,"S3 (N=15, I=600+/-150)",dist_meta_50_40_10,all_terms,0.5,0.4,0.1,1.2106331998948008,0.44204017186193817,0.8299643281807372,0.23543121903569408,698,91,52
1,"S3 (N=15, I=600+/-150)",equal_all,all_terms,0.3333333333333333,0.3333333333333333,0.3333333333333333,1.3501802999526262,0.43945844924953636,0.8390532544378698,0.2301686187323021,709,95,41
2,"S3 (N=15, I=600+/-150)",distance_only,ablation,1.0,0.0,0.0,1.7862235999200493,0.43465604583981465,0.8059171597633136,0.23442344649987093,681,95,69
2,"S3 (N=15, I=600+/-150)",intensity_only,ablation,0.0,1.0,0.0,1.0841919998638332,0.4818307160652659,0.831942789034565,0.2790586588452553,698,89,52
2,"S3 (N=15, I=600+/-150)",sigma_only,ablation,0.0,0.0,1.0,1.863138899905607,0.42472824982944596,0.8200238379022646,0.21998639291347613,688,89,62
2,"S3 (N=15, I=600+/-150)",dist_int_90_10,distance_intensity,0.9,0.1,0.0,1.623175899963826,0.44723843984227213,0.8107142857142857,0.24672344572825508,681,90,69
2,"S3 (N=15, I=600+/-150)",dist_int_75_25,distance_intensity,0.75,0.25,0.0,1.620922700036317,0.4686050939596799,0.8263473053892215,0.26573661298687246,690,85,60
2,"S3 (N=15, I=600+/-150)",dist_int_60_40,distance_intensity,0.6,0.4,0.0,1.7863844998646528,0.4685832999637367,0.8281622911694511,0.26512956620477035,694,88,56
2,"S3 (N=15, I=600+/-150)",dist_sig_90_10,distance_sigma,0.9,0.0,0.1,1.6726515998598188,0.454860682920555,0.8172043010752689,0.2531781105345617,684,87,66
2,"S3 (N=15, I=600+/-150)",dist_sig_75_25,distance_sigma,0.75,0.0,0.25,1.633798399940133,0.4989908759019121,0.8258766626360339,0.30148798906440205,683,77,67
2,"S3 (N=15, I=600+/-150)",dist_sig_60_40,distance_sigma,0.6,0.0,0.4,1.1187118000816554,0.49674570953648906,0.8282950423216445,0.2979087008069876,685,77,65
2,"S3 (N=15, I=600+/-150)",dist_meta_80_10_10,all_terms,0.8,0.1,0.1,1.3053126002196223,0.458780389200023,0.8200238379022646,0.2566747889341368,688,89,62
2,"S3 (N=15, I=600+/-150)",dist_meta_70_20_10,all_terms,0.7,0.2,0.1,1.605278000002727,0.47093855176658356,0.8188319427890346,0.27085303827374957,687,89,63
2,"S3 (N=15, I=600+/-150)",dist_meta_50_40_10,all_terms,0.5,0.4,0.1,2.0775802000425756,0.5018568179308549,0.8219013237063778,0.3064361358708064,683,81,67
2,"S3 (N=15, I=600+/-150)",equal_all,all_terms,0.3333333333333333,0.3333333333333333,0.3333333333333333,1.6495151999406517,0.4841475626443137,0.8305084745762712,0.28223536494798673,686,76,64
3,"S3 (N=15, I=600+/-150)",distance_only,ablation,1.0,0.0,0.0,1.3871665999758989,0.5510406133152356,0.9236641221374046,0.32874044822719717,726,36,24
3,"S3 (N=15, I=600+/-150)",intensity_only,ablation,0.0,1.0,0.0,1.3273742999881506,0.5103914138368085,0.9169811320754717,0.2840837027134121,729,45,21
3,"S3 (N=15, I=600+/-150)",sigma_only,ablation,0.0,0.0,1.0,1.442932500038296,0.5379401645684578,0.90375,0.32019875038001605,723,50,27
3,"S3 (N=15, I=600+/-150)",dist_int_90_10,distance_intensity,0.9,0.1,0.0,1.2501024999655783,0.5582323698284427,0.9251269035532995,0.3368439265222662,729,38,21
3,"S3 (N=15, I=600+/-150)",dist_int_75_25,distance_intensity,0.75,0.25,0.0,1.789526600157842,0.5715690539951436,0.9247448979591837,0.35327708669264035,725,34,25
3,"S3 (N=15, I=600+/-150)",dist_int_60_40,distance_intensity,0.6,0.4,0.0,1.8433359998743981,0.6021701761986037,0.929305912596401,0.3901932788633177,723,28,27
3,"S3 (N=15, I=600+/-150)",dist_sig_90_10,distance_sigma,0.9,0.0,0.1,1.1441807001829147,0.5739329021464622,0.9386189258312021,0.3509400536267245,734,32,16
3,"S3 (N=15, I=600+/-150)",dist_sig_75_25,distance_sigma,0.75,0.0,0.25,1.2754164999350905,0.5838602642901026,0.9300254452926209,0.3665413779185911,731,36,19
3,"S3 (N=15, I=600+/-150)",dist_sig_60_40,distance_sigma,0.6,0.0,0.4,1.8156983000226319,0.5441531153896626,0.914572864321608,0.3237605493663013,728,46,22
3,"S3 (N=15, I=600+/-150)",dist_meta_80_10_10,all_terms,0.8,0.1,0.1,1.4492458999156952,0.5924729150987901,0.9372599231754162,0.374521673706474,732,31,18
3,"S3 (N=15, I=600+/-150)",dist_meta_70_20_10,all_terms,0.7,0.2,0.1,1.6530597999226302,0.5720669094620142,0.9375796178343949,0.34904827566252045,736,35,14
3,"S3 (N=15, I=600+/-150)",dist_meta_50_40_10,all_terms,0.5,0.4,0.1,1.7056253999471664,0.5835396137046751,0.9347826086956522,0.36427558407162014,731,32,19
3,"S3 (N=15, I=600+/-150)",equal_all,all_terms,0.3333333333333333,0.3333333333333333,0.3333333333333333,1.5618569999933243,0.5300868367883257,0.9231738035264484,0.30437611364499984,733,44,17
0,"S4 (N=20, I=550+/-200)",distance_only,ablation,1.0,0.0,0.0,2.5812996001914144,0.41561068115533245,0.8077617328519856,0.21384058103437156,895,108,105
0,"S4 (N=20, I=550+/-200)",intensity_only,ablation,0.0,1.0,0.0,2.7476751001086086,0.37690962456377475,0.7626970227670753,0.18626120313595412,871,142,129
0,"S4 (N=20, I=550+/-200)",sigma_only,ablation,0.0,0.0,1.0,2.744821900036186,0.38274190967064586,0.8057296329453895,0.18181206626697527,900,117,100
0,"S4 (N=20, I=550+/-200)",dist_int_90_10,distance_intensity,0.9,0.1,0.0,2.7280301998835057,0.4110970333377008,0.8036036036036036,0.21030364978604835,892,110,108
0,"S4 (N=20, I=550+/-200)",dist_int_75_25,distance_intensity,0.75,0.25,0.0,2.72134320018813,0.4227388922117153,0.8068283917340521,0.22149464845220057,898,113,102
0,"S4 (N=20, I=550+/-200)",dist_int_60_40,distance_intensity,0.6,0.4,0.0,3.312257400015369,0.42556593224357914,0.7835420393559929,0.23113802909056563,876,118,124
0,"S4 (N=20, I=550+/-200)",dist_sig_90_10,distance_sigma,0.9,0.0,0.1,2.49084770004265,0.4376401751221181,0.821917808219178,0.2330268561717838,900,95,100
0,"S4 (N=20, I=550+/-200)",dist_sig_75_25,distance_sigma,0.75,0.0,0.25,2.975832900032401,0.4408143737607765,0.8161024702653248,0.23810406069587148,892,93,108
0,"S4 (N=20, I=550+/-200)",dist_sig_60_40,distance_sigma,0.6,0.0,0.4,1.9869377999566495,0.41352782890649786,0.8066546762589928,0.2119931493773639,897,112,103
0,"S4 (N=20, I=550+/-200)",dist_meta_80_10_10,all_terms,0.8,0.1,0.1,2.606314299860969,0.43991770380827094,0.8129562043795621,0.23805413511991017,891,96,109
0,"S4 (N=20, I=550+/-200)",dist_meta_70_20_10,all_terms,0.7,0.2,0.1,2.8040381998289376,0.44553341875782737,0.8180987202925045,0.24263578747448164,895,94,105
0,"S4 (N=20, I=550+/-200)",dist_meta_50_40_10,all_terms,0.5,0.4,0.1,3.0714041001629084,0.4417664955084674,0.819926873857404,0.23801834380144152,897,94,103
0,"S4 (N=20, I=550+/-200)",equal_all,all_terms,0.3333333333333333,0.3333333333333333,0.3333333333333333,2.7197180001530796,0.4088867679313728,0.8039391226499553,0.20796150389879725,898,117,102
1,"S4 (N=20, I=550+/-200)",distance_only,ablation,1.0,0.0,0.0,1.9197948998771608,0.41145522726289385,0.8306306306306306,0.2038155081199297,922,110,78
1,"S4 (N=20, I=550+/-200)",intensity_only,ablation,0.0,1.0,0.0,2.986068099969998,0.38591904668480476,0.827027027027027,0.18008300300594823,918,110,82
1,"S4 (N=20, I=550+/-200)",sigma_only,ablation,0.0,0.0,1.0,2.249891099985689,0.3735952693953019,0.8447653429602888,0.1652215333851703,936,108,64
1,"S4 (N=20, I=550+/-200)",dist_int_90_10,distance_intensity,0.9,0.1,0.0,3.094256999902427,0.4167086961651543,0.8247978436657682,0.21053175489390502,918,113,82
1,"S4 (N=20, I=550+/-200)",dist_int_75_25,distance_intensity,0.75,0.25,0.0,3.063762300182134,0.4401903240724873,0.8242753623188406,0.2350762017949162,910,104,90
1,"S4 (N=20, I=550+/-200)",dist_int_60_40,distance_intensity,0.6,0.4,0.0,2.5922926000785083,0.44182641279372464,0.8414298808432631,0.23199862934096765,918,91,82
1,"S4 (N=20, I=550+/-200)",dist_sig_90_10,distance_sigma,0.9,0.0,0.1,3.0917005999945104,0.43099454649169183,0.8381555153707052,0.22162509904074487,927,106,73
1,"S4 (N=20, I=550+/-200)",dist_sig_75_25,distance_sigma,0.75,0.0,0.25,3.1544065000489354,0.46663223693731826,0.8545288197621226,0.2548136932464606,934,93,66
1,"S4 (N=20, I=550+/-200)",dist_sig_60_40,distance_sigma,0.6,0.0,0.4,2.5344428000971675,0.46138103612807974,0.8581884720951509,0.2480486133528701,938,93,62
1,"S4 (N=20, I=550+/-200)",dist_meta_80_10_10,all_terms,0.8,0.1,0.1,2.928366400068626,0.43563724909668533,0.8324324324324325,0.22798224264998426,924,110,76
1,"S4 (N=20, I=550+/-200)",dist_meta_70_20_10,all_terms,0.7,0.2,0.1,2.9870111998170614,0.443273633142039,0.8410535876475931,0.23362543924047105,926,101,74
1,"S4 (N=20, I=550+/-200)",dist_meta_50_40_10,all_terms,0.5,0.4,0.1,2.8175818999297917,0.43711921496508166,0.8480436760691538,0.22531057477764646,932,99,68
1,"S4 (N=20, I=550+/-200)",equal_all,all_terms,0.3333333333333333,0.3333333333333333,0.3333333333333333,2.5126495000440627,0.45006193691424623,0.8519195612431444,0.23776393485252068,932,94,68
2,"S4 (N=20, I=550+/-200)",distance_only,ablation,1.0,0.0,0.0,3.540904200170189,0.3954694738882176,0.7659574468085106,0.20418380345941423,864,128,136
2,"S4 (N=20, I=550+/-200)",intensity_only,ablation,0.0,1.0,0.0,2.815098199993372,0.3552152013075631,0.7650602409638554,0.1649253646758697,889,162,111
2,"S4 (N=20, I=550+/-200)",sigma_only,ablation,0.0,0.0,1.0,2.1599918000865728,0.37266030419299984,0.7818021201413428,0.17763536161313004,885,132,115
2,"S4 (N=20, I=550+/-200)",dist_int_90_10,distance_intensity,0.9,0.1,0.0,3.670751400059089,0.3934750534782057,0.7679362267493357,0.20160869134282025,867,129,133
2,"S4 (N=20, I=550+/-200)",dist_int_75_25,distance_intensity,0.75,0.25,0.0,2.741459999931976,0.3866344248051553,0.7693661971830986,0.19429782461424888,874,136,126
2,"S4 (N=20, I=550+/-200)",dist_int_60_40,distance_intensity,0.6,0.4,0.0,2.9623285999987274,0.3841349941327871,0.7539267015706806,0.19572153819460214,864,146,136
2,"S4 (N=20, I=550+/-200)",dist_sig_90_10,distance_sigma,0.9,0.0,0.1,2.3955639998894185,0.3850449940662609,0.7671353251318102,0.1932640077942086,873,138,127
2,"S4 (N=20, I=550+/-200)",dist_sig_75_25,distance_sigma,0.75,0.0,0.25,3.87133300001733,0.39647282623322033,0.7724867724867724,0.20348659360901736,876,134,124
2,"S4 (N=20, I=550+/-200)",dist_sig_60_40,distance_sigma,0.6,0.0,0.4,2.930580799933523,0.4137897904548082,0.7882037533512064,0.21723062083458677,882,119,118
2,"S4 (N=20, I=550+/-200)",dist_meta_80_10_10,all_terms,0.8,0.1,0.1,3.225368699990213,0.3821828074262525,0.7629499561018437,0.1914459750918636,869,139,131
2,"S4 (N=20, I=550+/-200)",dist_meta_70_20_10,all_terms,0.7,0.2,0.1,2.893592700129375,0.3994593577714335,0.7735346358792184,0.20628394788010682,871,126,129
2,"S4 (N=20, I=550+/-200)",dist_meta_50_40_10,all_terms,0.5,0.4,0.1,2.6750645998399705,0.3936708859278111,0.7616534740545294,0.2034741148126009,866,137,134
2,"S4 (N=20, I=550+/-200)",equal_all,all_terms,0.3333333333333333,0.3333333333333333,0.3333333333333333,3.4778401001822203,0.3978697890482636,0.7836879432624113,0.20199413605665775,884,128,116
3,"S4 (N=20, I=550+/-200)",distance_only,ablation,1.0,0.0,0.0,2.3540709998924285,0.4420534747878035,0.7822506861848124,0.24980645977446148,855,93,145
3,"S4 (N=20, I=550+/-200)",intensity_only,ablation,0.0,1.0,0.0,2.279288899851963,0.409966885152255,0.786618444846293,0.21366502148863808,870,106,130
3,"S4 (N=20, I=550+/-200)",sigma_only,ablation,0.0,0.0,1.0,2.544660200132057,0.3917703207246943,0.7882882882882883,0.19470539710035442,875,110,125
3,"S4 (N=20, I=550+/-200)",dist_int_90_10,distance_intensity,0.9,0.1,0.0,3.1250775998923928,0.44814912035562693,0.7784867821330902,0.2579846423663324,854,97,146
3,"S4 (N=20, I=550+/-200)",dist_int_75_25,distance_intensity,0.75,0.25,0.0,3.0844803999643773,0.45121894546262936,0.7967032967032966,0.2555512668102216,870,92,130
3,"S4 (N=20, I=550+/-200)",dist_int_60_40,distance_intensity,0.6,0.4,0.0,3.2685718999709934,0.4342926247106957,0.7896645512239348,0.23884836109936855,871,103,129
3,"S4 (N=20, I=550+/-200)",dist_sig_90_10,distance_sigma,0.9,0.0,0.1,2.9058469000738114,0.43649487672850507,0.7901459854014599,0.24112984300417456,866,96,134
3,"S4 (N=20, I=550+/-200)",dist_sig_75_25,distance_sigma,0.75,0.0,0.25,3.1455415999516845,0.45283891097507134,0.7769718948322756,0.2639259935359122,857,103,143
3,"S4 (N=20, I=550+/-200)",dist_sig_60_40,distance_sigma,0.6,0.0,0.4,3.087115200003609,0.44346841893315053,0.7926940639269406,0.2480960152732947,868,95,132
3,"S4 (N=20, I=550+/-200)",dist_meta_80_10_10,all_terms,0.8,0.1,0.1,3.5381507999263704,0.441770798863705,0.7946837763519706,0.24558377122605035,867,91,133
3,"S4 (N=20, I=550+/-200)",dist_meta_70_20_10,all_terms,0.7,0.2,0.1,2.9531644000671804,0.43278786957366555,0.7765765765765765,0.24119365134063167,862,110,138
3,"S4 (N=20, I=550+/-200)",dist_meta_50_40_10,all_terms,0.5,0.4,0.1,2.8340700999833643,0.44126239056808825,0.7887579329102448,0.2468596374193564,870,103,130
3,"S4 (N=20, I=550+/-200)",equal_all,all_terms,0.3333333333333333,0.3333333333333333,0.3333333333333333,2.9692789998371154,0.4464939216171571,0.7916287534121929,0.25183120393463654,870,99,130
0,"S5 (N=25, I=500+/-300)",distance_only,ablation,1.0,0.0,0.0,4.283607200020924,0.4001132475246459,0.7780203784570596,0.20576660364887123,1069,124,181
0,"S5 (N=25, I=500+/-300)",intensity_only,ablation,0.0,1.0,0.0,4.086412700125948,0.35103067458281595,0.7767408470926059,0.15864047186303795,1082,143,168
0,"S5 (N=25, I=500+/-300)",sigma_only,ablation,0.0,0.0,1.0,3.8274294999428093,0.3586118947574655,0.8,0.16075311382692442,1096,120,154
0,"S5 (N=25, I=500+/-300)",dist_int_90_10,distance_intensity,0.9,0.1,0.0,3.9165060999803245,0.4020035453826878,0.7751265365148229,0.20849092746440925,1072,133,178
0,"S5 (N=25, I=500+/-300)",dist_int_75_25,distance_intensity,0.75,0.25,0.0,4.59511879994534,0.4089435219176869,0.7846715328467153,0.21312714571373495,1075,120,175
0,"S5 (N=25, I=500+/-300)",dist_int_60_40,distance_intensity,0.6,0.4,0.0,3.6552814999595284,0.42466293962676355,0.7913616398243045,0.22788394485798225,1081,116,169
0,"S5 (N=25, I=500+/-300)",dist_sig_90_10,distance_sigma,0.9,0.0,0.1,3.4713514999020845,0.4104012271003985,0.7867056245434624,0.21409427103467701,1077,119,173
0,"S5 (N=25, I=500+/-300)",dist_sig_75_25,distance_sigma,0.75,0.0,0.25,3.4050936000421643,0.40504036248334985,0.7810909090909091,0.21003662100175485,1074,125,176
0,"S5 (N=25, I=500+/-300)",dist_sig_60_40,distance_sigma,0.6,0.0,0.4,3.7261455000843853,0.41063936784179605,0.7985347985347986,0.2111676169040009,1090,115,160
0,"S5 (N=25, I=500+/-300)",dist_meta_80_10_10,all_terms,0.8,0.1,0.1,4.495359300170094,0.4162058383663261,0.7856620336503292,0.2204857718341953,1074,117,176
0,"S5 (N=25, I=500+/-300)",dist_meta_70_20_10,all_terms,0.7,0.2,0.1,4.8512866999953985,0.4087603202381347,0.7845142439737034,0.21297892381770836,1074,119,176
0,"S5 (N=25, I=500+/-300)",dist_meta_50_40_10,all_terms,0.5,0.4,0.1,4.275673400145024,0.40247776702119,0.7743813682678311,0.20918420765817963,1064,124,186
0,"S5 (N=25, I=500+/-300)",equal_all,all_terms,0.3333333333333333,0.3333333333333333,0.3333333333333333,4.166737899882719,0.4036065836730523,0.7957540263543191,0.20470933101091235,1087,116,163
1,"S5 (N=25, I=500+/-300)",distance_only,ablation,1.0,0.0,0.0,4.357766000088304,0.41553387503781863,0.8201595358955766,0.21053026118314838,1131,129,119
1,"S5 (N=25, I=500+/-300)",intensity_only,ablation,0.0,1.0,0.0,3.861126800067723,0.34865302641300194,0.802945301542777,0.15139129974779406,1145,176,105
1,"S5 (N=25, I=500+/-300)",sigma_only,ablation,0.0,0.0,1.0,5.089678899850696,0.34500418808682026,0.8125,0.14649586436608747,1144,158,106
1,"S5 (N=25, I=500+/-300)",dist_int_90_10,distance_intensity,0.9,0.1,0.0,4.284490799997002,0.40603995314037344,0.8095919828203293,0.20364386881882635,1131,147,119
1,"S5 (N=25, I=500+/-300)",dist_int_75_25,distance_intensity,0.75,0.25,0.0,4.6905801999382675,0.3964988465161821,0.8174037089871612,0.19233009779642712,1146,152,104
1,"S5 (N=25, I=500+/-300)",dist_int_60_40,distance_intensity,0.6,0.4,0.0,4.613004900049418,0.39682027908045947,0.810099573257468,0.19437898634646902,1139,156,111
1,"S5 (N=25, I=500+/-300)",dist_sig_90_10,distance_sigma,0.9,0.0,0.1,4.249153600074351,0.3943977315039055,0.8141025641025641,0.19106876390556354,1143,154,107
1,"S5 (N=25, I=500+/-300)",dist_sig_75_25,distance_sigma,0.75,0.0,0.25,5.258430500049144,0.3773552536504064,0.8073394495412844,0.17637808673720815,1144,167,106
1,"S5 (N=25, I=500+/-300)",dist_sig_60_40,distance_sigma,0.6,0.0,0.4,4.676698399940506,0.3808298966947281,0.817923186344239,0.17731666327341156,1150,156,100
1,"S5 (N=25, I=500+/-300)",dist_meta_80_10_10,all_terms,0.8,0.1,0.1,5.743682699976489,0.3876801056268696,0.8070671378091873,0.1862247355366795,1142,165,108
1,"S5 (N=25, I=500+/-300)",dist_meta_70_20_10,all_terms,0.7,0.2,0.1,4.594002899946645,0.380750620757954,0.8067940552016986,0.17968778311253739,1140,163,110
1,"S5 (N=25, I=500+/-300)",dist_meta_50_40_10,all_terms,0.5,0.4,0.1,5.265096199931577,0.38408361889528353,0.8094900849858357,0.1822384597907443,1143,162,107
1,"S5 (N=25, I=500+/-300)",equal_all,all_terms,0.3333333333333333,0.3333333333333333,0.3333333333333333,4.178113000001758,0.38846385012432677,0.8067940552016986,0.18704173869462806,1140,163,110
2,"S5 (N=25, I=500+/-300)",distance_only,ablation,1.0,0.0,0.0,4.229444700060412,0.41355063691101623,0.7741935483870968,0.22090616699894675,1080,145,170
2,"S5 (N=25, I=500+/-300)",intensity_only,ablation,0.0,1.0,0.0,5.104961300035939,0.36073843869037275,0.7931281317108089,0.164074650672228,1108,147,142
2,"S5 (N=25, I=500+/-300)",sigma_only,ablation,0.0,0.0,1.0,5.755063599906862,0.3565836983876078,0.7817796610169492,0.162644208203605,1107,166,143
2,"S5 (N=25, I=500+/-300)",dist_int_90_10,distance_intensity,0.9,0.1,0.0,5.138540500076488,0.41010374689618095,0.775,0.21701301060424108,1085,150,165
2,"S5 (N=25, I=500+/-300)",dist_int_75_25,distance_intensity,0.75,0.25,0.0,4.924368399893865,0.414866778878844,0.7802433786685755,0.22059071428585209,1090,147,160
2,"S5 (N=25, I=500+/-300)",dist_int_60_40,distance_intensity,0.6,0.4,0.0,5.71361290011555,0.4108441719032203,0.781987133666905,0.21585129258500288,1094,149,156
2,"S5 (N=25, I=500+/-300)",dist_sig_90_10,distance_sigma,0.9,0.0,0.1,4.617385499877855,0.42108949079951113,0.7907979870596693,0.22422459612104736,1100,141,150
2,"S5 (N=25, I=500+/-300)",dist_sig_75_25,distance_sigma,0.75,0.0,0.25,5.340595199959353,0.41949173790814004,0.790414878397711,0.22263411656662618,1105,148,145
2,"S5 (N=25, I=500+/-300)",dist_sig_60_40,distance_sigma,0.6,0.0,0.4,4.609966999851167,0.41924174421315474,0.7958452722063037,0.22085152256244825,1111,146,139
2,"S5 (N=25, I=500+/-300)",dist_meta_80_10_10,all_terms,0.8,0.1,0.1,5.389195499941707,0.44296438154422046,0.7988338192419825,0.24562986517401764,1096,122,154
2,"S5 (N=25, I=500+/-300)",dist_meta_70_20_10,all_terms,0.7,0.2,0.1,4.325457199942321,0.4284793435467328,0.7882947976878613,0.23290087462804296,1091,134,159
2,"S5 (N=25, I=500+/-300)",dist_meta_50_40_10,all_terms,0.5,0.4,0.1,5.689281899947673,0.4185499400940186,0.7875536480686696,0.22244078582114785,1101,148,149
2,"S5 (N=25, I=500+/-300)",equal_all,all_terms,0.3333333333333333,0.3333333333333333,0.3333333333333333,5.195595799945295,0.4254393472213384,0.796415770609319,0.22726651686673752,1111,145,139
3,"S5 (N=25, I=500+/-300)",distance_only,ablation,1.0,0.0,0.0,4.4971890999004245,0.38649782857170445,0.7645369705671213,0.19538698224081236,1065,143,185
3,"S5 (N=25, I=500+/-300)",intensity_only,ablation,0.0,1.0,0.0,5.297996300039813,0.33730394636698113,0.7592067988668555,0.1498589743987424,1072,162,178
3,"S5 (N=25, I=500+/-300)",sigma_only,ablation,0.0,0.0,1.0,5.104844699846581,0.338045892621009,0.7538896746817539,0.1515805685575607,1066,164,184
3,"S5 (N=25, I=500+/-300)",dist_int_90_10,distance_intensity,0.9,0.1,0.0,5.7395440000109375,0.3907722818246968,0.7618364418938307,0.2004406298324082,1062,144,188
3,"S5 (N=25, I=500+/-300)",dist_int_75_25,distance_intensity,0.75,0.25,0.0,5.665664699859917,0.3890582141825511,0.7636103151862464,0.1982245276322612,1066,146,184
3,"S5 (N=25, I=500+/-300)",dist_int_60_40,distance_intensity,0.6,0.4,0.0,5.677769300062209,0.3970979743529636,0.7610108303249098,0.20720703957380388,1054,135,196
3,"S5 (N=25, I=500+/-300)",dist_sig_90_10,distance_sigma,0.9,0.0,0.1,5.833950399886817,0.3854661818640913,0.7711803041274439,0.1926711257609167,1065,131,185
3,"S5 (N=25, I=500+/-300)",dist_sig_75_25,distance_sigma,0.75,0.0,0.25,6.070616099983454,0.3889316864135902,0.7720694645441389,0.195925190210487,1067,132,183
3,"S5 (N=25, I=500+/-300)",dist_sig_60_40,distance_sigma,0.6,0.0,0.4,6.434845000039786,0.3876641999337365,0.7752890173410405,0.19384194609860708,1073,134,177
3,"S5 (N=25, I=500+/-300)",dist_meta_80_10_10,all_terms,0.8,0.1,0.1,5.793783200206235,0.40135594141385333,0.7763157894736842,0.20750137236988536,1062,118,188
3,"S5 (N=25, I=500+/-300)",dist_meta_70_20_10,all_terms,0.7,0.2,0.1,5.88952809991315,0.3944102177241514,0.7718023255813954,0.20155344793504,1062,126,188
3,"S5 (N=25, I=500+/-300)",dist_meta_50_40_10,all_terms,0.5,0.4,0.1,5.882448399905115,0.3851779961095124,0.7736804049168474,0.19176146603181068,1070,133,180
3,"S5 (N=25, I=500+/-300)",equal_all,all_terms,0.3333333333333333,0.3333333333333333,0.3333333333333333,5.862896800041199,0.36783432771138236,0.7705627705627706,0.17558867078936152,1068,136,182
