runtime_s,n_tracks,link_precision,link_recall,link_f1,link_tp,link_fp,link_fn,mean_coverage,median_coverage,mean_assigned_coverage,mean_fragments_per_gt,max_fragments_per_gt,assigned_tracks,unassigned_tracks,median_position_error_px,mean_position_error_px,assigned_median_position_error_px,assigned_mean_position_error_px,clear_tp,clear_fp,clear_fn,deta,assa,hota,mota,motp_px,id_switches,fragmentations,mean_fragmentations_per_gt,stage,peak_config,peak_family,peak_distance_weight,peak_intensity_weight,peak_sigma_weight,traj_config,traj_family,traj_position_weight,traj_length_weight,traj_start_frame_weight,candidate_tracks,seed,setup_index,setup,nparticles,intensity_mean,intensity_std,difficulty,cache_version,total_peaks,mean_peaks_per_frame,median_peaks_per_frame,n_gt_fragments,n_source_gt,mean_gt_length,median_gt_length,min_start_frame,max_start_frame,original_gt_count,peak_objective,traj_objective
0.09747730009257793,12,0.8275862068965517,0.47058823529411764,0.6,96,20,108,0.7260015568240789,0.9574468085106383,0.4937623248572911,1.0,1.0,5,7,0.9138184641811322,1.0088484125006116,0.8687345975202033,1.0572720261704025,153,58,56,0.5730337078651685,0.7098648241657619,0.6377903043122892,0.416267942583732,1.0088484125006116,8,16,3.2,traj2traj,dist_int_60_40,distance_intensity,0.6,0.4,0.0,position_only,ablation,1.0,0.0,0.0,12,0,0,S1,5,800.0,50.0,"S1: N=5, I=800+/-50",fragmented_gt_v2,235,4.7,5.0,5,5,41.8,41.0,0.0,9.0,5,0.6377903043122892,0.6
0.008880499983206391,12,0.8051948051948052,0.6078431372549019,0.6927374301675977,124,30,80,0.7260015568240789,0.9574468085106383,0.6284146341463415,1.0,1.0,5,7,0.9138184641811322,1.0088484125006116,62.56335188197283,58.05007247080029,153,58,56,0.5730337078651685,0.7098648241657619,0.6377903043122892,0.416267942583732,1.0088484125006116,8,16,3.2,traj2traj,dist_int_60_40,distance_intensity,0.6,0.4,0.0,length_only,ablation,0.0,1.0,0.0,12,0,0,S1,5,800.0,50.0,"S1: N=5, I=800+/-50",fragmented_gt_v2,235,4.7,5.0,5,5,41.8,41.0,0.0,9.0,5,0.6377903043122892,0.6927374301675977
0.009659799979999661,12,0.9323308270676691,0.6078431372549019,0.7359050445103857,124,9,80,0.7260015568240789,0.9574468085106383,0.649270887389725,1.0,1.0,5,7,0.9138184641811322,1.0088484125006116,50.755839125387496,56.020114356497544,153,58,56,0.5730337078651685,0.7098648241657619,0.6377903043122892,0.416267942583732,1.0088484125006116,8,16,3.2,traj2traj,dist_int_60_40,distance_intensity,0.6,0.4,0.0,start_only,ablation,0.0,0.0,1.0,12,0,0,S1,5,800.0,50.0,"S1: N=5, I=800+/-50",fragmented_gt_v2,235,4.7,5.0,5,5,41.8,41.0,0.0,9.0,5,0.6377903043122892,0.7359050445103857
0.051940999925136566,12,0.9191176470588235,0.6127450980392157,0.735294117647059,125,11,79,0.7260015568240789,0.9574468085106383,0.6571769590036326,1.0,1.0,5,7,0.9138184641811322,1.0088484125006116,0.9504021694724796,1.2862653024779347,153,58,56,0.5730337078651685,0.7098648241657619,0.6377903043122892,0.416267942583732,1.0088484125006116,8,16,3.2,traj2traj,dist_int_60_40,distance_intensity,0.6,0.4,0.0,pos_len_90_10,position_length,0.9,0.1,0.0,12,0,0,S1,5,800.0,50.0,"S1: N=5, I=800+/-50",fragmented_gt_v2,235,4.7,5.0,5,5,41.8,41.0,0.0,9.0,5,0.6377903043122892,0.735294117647059
0.08719299989752471,12,0.9191176470588235,0.6127450980392157,0.735294117647059,125,11,79,0.7260015568240789,0.9574468085106383,0.6571769590036326,1.0,1.0,5,7,0.9138184641811322,1.0088484125006116,0.9504021694724796,1.2862653024779347,153,58,56,0.5730337078651685,0.7098648241657619,0.6377903043122892,0.416267942583732,1.0088484125006116,8,16,3.2,traj2traj,dist_int_60_40,distance_intensity,0.6,0.4,0.0,pos_len_75_25,position_length,0.75,0.25,0.0,12,0,0,S1,5,800.0,50.0,"S1: N=5, I=800+/-50",fragmented_gt_v2,235,4.7,5.0,5,5,41.8,41.0,0.0,9.0,5,0.6377903043122892,0.735294117647059
0.07191359996795654,12,0.9191176470588235,0.6127450980392157,0.735294117647059,125,11,79,0.7260015568240789,0.9574468085106383,0.6571769590036326,1.0,1.0,5,7,0.9138184641811322,1.0088484125006116,0.9504021694724796,1.2862653024779347,153,58,56,0.5730337078651685,0.7098648241657619,0.6377903043122892,0.416267942583732,1.0088484125006116,8,16,3.2,traj2traj,dist_int_60_40,distance_intensity,0.6,0.4,0.0,pos_len_60_40,position_length,0.6,0.4,0.0,12,0,0,S1,5,800.0,50.0,"S1: N=5, I=800+/-50",fragmented_gt_v2,235,4.7,5.0,5,5,41.8,41.0,0.0,9.0,5,0.6377903043122892,0.735294117647059
0.07489609997719526,12,0.7961165048543689,0.4019607843137255,0.5342019543973942,82,21,122,0.7260015568240789,0.9574468085106383,0.46184743124026983,1.0,1.0,5,7,0.9138184641811322,1.0088484125006116,0.9486580904986244,1.4095530141260266,153,58,56,0.5730337078651685,0.7098648241657619,0.6377903043122892,0.416267942583732,1.0088484125006116,8,16,3.2,traj2traj,dist_int_60_40,distance_intensity,0.6,0.4,0.0,pos_start_90_10,position_start,0.9,0.0,0.1,12,0,0,S1,5,800.0,50.0,"S1: N=5, I=800+/-50",fragmented_gt_v2,235,4.7,5.0,5,5,41.8,41.0,0.0,9.0,5,0.6377903043122892,0.5342019543973942
0.07076440006494522,12,0.7961165048543689,0.4019607843137255,0.5342019543973942,82,21,122,0.7260015568240789,0.9574468085106383,0.46184743124026983,1.0,1.0,5,7,0.9138184641811322,1.0088484125006116,0.9486580904986244,1.4095530141260266,153,58,56,0.5730337078651685,0.7098648241657619,0.6377903043122892,0.416267942583732,1.0088484125006116,8,16,3.2,traj2traj,dist_int_60_40,distance_intensity,0.6,0.4,0.0,pos_start_75_25,position_start,0.75,0.0,0.25,12,0,0,S1,5,800.0,50.0,"S1: N=5, I=800+/-50",fragmented_gt_v2,235,4.7,5.0,5,5,41.8,41.0,0.0,9.0,5,0.6377903043122892,0.5342019543973942
0.06393990013748407,12,0.9,0.5294117647058824,0.6666666666666667,108,12,96,0.7260015568240789,0.9574468085106383,0.5935547483134406,1.0,1.0,5,7,0.9138184641811322,1.0088484125006116,1.7094634601793102,3.8773897003905415,153,58,56,0.5730337078651685,0.7098648241657619,0.6377903043122892,0.416267942583732,1.0088484125006116,8,16,3.2,traj2traj,dist_int_60_40,distance_intensity,0.6,0.4,0.0,pos_start_60_40,position_start,0.6,0.0,0.4,12,0,0,S1,5,800.0,50.0,"S1: N=5, I=800+/-50",fragmented_gt_v2,235,4.7,5.0,5,5,41.8,41.0,0.0,9.0,5,0.6377903043122892,0.6666666666666667
0.06610290007665753,12,0.8484848484848485,0.5490196078431373,0.6666666666666667,112,20,92,0.7260015568240789,0.9574468085106383,0.5937623248572911,1.0,1.0,5,7,0.9138184641811322,1.0088484125006116,0.9296527772776385,1.2951045385719786,153,58,56,0.5730337078651685,0.7098648241657619,0.6377903043122892,0.416267942583732,1.0088484125006116,8,16,3.2,traj2traj,dist_int_60_40,distance_intensity,0.6,0.4,0.0,pos_meta_80_10_10,all_terms,0.8,0.1,0.1,12,0,0,S1,5,800.0,50.0,"S1: N=5, I=800+/-50",fragmented_gt_v2,235,4.7,5.0,5,5,41.8,41.0,0.0,9.0,5,0.6377903043122892,0.6666666666666667
0.035537200048565865,12,0.8484848484848485,0.5490196078431373,0.6666666666666667,112,20,92,0.7260015568240789,0.9574468085106383,0.5937623248572911,1.0,1.0,5,7,0.9138184641811322,1.0088484125006116,0.9296527772776385,1.2951045385719786,153,58,56,0.5730337078651685,0.7098648241657619,0.6377903043122892,0.416267942583732,1.0088484125006116,8,16,3.2,traj2traj,dist_int_60_40,distance_intensity,0.6,0.4,0.0,pos_meta_70_20_10,all_terms,0.7,0.2,0.1,12,0,0,S1,5,800.0,50.0,"S1: N=5, I=800+/-50",fragmented_gt_v2,235,4.7,5.0,5,5,41.8,41.0,0.0,9.0,5,0.6377903043122892,0.6666666666666667
0.041081300005316734,12,0.8484848484848485,0.5490196078431373,0.6666666666666667,112,20,92,0.7260015568240789,0.9574468085106383,0.5937623248572911,1.0,1.0,5,7,0.9138184641811322,1.0088484125006116,0.9296527772776385,1.2951045385719786,153,58,56,0.5730337078651685,0.7098648241657619,0.6377903043122892,0.416267942583732,1.0088484125006116,8,16,3.2,traj2traj,dist_int_60_40,distance_intensity,0.6,0.4,0.0,pos_meta_60_20_20,all_terms,0.6,0.2,0.2,12,0,0,S1,5,800.0,50.0,"S1: N=5, I=800+/-50",fragmented_gt_v2,235,4.7,5.0,5,5,41.8,41.0,0.0,9.0,5,0.6377903043122892,0.6666666666666667
0.057784900069236755,12,0.9090909090909091,0.5882352941176471,0.7142857142857143,120,12,84,0.7260015568240789,0.9574468085106383,0.6446185781006746,1.0,1.0,5,7,0.9138184641811322,1.0088484125006116,3.210628100435655,4.497987190757665,153,58,56,0.5730337078651685,0.7098648241657619,0.6377903043122892,0.416267942583732,1.0088484125006116,8,16,3.2,traj2traj,dist_int_60_40,distance_intensity,0.6,0.4,0.0,equal_all,all_terms,0.3333333333333333,0.3333333333333333,0.3333333333333333,12,0,0,S1,5,800.0,50.0,"S1: N=5, I=800+/-50",fragmented_gt_v2,235,4.7,5.0,5,5,41.8,41.0,0.0,9.0,5,0.6377903043122892,0.7142857142857143
0.06987060001119971,16,0.8586956521739131,0.4114583333333333,0.5563380281690141,79,13,113,0.7896418344881613,0.8378378378378378,0.4038320366843606,1.0,1.0,5,11,0.7779636397084272,1.1064379211051512,0.6988854502150391,1.1774600538672164,155,96,42,0.5290102389078498,0.5738439915656156,0.5509712760879286,0.15736040609137059,1.1064379211051512,28,21,4.2,traj2traj,dist_int_60_40,distance_intensity,0.6,0.4,0.0,position_only,ablation,1.0,0.0,0.0,16,1,0,S1,5,800.0,50.0,"S1: N=5, I=800+/-50",fragmented_gt_v2,294,5.88,6.0,5,5,39.4,37.0,1.0,12.0,5,0.5509712760879286,0.5563380281690141
0.011717100162059069,16,0.8536585365853658,0.546875,0.6666666666666667,105,18,87,0.7896418344881613,0.8378378378378378,0.5399963869416642,1.0,1.0,5,11,0.7779636397084272,1.1064379211051512,2.2867980269858377,28.189670213794816,155,96,42,0.5290102389078498,0.5738439915656156,0.5509712760879286,0.15736040609137059,1.1064379211051512,28,21,4.2,traj2traj,dist_int_60_40,distance_intensity,0.6,0.4,0.0,length_only,ablation,0.0,1.0,0.0,16,1,0,S1,5,800.0,50.0,"S1: N=5, I=800+/-50",fragmented_gt_v2,294,5.88,6.0,5,5,39.4,37.0,1.0,12.0,5,0.5509712760879286,0.6666666666666667
0.012478600023314357,16,0.75,0.265625,0.3923076923076923,51,17,141,0.7896418344881613,0.8378378378378378,0.3554952253602928,1.0,1.0,5,11,0.7779636397084272,1.1064379211051512,5.422483706471424,17.835676218228464,155,96,42,0.5290102389078498,0.5738439915656156,0.5509712760879286,0.15736040609137059,1.1064379211051512,28,21,4.2,traj2traj,dist_int_60_40,distance_intensity,0.6,0.4,0.0,start_only,ablation,0.0,0.0,1.0,16,1,0,S1,5,800.0,50.0,"S1: N=5, I=800+/-50",fragmented_gt_v2,294,5.88,6.0,5,5,39.4,37.0,1.0,12.0,5,0.5509712760879286,0.3923076923076923
0.07490930007770658,16,0.8695652173913043,0.5208333333333334,0.6514657980456027,100,15,92,0.7896418344881613,0.8378378378378378,0.5624527263395329,1.0,1.0,5,11,0.7779636397084272,1.1064379211051512,0.6993039985140834,1.1118714032472052,155,96,42,0.5290102389078498,0.5738439915656156,0.5509712760879286,0.15736040609137059,1.1064379211051512,28,21,4.2,traj2traj,dist_int_60_40,distance_intensity,0.6,0.4,0.0,pos_len_90_10,position_length,0.9,0.1,0.0,16,1,0,S1,5,800.0,50.0,"S1: N=5, I=800+/-50",fragmented_gt_v2,294,5.88,6.0,5,5,39.4,37.0,1.0,12.0,5,0.5509712760879286,0.6514657980456027
0.08225320000201464,16,0.8620689655172413,0.5208333333333334,0.6493506493506493,100,16,92,0.7896418344881613,0.8378378378378378,0.579844030687359,1.0,1.0,5,11,0.7779636397084272,1.1064379211051512,0.6993039985140834,1.2473443389862657,155,96,42,0.5290102389078498,0.5738439915656156,0.5509712760879286,0.15736040609137059,1.1064379211051512,28,21,4.2,traj2traj,dist_int_60_40,distance_intensity,0.6,0.4,0.0,pos_len_75_25,position_length,0.75,0.25,0.0,16,1,0,S1,5,800.0,50.0,"S1: N=5, I=800+/-50",fragmented_gt_v2,294,5.88,6.0,5,5,39.4,37.0,1.0,12.0,5,0.5509712760879286,0.6493506493506493
0.051827399991452694,16,0.7647058823529411,0.4739583333333333,0.585209003215434,91,28,101,0.7896418344881613,0.8378378378378378,0.5311953820387103,1.0,1.0,5,11,0.7779636397084272,1.1064379211051512,0.6905291223019242,1.2451225108239579,155,96,42,0.5290102389078498,0.5738439915656156,0.5509712760879286,0.15736040609137059,1.1064379211051512,28,21,4.2,traj2traj,dist_int_60_40,distance_intensity,0.6,0.4,0.0,pos_len_60_40,position_length,0.6,0.4,0.0,16,1,0,S1,5,800.0,50.0,"S1: N=5, I=800+/-50",fragmented_gt_v2,294,5.88,6.0,5,5,39.4,37.0,1.0,12.0,5,0.5509712760879286,0.585209003215434
0.07468939991667867,16,0.8380952380952381,0.4583333333333333,0.5925925925925926,88,17,104,0.7896418344881613,0.8378378378378378,0.50734109296703,1.0,1.0,5,11,0.7779636397084272,1.1064379211051512,0.6853764696440311,1.1278334710441573,155,96,42,0.5290102389078498,0.5738439915656156,0.5509712760879286,0.15736040609137059,1.1064379211051512,28,21,4.2,traj2traj,dist_int_60_40,distance_intensity,0.6,0.4,0.0,pos_start_90_10,position_start,0.9,0.0,0.1,16,1,0,S1,5,800.0,50.0,"S1: N=5, I=800+/-50",fragmented_gt_v2,294,5.88,6.0,5,5,39.4,37.0,1.0,12.0,5,0.5509712760879286,0.5925925925925926
0.08116329996846616,16,0.8316831683168316,0.4375,0.5733788395904438,84,17,108,0.7896418344881613,0.8378378378378378,0.480314065940003,1.0,1.0,5,11,0.7779636397084272,1.1064379211051512,0.659723863957451,1.1991734977972037,155,96,42,0.5290102389078498,0.5738439915656156,0.5509712760879286,0.15736040609137059,1.1064379211051512,28,21,4.2,traj2traj,dist_int_60_40,distance_intensity,0.6,0.4,0.0,pos_start_75_25,position_start,0.75,0.0,0.25,16,1,0,S1,5,800.0,50.0,"S1: N=5, I=800+/-50",fragmented_gt_v2,294,5.88,6.0,5,5,39.4,37.0,1.0,12.0,5,0.5509712760879286,0.5733788395904438
0.06859120004810393,16,0.8316831683168316,0.4375,0.5733788395904438,84,17,108,0.7896418344881613,0.8378378378378378,0.480314065940003,1.0,1.0,5,11,0.7779636397084272,1.1064379211051512,0.659723863957451,1.1991734977972037,155,96,42,0.5290102389078498,0.5738439915656156,0.5509712760879286,0.15736040609137059,1.1064379211051512,28,21,4.2,traj2traj,dist_int_60_40,distance_intensity,0.6,0.4,0.0,pos_start_60_40,position_start,0.6,0.0,0.4,16,1,0,S1,5,800.0,50.0,"S1: N=5, I=800+/-50",fragmented_gt_v2,294,5.88,6.0,5,5,39.4,37.0,1.0,12.0,5,0.5509712760879286,0.5733788395904438
0.07313500018790364,16,0.7456140350877193,0.4427083333333333,0.5555555555555556,85,29,107,0.7896418344881613,0.8378378378378378,0.4857194713454083,1.0,1.0,5,11,0.7779636397084272,1.1064379211051512,0.6665526134595832,1.0773147135890266,155,96,42,0.5290102389078498,0.5738439915656156,0.5509712760879286,0.15736040609137059,1.1064379211051512,28,21,4.2,traj2traj,dist_int_60_40,distance_intensity,0.6,0.4,0.0,pos_meta_80_10_10,all_terms,0.8,0.1,0.1,16,1,0,S1,5,800.0,50.0,"S1: N=5, I=800+/-50",fragmented_gt_v2,294,5.88,6.0,5,5,39.4,37.0,1.0,12.0,5,0.5509712760879286,0.5555555555555556
0.0644229999743402,16,0.75,0.453125,0.564935064935065,87,29,105,0.7896418344881613,0.8378378378378378,0.49876294960627787,1.0,1.0,5,11,0.7779636397084272,1.1064379211051512,0.6733813629617152,1.1702122579064604,155,96,42,0.5290102389078498,0.5738439915656156,0.5509712760879286,0.15736040609137059,1.1064379211051512,28,21,4.2,traj2traj,dist_int_60_40,distance_intensity,0.6,0.4,0.0,pos_meta_70_20_10,all_terms,0.7,0.2,0.1,16,1,0,S1,5,800.0,50.0,"S1: N=5, I=800+/-50",fragmented_gt_v2,294,5.88,6.0,5,5,39.4,37.0,1.0,12.0,5,0.5509712760879286,0.564935064935065
0.08624920016154647,16,0.75,0.453125,0.564935064935065,87,29,105,0.7896418344881613,0.8378378378378378,0.49876294960627787,1.0,1.0,5,11,0.7779636397084272,1.1064379211051512,0.6733813629617152,1.1702122579064604,155,96,42,0.5290102389078498,0.5738439915656156,0.5509712760879286,0.15736040609137059,1.1064379211051512,28,21,4.2,traj2traj,dist_int_60_40,distance_intensity,0.6,0.4,0.0,pos_meta_60_20_20,all_terms,0.6,0.2,0.2,16,1,0,S1,5,800.0,50.0,"S1: N=5, I=800+/-50",fragmented_gt_v2,294,5.88,6.0,5,5,39.4,37.0,1.0,12.0,5,0.5509712760879286,0.564935064935065
0.09053509985096753,16,0.8349514563106796,0.4479166666666667,0.5830508474576271,86,17,106,0.7896418344881613,0.8378378378378378,0.4933575442008725,1.0,1.0,5,11,0.7779636397084272,1.1064379211051512,0.6665526134595832,1.2892886052951773,155,96,42,0.5290102389078498,0.5738439915656156,0.5509712760879286,0.15736040609137059,1.1064379211051512,28,21,4.2,traj2traj,dist_int_60_40,distance_intensity,0.6,0.4,0.0,equal_all,all_terms,0.3333333333333333,0.3333333333333333,0.3333333333333333,16,1,0,S1,5,800.0,50.0,"S1: N=5, I=800+/-50",fragmented_gt_v2,294,5.88,6.0,5,5,39.4,37.0,1.0,12.0,5,0.5509712760879286,0.5830508474576271
0.3750418000854552,24,0.8202764976958525,0.46596858638743455,0.5943238731218697,178,39,204,0.769881728983141,0.9487179487179487,0.4713131581552634,1.0,1.0,10,14,0.8420624196757371,0.9832565566391913,0.7726507501369639,0.9441433727993312,301,140,91,0.5657894736842105,0.6551160901263782,0.608816711198585,0.3698979591836735,0.9832565566391913,16,22,2.2,traj2traj,dist_int_60_40,distance_intensity,0.6,0.4,0.0,position_only,ablation,1.0,0.0,0.0,24,0,1,S2,10,700.0,100.0,"S2: N=10, I=700+/-100",fragmented_gt_v2,503,10.06,10.0,10,10,39.2,38.5,3.0,12.0,10,0.608816711198585,0.5943238731218697
0.04124439996667206,24,0.8817891373801917,0.7225130890052356,0.7942446043165468,276,37,106,0.769881728983141,0.9487179487179487,0.7305565281881071,1.0,1.0,10,14,0.8420624196757371,0.9832565566391913,6.100231997163712,33.84991176356659,301,140,91,0.5657894736842105,0.6551160901263782,0.608816711198585,0.3698979591836735,0.9832565566391913,16,22,2.2,traj2traj,dist_int_60_40,distance_intensity,0.6,0.4,0.0,length_only,ablation,0.0,1.0,0.0,24,0,1,S2,10,700.0,100.0,"S2: N=10, I=700+/-100",fragmented_gt_v2,503,10.06,10.0,10,10,39.2,38.5,3.0,12.0,10,0.608816711198585,0.7942446043165468
0.03341060015372932,24,0.8211009174311926,0.468586387434555,0.5966666666666667,179,39,203,0.769881728983141,0.9487179487179487,0.5146803638372207,1.0,1.0,10,14,0.8420624196757371,0.9832565566391913,49.22921261004618,50.34252987864171,301,140,91,0.5657894736842105,0.6551160901263782,0.608816711198585,0.3698979591836735,0.9832565566391913,16,22,2.2,traj2traj,dist_int_60_40,distance_intensity,0.6,0.4,0.0,start_only,ablation,0.0,0.0,1.0,24,0,1,S2,10,700.0,100.0,"S2: N=10, I=700+/-100",fragmented_gt_v2,503,10.06,10.0,10,10,39.2,38.5,3.0,12.0,10,0.608816711198585,0.5966666666666667
0.3011968999635428,24,0.8406374501992032,0.5523560209424084,0.6666666666666667,211,40,171,0.769881728983141,0.9487179487179487,0.5675435991225465,1.0,1.0,10,14,0.8420624196757371,0.9832565566391913,0.7998444108432143,1.0730339417439019,301,140,91,0.5657894736842105,0.6551160901263782,0.608816711198585,0.3698979591836735,0.9832565566391913,16,22,2.2,traj2traj,dist_int_60_40,distance_intensity,0.6,0.4,0.0,pos_len_90_10,position_length,0.9,0.1,0.0,24,0,1,S2,10,700.0,100.0,"S2: N=10, I=700+/-100",fragmented_gt_v2,503,10.06,10.0,10,10,39.2,38.5,3.0,12.0,10,0.608816711198585,0.6666666666666667
0.23657660000026226,24,0.8120567375886525,0.599476439790576,0.6897590361445782,229,53,153,0.769881728983141,0.9487179487179487,0.6223231762705448,1.0,1.0,10,14,0.8420624196757371,0.9832565566391913,0.8598891617220016,1.5484004495230808,301,140,91,0.5657894736842105,0.6551160901263782,0.608816711198585,0.3698979591836735,0.9832565566391913,16,22,2.2,traj2traj,dist_int_60_40,distance_intensity,0.6,0.4,0.0,pos_len_75_25,position_length,0.75,0.25,0.0,24,0,1,S2,10,700.0,100.0,"S2: N=10, I=700+/-100",fragmented_gt_v2,503,10.06,10.0,10,10,39.2,38.5,3.0,12.0,10,0.608816711198585,0.6897590361445782
0.22130990005098283,24,0.8120567375886525,0.599476439790576,0.6897590361445782,229,53,153,0.769881728983141,0.9487179487179487,0.6223231762705448,1.0,1.0,10,14,0.8420624196757371,0.9832565566391913,0.8598891617220016,1.5484004495230808,301,140,91,0.5657894736842105,0.6551160901263782,0.608816711198585,0.3698979591836735,0.9832565566391913,16,22,2.2,traj2traj,dist_int_60_40,distance_intensity,0.6,0.4,0.0,pos_len_60_40,position_length,0.6,0.4,0.0,24,0,1,S2,10,700.0,100.0,"S2: N=10, I=700+/-100",fragmented_gt_v2,503,10.06,10.0,10,10,39.2,38.5,3.0,12.0,10,0.608816711198585,0.6897590361445782
0.37365689990110695,24,0.8260869565217391,0.4973821989528796,0.6209150326797386,190,40,192,0.769881728983141,0.9487179487179487,0.5108430726851779,1.0,1.0,10,14,0.8420624196757371,0.9832565566391913,0.8215839698384403,1.1440915153207016,301,140,91,0.5657894736842105,0.6551160901263782,0.608816711198585,0.3698979591836735,0.9832565566391913,16,22,2.2,traj2traj,dist_int_60_40,distance_intensity,0.6,0.4,0.0,pos_start_90_10,position_start,0.9,0.0,0.1,24,0,1,S2,10,700.0,100.0,"S2: N=10, I=700+/-100",fragmented_gt_v2,503,10.06,10.0,10,10,39.2,38.5,3.0,12.0,10,0.608816711198585,0.6209150326797386
0.3869178998284042,24,0.8307086614173228,0.5523560209424084,0.6635220125786163,211,43,171,0.769881728983141,0.9487179487179487,0.5708295774085247,1.0,1.0,10,14,0.8420624196757371,0.9832565566391913,0.8671463526525626,1.6054680606403924,301,140,91,0.5657894736842105,0.6551160901263782,0.608816711198585,0.3698979591836735,0.9832565566391913,16,22,2.2,traj2traj,dist_int_60_40,distance_intensity,0.6,0.4,0.0,pos_start_75_25,position_start,0.75,0.0,0.25,24,0,1,S2,10,700.0,100.0,"S2: N=10, I=700+/-100",fragmented_gt_v2,503,10.06,10.0,10,10,39.2,38.5,3.0,12.0,10,0.608816711198585,0.6635220125786163
0.2513804000336677,24,0.8307086614173228,0.5523560209424084,0.6635220125786163,211,43,171,0.769881728983141,0.9487179487179487,0.5708295774085247,1.0,1.0,10,14,0.8420624196757371,0.9832565566391913,0.8671463526525626,1.6054680606403924,301,140,91,0.5657894736842105,0.6551160901263782,0.608816711198585,0.3698979591836735,0.9832565566391913,16,22,2.2,traj2traj,dist_int_60_40,distance_intensity,0.6,0.4,0.0,pos_start_60_40,position_start,0.6,0.0,0.4,24,0,1,S2,10,700.0,100.0,"S2: N=10, I=700+/-100",fragmented_gt_v2,503,10.06,10.0,10,10,39.2,38.5,3.0,12.0,10,0.608816711198585,0.6635220125786163
0.3554338999092579,24,0.8279569892473119,0.6047120418848168,0.6989409984871408,231,48,151,0.769881728983141,0.9487179487179487,0.6275863341652815,1.0,1.0,10,14,0.8420624196757371,0.9832565566391913,0.8598891617220016,1.541521853796535,301,140,91,0.5657894736842105,0.6551160901263782,0.608816711198585,0.3698979591836735,0.9832565566391913,16,22,2.2,traj2traj,dist_int_60_40,distance_intensity,0.6,0.4,0.0,pos_meta_80_10_10,all_terms,0.8,0.1,0.1,24,0,1,S2,10,700.0,100.0,"S2: N=10, I=700+/-100",fragmented_gt_v2,503,10.06,10.0,10,10,39.2,38.5,3.0,12.0,10,0.608816711198585,0.6989409984871408
0.26344859995879233,24,0.8279569892473119,0.6047120418848168,0.6989409984871408,231,48,151,0.769881728983141,0.9487179487179487,0.6275863341652815,1.0,1.0,10,14,0.8420624196757371,0.9832565566391913,0.8598891617220016,1.541521853796535,301,140,91,0.5657894736842105,0.6551160901263782,0.608816711198585,0.3698979591836735,0.9832565566391913,16,22,2.2,traj2traj,dist_int_60_40,distance_intensity,0.6,0.4,0.0,pos_meta_70_20_10,all_terms,0.7,0.2,0.1,24,0,1,S2,10,700.0,100.0,"S2: N=10, I=700+/-100",fragmented_gt_v2,503,10.06,10.0,10,10,39.2,38.5,3.0,12.0,10,0.608816711198585,0.6989409984871408
0.2145100999623537,24,0.8279569892473119,0.6047120418848168,0.6989409984871408,231,48,151,0.769881728983141,0.9487179487179487,0.6275863341652815,1.0,1.0,10,14,0.8420624196757371,0.9832565566391913,0.8598891617220016,1.541521853796535,301,140,91,0.5657894736842105,0.6551160901263782,0.608816711198585,0.3698979591836735,0.9832565566391913,16,22,2.2,traj2traj,dist_int_60_40,distance_intensity,0.6,0.4,0.0,pos_meta_60_20_20,all_terms,0.6,0.2,0.2,24,0,1,S2,10,700.0,100.0,"S2: N=10, I=700+/-100",fragmented_gt_v2,503,10.06,10.0,10,10,39.2,38.5,3.0,12.0,10,0.608816711198585,0.6989409984871408
0.2025503001641482,24,0.8279569892473119,0.6047120418848168,0.6989409984871408,231,48,151,0.769881728983141,0.9487179487179487,0.6275863341652815,1.0,1.0,10,14,0.8420624196757371,0.9832565566391913,0.8598891617220016,1.541521853796535,301,140,91,0.5657894736842105,0.6551160901263782,0.608816711198585,0.3698979591836735,0.9832565566391913,16,22,2.2,traj2traj,dist_int_60_40,distance_intensity,0.6,0.4,0.0,equal_all,all_terms,0.3333333333333333,0.3333333333333333,0.3333333333333333,24,0,1,S2,10,700.0,100.0,"S2: N=10, I=700+/-100",fragmented_gt_v2,503,10.06,10.0,10,10,39.2,38.5,3.0,12.0,10,0.608816711198585,0.6989409984871408
0.19312849990092218,27,0.7315436241610739,0.6005509641873278,0.659606656580938,218,80,145,0.8179084584115073,0.9635416666666667,0.6461018605378361,1.0,1.0,10,17,0.6640838306058707,0.8890019425811451,0.6430843501289748,0.989608240481569,305,184,68,0.547576301615799,0.6647035282070762,0.6033041518559306,0.24932975871313678,0.8890019425811451,28,34,3.4,traj2traj,dist_int_60_40,distance_intensity,0.6,0.4,0.0,position_only,ablation,1.0,0.0,0.0,27,1,1,S2,10,700.0,100.0,"S2: N=10, I=700+/-100",fragmented_gt_v2,554,11.08,11.0,10,10,37.3,38.0,1.0,12.0,10,0.6033041518559306,0.659606656580938
0.04298399994149804,27,0.7987804878048781,0.721763085399449,0.7583212735166426,262,66,101,0.8179084584115073,0.9635416666666667,0.722789879039879,1.0,1.0,10,17,0.6640838306058707,0.8890019425811451,60.58293945130973,56.78124355065687,305,184,68,0.547576301615799,0.6647035282070762,0.6033041518559306,0.24932975871313678,0.8890019425811451,28,34,3.4,traj2traj,dist_int_60_40,distance_intensity,0.6,0.4,0.0,length_only,ablation,0.0,1.0,0.0,27,1,1,S2,10,700.0,100.0,"S2: N=10, I=700+/-100",fragmented_gt_v2,554,11.08,11.0,10,10,37.3,38.0,1.0,12.0,10,0.6033041518559306,0.7583212735166426
0.03702099993824959,27,0.8422939068100358,0.6473829201101928,0.7320872274143303,235,44,128,0.8179084584115073,0.9635416666666667,0.6797284697284697,1.0,1.0,10,17,0.6640838306058707,0.8890019425811451,46.04781185777968,50.10755974224486,305,184,68,0.547576301615799,0.6647035282070762,0.6033041518559306,0.24932975871313678,0.8890019425811451,28,34,3.4,traj2traj,dist_int_60_40,distance_intensity,0.6,0.4,0.0,start_only,ablation,0.0,0.0,1.0,27,1,1,S2,10,700.0,100.0,"S2: N=10, I=700+/-100",fragmented_gt_v2,554,11.08,11.0,10,10,37.3,38.0,1.0,12.0,10,0.6033041518559306,0.7320872274143303
0.21329479990527034,27,0.7152317880794702,0.5950413223140496,0.649624060150376,216,86,147,0.8179084584115073,0.9635416666666667,0.6461018605378361,1.0,1.0,10,17,0.6640838306058707,0.8890019425811451,0.6430843501289748,0.9934975737637421,305,184,68,0.547576301615799,0.6647035282070762,0.6033041518559306,0.24932975871313678,0.8890019425811451,28,34,3.4,traj2traj,dist_int_60_40,distance_intensity,0.6,0.4,0.0,pos_len_90_10,position_length,0.9,0.1,0.0,27,1,1,S2,10,700.0,100.0,"S2: N=10, I=700+/-100",fragmented_gt_v2,554,11.08,11.0,10,10,37.3,38.0,1.0,12.0,10,0.6033041518559306,0.649624060150376
0.17368939984589815,27,0.7307692307692307,0.628099173553719,0.6755555555555556,228,84,135,0.8179084584115073,0.9635416666666667,0.6774280800500312,1.0,1.0,10,17,0.6640838306058707,0.8890019425811451,0.6624244772191563,1.106876018978287,305,184,68,0.547576301615799,0.6647035282070762,0.6033041518559306,0.24932975871313678,0.8890019425811451,28,34,3.4,traj2traj,dist_int_60_40,distance_intensity,0.6,0.4,0.0,pos_len_75_25,position_length,0.75,0.25,0.0,27,1,1,S2,10,700.0,100.0,"S2: N=10, I=700+/-100",fragmented_gt_v2,554,11.08,11.0,10,10,37.3,38.0,1.0,12.0,10,0.6033041518559306,0.6755555555555556
0.21553759998641908,27,0.7300613496932515,0.6556473829201102,0.6908563134978228,238,88,125,0.8179084584115073,0.9635416666666667,0.6973800031269544,1.0,1.0,10,17,0.6640838306058707,0.8890019425811451,0.678537530885699,1.3023994378226569,305,184,68,0.547576301615799,0.6647035282070762,0.6033041518559306,0.24932975871313678,0.8890019425811451,28,34,3.4,traj2traj,dist_int_60_40,distance_intensity,0.6,0.4,0.0,pos_len_60_40,position_length,0.6,0.4,0.0,27,1,1,S2,10,700.0,100.0,"S2: N=10, I=700+/-100",fragmented_gt_v2,554,11.08,11.0,10,10,37.3,38.0,1.0,12.0,10,0.6033041518559306,0.6908563134978228
0.21087459987029433,27,0.7308970099667774,0.6060606060606061,0.6626506024096386,220,81,143,0.8179084584115073,0.9635416666666667,0.6511300031269543,1.0,1.0,10,17,0.6640838306058707,0.8890019425811451,0.6719818193263268,1.1029292982044334,305,184,68,0.547576301615799,0.6647035282070762,0.6033041518559306,0.24932975871313678,0.8890019425811451,28,34,3.4,traj2traj,dist_int_60_40,distance_intensity,0.6,0.4,0.0,pos_start_90_10,position_start,0.9,0.0,0.1,27,1,1,S2,10,700.0,100.0,"S2: N=10, I=700+/-100",fragmented_gt_v2,554,11.08,11.0,10,10,37.3,38.0,1.0,12.0,10,0.6033041518559306,0.6626506024096386
0.14722980000078678,27,0.7077464788732394,0.5537190082644629,0.6213292117465224,201,83,162,0.8179084584115073,0.9635416666666667,0.6073800031269544,1.0,1.0,10,17,0.6640838306058707,0.8890019425811451,0.6851799910533813,1.2228092652297984,305,184,68,0.547576301615799,0.6647035282070762,0.6033041518559306,0.24932975871313678,0.8890019425811451,28,34,3.4,traj2traj,dist_int_60_40,distance_intensity,0.6,0.4,0.0,pos_start_75_25,position_start,0.75,0.0,0.25,27,1,1,S2,10,700.0,100.0,"S2: N=10, I=700+/-100",fragmented_gt_v2,554,11.08,11.0,10,10,37.3,38.0,1.0,12.0,10,0.6033041518559306,0.6213292117465224
0.1666904001031071,27,0.7077464788732394,0.5537190082644629,0.6213292117465224,201,83,162,0.8179084584115073,0.9635416666666667,0.6073800031269544,1.0,1.0,10,17,0.6640838306058707,0.8890019425811451,0.6851799910533813,1.2228092652297984,305,184,68,0.547576301615799,0.6647035282070762,0.6033041518559306,0.24932975871313678,0.8890019425811451,28,34,3.4,traj2traj,dist_int_60_40,distance_intensity,0.6,0.4,0.0,pos_start_60_40,position_start,0.6,0.0,0.4,27,1,1,S2,10,700.0,100.0,"S2: N=10, I=700+/-100",fragmented_gt_v2,554,11.08,11.0,10,10,37.3,38.0,1.0,12.0,10,0.6033041518559306,0.6213292117465224
0.18048839992843568,27,0.7308970099667774,0.6060606060606061,0.6626506024096386,220,81,143,0.8179084584115073,0.9635416666666667,0.6511300031269543,1.0,1.0,10,17,0.6640838306058707,0.8890019425811451,0.6719818193263268,1.1029292982044334,305,184,68,0.547576301615799,0.6647035282070762,0.6033041518559306,0.24932975871313678,0.8890019425811451,28,34,3.4,traj2traj,dist_int_60_40,distance_intensity,0.6,0.4,0.0,pos_meta_80_10_10,all_terms,0.8,0.1,0.1,27,1,1,S2,10,700.0,100.0,"S2: N=10, I=700+/-100",fragmented_gt_v2,554,11.08,11.0,10,10,37.3,38.0,1.0,12.0,10,0.6033041518559306,0.6626506024096386
0.15648790006525815,27,0.752411575562701,0.6446280991735537,0.6943620178041542,234,77,129,0.8179084584115073,0.9635416666666667,0.6911300031269543,1.0,1.0,10,17,0.6640838306058707,0.8890019425811451,0.6766767544492212,1.1680072547619105,305,184,68,0.547576301615799,0.6647035282070762,0.6033041518559306,0.24932975871313678,0.8890019425811451,28,34,3.4,traj2traj,dist_int_60_40,distance_intensity,0.6,0.4,0.0,pos_meta_70_20_10,all_terms,0.7,0.2,0.1,27,1,1,S2,10,700.0,100.0,"S2: N=10, I=700+/-100",fragmented_gt_v2,554,11.08,11.0,10,10,37.3,38.0,1.0,12.0,10,0.6033041518559306,0.6943620178041542
0.172519400017336,27,0.7308970099667774,0.6060606060606061,0.6626506024096386,220,81,143,0.8179084584115073,0.9635416666666667,0.6511300031269543,1.0,1.0,10,17,0.6640838306058707,0.8890019425811451,0.6719818193263268,1.1029292982044334,305,184,68,0.547576301615799,0.6647035282070762,0.6033041518559306,0.24932975871313678,0.8890019425811451,28,34,3.4,traj2traj,dist_int_60_40,distance_intensity,0.6,0.4,0.0,pos_meta_60_20_20,all_terms,0.6,0.2,0.2,27,1,1,S2,10,700.0,100.0,"S2: N=10, I=700+/-100",fragmented_gt_v2,554,11.08,11.0,10,10,37.3,38.0,1.0,12.0,10,0.6033041518559306,0.6626506024096386
0.2091078998055309,27,0.7151898734177216,0.6225895316804407,0.6656848306332842,226,90,137,0.8179084584115073,0.9635416666666667,0.6823800031269543,1.0,1.0,10,17,0.6640838306058707,0.8890019425811451,0.7530012587725778,3.251305523597444,305,184,68,0.547576301615799,0.6647035282070762,0.6033041518559306,0.24932975871313678,0.8890019425811451,28,34,3.4,traj2traj,dist_int_60_40,distance_intensity,0.6,0.4,0.0,equal_all,all_terms,0.3333333333333333,0.3333333333333333,0.3333333333333333,27,1,1,S2,10,700.0,100.0,"S2: N=10, I=700+/-100",fragmented_gt_v2,554,11.08,11.0,10,10,37.3,38.0,1.0,12.0,10,0.6033041518559306,0.6656848306332842
0.41821489995345473,30,0.7479674796747967,0.4928571428571429,0.5941872981700753,276,93,284,0.7713825194342282,0.9375,0.5357456921719348,1.0,1.0,15,15,0.7408573379764836,0.9215971984800637,0.7226886178843135,1.0995939687848688,440,175,135,0.5866666666666667,0.6856446077349904,0.6342277481613848,0.4260869565217391,0.9215971984800637,20,36,2.4,traj2traj,dist_int_60_40,distance_intensity,0.6,0.4,0.0,position_only,ablation,1.0,0.0,0.0,30,0,2,S3,15,600.0,150.0,"S3: N=15, I=600+/-150",fragmented_gt_v2,716,14.32,14.0,15,15,38.333333333333336,38.0,1.0,12.0,15,0.6342277481613848,0.5941872981700753
0.04988720011897385,30,0.8021739130434783,0.6589285714285714,0.7235294117647059,369,91,191,0.7713825194342282,0.9375,0.6741458657336856,1.0,1.0,15,15,0.7408573379764836,0.9215971984800637,59.36942117514986,63.714729806944845,440,175,135,0.5866666666666667,0.6856446077349904,0.6342277481613848,0.4260869565217391,0.9215971984800637,20,36,2.4,traj2traj,dist_int_60_40,distance_intensity,0.6,0.4,0.0,length_only,ablation,0.0,1.0,0.0,30,0,2,S3,15,600.0,150.0,"S3: N=15, I=600+/-150",fragmented_gt_v2,716,14.32,14.0,15,15,38.333333333333336,38.0,1.0,12.0,15,0.6342277481613848,0.7235294117647059
0.05141220008954406,30,0.847953216374269,0.5178571428571429,0.6430155210643016,290,52,270,0.7713825194342282,0.9375,0.5355689769652038,1.0,1.0,15,15,0.7408573379764836,0.9215971984800637,57.59151379125421,48.99227192704837,440,175,135,0.5866666666666667,0.6856446077349904,0.6342277481613848,0.4260869565217391,0.9215971984800637,20,36,2.4,traj2traj,dist_int_60_40,distance_intensity,0.6,0.4,0.0,start_only,ablation,0.0,0.0,1.0,30,0,2,S3,15,600.0,150.0,"S3: N=15, I=600+/-150",fragmented_gt_v2,716,14.32,14.0,15,15,38.333333333333336,38.0,1.0,12.0,15,0.6342277481613848,0.6430155210643016
0.43592289998196065,30,0.7880952380952381,0.5910714285714286,0.6755102040816326,331,89,229,0.7713825194342282,0.9375,0.626527098324867,1.0,1.0,15,15,0.7408573379764836,0.9215971984800637,0.7263138642455385,1.253439379381705,440,175,135,0.5866666666666667,0.6856446077349904,0.6342277481613848,0.4260869565217391,0.9215971984800637,20,36,2.4,traj2traj,dist_int_60_40,distance_intensity,0.6,0.4,0.0,pos_len_90_10,position_length,0.9,0.1,0.0,30,0,2,S3,15,600.0,150.0,"S3: N=15, I=600+/-150",fragmented_gt_v2,716,14.32,14.0,15,15,38.333333333333336,38.0,1.0,12.0,15,0.6342277481613848,0.6755102040816326
0.4482193000148982,30,0.7880952380952381,0.5910714285714286,0.6755102040816326,331,89,229,0.7713825194342282,0.9375,0.626527098324867,1.0,1.0,15,15,0.7408573379764836,0.9215971984800637,0.7263138642455385,1.253439379381705,440,175,135,0.5866666666666667,0.6856446077349904,0.6342277481613848,0.4260869565217391,0.9215971984800637,20,36,2.4,traj2traj,dist_int_60_40,distance_intensity,0.6,0.4,0.0,pos_len_75_25,position_length,0.75,0.25,0.0,30,0,2,S3,15,600.0,150.0,"S3: N=15, I=600+/-150",fragmented_gt_v2,716,14.32,14.0,15,15,38.333333333333336,38.0,1.0,12.0,15,0.6342277481613848,0.6755102040816326
0.3521251000929624,30,0.7885985748218527,0.5928571428571429,0.6768603465851172,332,89,228,0.7713825194342282,0.9375,0.6322413840391526,1.0,1.0,15,15,0.7408573379764836,0.9215971984800637,0.7264146523962323,1.285340671744955,440,175,135,0.5866666666666667,0.6856446077349904,0.6342277481613848,0.4260869565217391,0.9215971984800637,20,36,2.4,traj2traj,dist_int_60_40,distance_intensity,0.6,0.4,0.0,pos_len_60_40,position_length,0.6,0.4,0.0,30,0,2,S3,15,600.0,150.0,"S3: N=15, I=600+/-150",fragmented_gt_v2,716,14.32,14.0,15,15,38.333333333333336,38.0,1.0,12.0,15,0.6342277481613848,0.6768603465851172
0.37620009994134307,30,0.7692307692307693,0.5178571428571429,0.6189967982924227,290,87,270,0.7713825194342282,0.9375,0.5493809954936896,1.0,1.0,15,15,0.7408573379764836,0.9215971984800637,0.7121655874592272,1.273192062964048,440,175,135,0.5866666666666667,0.6856446077349904,0.6342277481613848,0.4260869565217391,0.9215971984800637,20,36,2.4,traj2traj,dist_int_60_40,distance_intensity,0.6,0.4,0.0,pos_start_90_10,position_start,0.9,0.0,0.1,30,0,2,S3,15,600.0,150.0,"S3: N=15, I=600+/-150",fragmented_gt_v2,716,14.32,14.0,15,15,38.333333333333336,38.0,1.0,12.0,15,0.6342277481613848,0.6189967982924227
0.4148026001639664,30,0.7692307692307693,0.5178571428571429,0.6189967982924227,290,87,270,0.7713825194342282,0.9375,0.5493809954936896,1.0,1.0,15,15,0.7408573379764836,0.9215971984800637,0.7121655874592272,1.273192062964048,440,175,135,0.5866666666666667,0.6856446077349904,0.6342277481613848,0.4260869565217391,0.9215971984800637,20,36,2.4,traj2traj,dist_int_60_40,distance_intensity,0.6,0.4,0.0,pos_start_75_25,position_start,0.75,0.0,0.25,30,0,2,S3,15,600.0,150.0,"S3: N=15, I=600+/-150",fragmented_gt_v2,716,14.32,14.0,15,15,38.333333333333336,38.0,1.0,12.0,15,0.6342277481613848,0.6189967982924227
0.3612896001432091,30,0.7692307692307693,0.5178571428571429,0.6189967982924227,290,87,270,0.7713825194342282,0.9375,0.5493809954936896,1.0,1.0,15,15,0.7408573379764836,0.9215971984800637,0.7121655874592272,1.273192062964048,440,175,135,0.5866666666666667,0.6856446077349904,0.6342277481613848,0.4260869565217391,0.9215971984800637,20,36,2.4,traj2traj,dist_int_60_40,distance_intensity,0.6,0.4,0.0,pos_start_60_40,position_start,0.6,0.0,0.4,30,0,2,S3,15,600.0,150.0,"S3: N=15, I=600+/-150",fragmented_gt_v2,716,14.32,14.0,15,15,38.333333333333336,38.0,1.0,12.0,15,0.6342277481613848,0.6189967982924227
0.3969867001287639,30,0.7725,0.5517857142857143,0.64375,309,91,251,0.7713825194342282,0.9375,0.5866358974544739,1.0,1.0,15,15,0.7408573379764836,0.9215971984800637,0.7193094646173102,1.2543692409096687,440,175,135,0.5866666666666667,0.6856446077349904,0.6342277481613848,0.4260869565217391,0.9215971984800637,20,36,2.4,traj2traj,dist_int_60_40,distance_intensity,0.6,0.4,0.0,pos_meta_80_10_10,all_terms,0.8,0.1,0.1,30,0,2,S3,15,600.0,150.0,"S3: N=15, I=600+/-150",fragmented_gt_v2,716,14.32,14.0,15,15,38.333333333333336,38.0,1.0,12.0,15,0.6342277481613848,0.64375
0.3428088999353349,30,0.7725,0.5517857142857143,0.64375,309,91,251,0.7713825194342282,0.9375,0.5866358974544739,1.0,1.0,15,15,0.7408573379764836,0.9215971984800637,0.7193094646173102,1.2543692409096687,440,175,135,0.5866666666666667,0.6856446077349904,0.6342277481613848,0.4260869565217391,0.9215971984800637,20,36,2.4,traj2traj,dist_int_60_40,distance_intensity,0.6,0.4,0.0,pos_meta_70_20_10,all_terms,0.7,0.2,0.1,30,0,2,S3,15,600.0,150.0,"S3: N=15, I=600+/-150",fragmented_gt_v2,716,14.32,14.0,15,15,38.333333333333336,38.0,1.0,12.0,15,0.6342277481613848,0.64375
0.2444223000202328,30,0.7725,0.5517857142857143,0.64375,309,91,251,0.7713825194342282,0.9375,0.5866358974544739,1.0,1.0,15,15,0.7408573379764836,0.9215971984800637,0.7193094646173102,1.2543692409096687,440,175,135,0.5866666666666667,0.6856446077349904,0.6342277481613848,0.4260869565217391,0.9215971984800637,20,36,2.4,traj2traj,dist_int_60_40,distance_intensity,0.6,0.4,0.0,pos_meta_60_20_20,all_terms,0.6,0.2,0.2,30,0,2,S3,15,600.0,150.0,"S3: N=15, I=600+/-150",fragmented_gt_v2,716,14.32,14.0,15,15,38.333333333333336,38.0,1.0,12.0,15,0.6342277481613848,0.64375
0.4013855999801308,30,0.7764127764127764,0.5642857142857143,0.6535677352637022,316,91,244,0.7713825194342282,0.9375,0.603778754597331,1.0,1.0,15,15,0.7408573379764836,0.9215971984800637,0.7265154405469262,2.2342662429286446,440,175,135,0.5866666666666667,0.6856446077349904,0.6342277481613848,0.4260869565217391,0.9215971984800637,20,36,2.4,traj2traj,dist_int_60_40,distance_intensity,0.6,0.4,0.0,equal_all,all_terms,0.3333333333333333,0.3333333333333333,0.3333333333333333,30,0,2,S3,15,600.0,150.0,"S3: N=15, I=600+/-150",fragmented_gt_v2,716,14.32,14.0,15,15,38.333333333333336,38.0,1.0,12.0,15,0.6342277481613848,0.6535677352637022
0.3937076001893729,30,0.7294117647058823,0.5585585585585585,0.6326530612244897,310,115,245,0.7864626607695763,0.9090909090909091,0.6049264794659531,1.0,1.0,15,15,0.6850926292604294,0.8922974979482148,0.692765093405969,1.0340734926128212,442,228,128,0.5538847117794486,0.7200788635287354,0.631538339124464,0.3192982456140351,0.8922974979482148,32,49,3.2666666666666666,traj2traj,dist_int_60_40,distance_intensity,0.6,0.4,0.0,position_only,ablation,1.0,0.0,0.0,30,1,2,S3,15,600.0,150.0,"S3: N=15, I=600+/-150",fragmented_gt_v2,773,15.46,15.0,15,15,38.0,39.0,0.0,12.0,15,0.631538339124464,0.6326530612244897
0.05839719995856285,30,0.8170974155069582,0.7405405405405405,0.776937618147448,411,92,144,0.7864626607695763,0.9090909090909091,0.7557625123414599,1.0,1.0,15,15,0.6850926292604294,0.8922974979482148,47.618373227452295,42.614533581252616,442,228,128,0.5538847117794486,0.7200788635287354,0.631538339124464,0.3192982456140351,0.8922974979482148,32,49,3.2666666666666666,traj2traj,dist_int_60_40,distance_intensity,0.6,0.4,0.0,length_only,ablation,0.0,1.0,0.0,30,1,2,S3,15,600.0,150.0,"S3: N=15, I=600+/-150",fragmented_gt_v2,773,15.46,15.0,15,15,38.0,39.0,0.0,12.0,15,0.631538339124464,0.776937618147448
0.05100279999896884,30,0.8548387096774194,0.4774774774774775,0.6127167630057803,265,45,290,0.7864626607695763,0.9090909090909091,0.5132059511955471,1.0,1.0,15,15,0.6850926292604294,0.8922974979482148,49.8939446111733,49.01289627194445,442,228,128,0.5538847117794486,0.7200788635287354,0.631538339124464,0.3192982456140351,0.8922974979482148,32,49,3.2666666666666666,traj2traj,dist_int_60_40,distance_intensity,0.6,0.4,0.0,start_only,ablation,0.0,0.0,1.0,30,1,2,S3,15,600.0,150.0,"S3: N=15, I=600+/-150",fragmented_gt_v2,773,15.46,15.0,15,15,38.0,39.0,0.0,12.0,15,0.631538339124464,0.6127167630057803
0.5640906998887658,30,0.7521367521367521,0.6342342342342342,0.6881720430107526,352,116,203,0.7864626607695763,0.9090909090909091,0.6821874613780979,1.0,1.0,15,15,0.6850926292604294,0.8922974979482148,0.6896585477793906,1.170776319296645,442,228,128,0.5538847117794486,0.7200788635287354,0.631538339124464,0.3192982456140351,0.8922974979482148,32,49,3.2666666666666666,traj2traj,dist_int_60_40,distance_intensity,0.6,0.4,0.0,pos_len_90_10,position_length,0.9,0.1,0.0,30,1,2,S3,15,600.0,150.0,"S3: N=15, I=600+/-150",fragmented_gt_v2,773,15.46,15.0,15,15,38.0,39.0,0.0,12.0,15,0.631538339124464,0.6881720430107526
0.7539025999139994,30,0.7622950819672131,0.6702702702702703,0.7133269415148609,372,116,183,0.7864626607695763,0.9090909090909091,0.7270981062887427,1.0,1.0,15,15,0.6850926292604294,0.8922974979482148,0.7041405728223976,1.2697412288468224,442,228,128,0.5538847117794486,0.7200788635287354,0.631538339124464,0.3192982456140351,0.8922974979482148,32,49,3.2666666666666666,traj2traj,dist_int_60_40,distance_intensity,0.6,0.4,0.0,pos_len_75_25,position_length,0.75,0.25,0.0,30,1,2,S3,15,600.0,150.0,"S3: N=15, I=600+/-150",fragmented_gt_v2,773,15.46,15.0,15,15,38.0,39.0,0.0,12.0,15,0.631538339124464,0.7133269415148609
0.7769758999347687,30,0.7622950819672131,0.6702702702702703,0.7133269415148609,372,116,183,0.7864626607695763,0.9090909090909091,0.7270981062887427,1.0,1.0,15,15,0.6850926292604294,0.8922974979482148,0.7041405728223976,1.2697412288468224,442,228,128,0.5538847117794486,0.7200788635287354,0.631538339124464,0.3192982456140351,0.8922974979482148,32,49,3.2666666666666666,traj2traj,dist_int_60_40,distance_intensity,0.6,0.4,0.0,pos_len_60_40,position_length,0.6,0.4,0.0,30,1,2,S3,15,600.0,150.0,"S3: N=15, I=600+/-150",fragmented_gt_v2,773,15.46,15.0,15,15,38.0,39.0,0.0,12.0,15,0.631538339124464,0.7133269415148609
0.47797150001861155,30,0.7372093023255814,0.5711711711711712,0.6436548223350254,317,113,238,0.7864626607695763,0.9090909090909091,0.6179709371615737,1.0,1.0,15,15,0.6850926292604294,0.8922974979482148,0.6798657061140507,0.9935970471543265,442,228,128,0.5538847117794486,0.7200788635287354,0.631538339124464,0.3192982456140351,0.8922974979482148,32,49,3.2666666666666666,traj2traj,dist_int_60_40,distance_intensity,0.6,0.4,0.0,pos_start_90_10,position_start,0.9,0.0,0.1,30,1,2,S3,15,600.0,150.0,"S3: N=15, I=600+/-150",fragmented_gt_v2,773,15.46,15.0,15,15,38.0,39.0,0.0,12.0,15,0.631538339124464,0.6436548223350254
0.4767426000908017,30,0.7625272331154684,0.6306306306306306,0.6903353057199211,350,109,205,0.7864626607695763,0.9090909090909091,0.6836275028181393,1.0,1.0,15,15,0.6850926292604294,0.8922974979482148,0.6831265081415341,1.1745113501282807,442,228,128,0.5538847117794486,0.7200788635287354,0.631538339124464,0.3192982456140351,0.8922974979482148,32,49,3.2666666666666666,traj2traj,dist_int_60_40,distance_intensity,0.6,0.4,0.0,pos_start_75_25,position_start,0.75,0.0,0.25,30,1,2,S3,15,600.0,150.0,"S3: N=15, I=600+/-150",fragmented_gt_v2,773,15.46,15.0,15,15,38.0,39.0,0.0,12.0,15,0.631538339124464,0.6903353057199211
0.3815959000494331,30,0.7770114942528735,0.609009009009009,0.6828282828282828,338,97,217,0.7864626607695763,0.9090909090909091,0.6596958788865154,1.0,1.0,15,15,0.6850926292604294,0.8922974979482148,0.738179446847417,1.690463301103219,442,228,128,0.5538847117794486,0.7200788635287354,0.631538339124464,0.3192982456140351,0.8922974979482148,32,49,3.2666666666666666,traj2traj,dist_int_60_40,distance_intensity,0.6,0.4,0.0,pos_start_60_40,position_start,0.6,0.0,0.4,30,1,2,S3,15,600.0,150.0,"S3: N=15, I=600+/-150",fragmented_gt_v2,773,15.46,15.0,15,15,38.0,39.0,0.0,12.0,15,0.631538339124464,0.6828282828282828
0.2761361999437213,30,0.7549234135667396,0.6216216216216216,0.6818181818181818,345,112,210,0.7864626607695763,0.9090909090909091,0.6735264927171294,1.0,1.0,15,15,0.6850926292604294,0.8922974979482148,0.6798657061140507,1.1536850893566304,442,228,128,0.5538847117794486,0.7200788635287354,0.631538339124464,0.3192982456140351,0.8922974979482148,32,49,3.2666666666666666,traj2traj,dist_int_60_40,distance_intensity,0.6,0.4,0.0,pos_meta_80_10_10,all_terms,0.8,0.1,0.1,30,1,2,S3,15,600.0,150.0,"S3: N=15, I=600+/-150",fragmented_gt_v2,773,15.46,15.0,15,15,38.0,39.0,0.0,12.0,15,0.631538339124464,0.6818181818181818
0.3821219000965357,30,0.7627118644067796,0.6486486486486487,0.7010710808179162,360,112,195,0.7864626607695763,0.9090909090909091,0.6957487149393516,1.0,1.0,15,15,0.6850926292604294,0.8922974979482148,0.6913380251835669,1.4436833963257034,442,228,128,0.5538847117794486,0.7200788635287354,0.631538339124464,0.3192982456140351,0.8922974979482148,32,49,3.2666666666666666,traj2traj,dist_int_60_40,distance_intensity,0.6,0.4,0.0,pos_meta_70_20_10,all_terms,0.7,0.2,0.1,30,1,2,S3,15,600.0,150.0,"S3: N=15, I=600+/-150",fragmented_gt_v2,773,15.46,15.0,15,15,38.0,39.0,0.0,12.0,15,0.631538339124464,0.7010710808179162
0.37687020003795624,30,0.770042194092827,0.6576576576576577,0.7094266277939748,365,109,190,0.7864626607695763,0.9090909090909091,0.7058497250403616,1.0,1.0,15,15,0.6850926292604294,0.8922974979482148,0.6958273011226557,1.4600591887983132,442,228,128,0.5538847117794486,0.7200788635287354,0.631538339124464,0.3192982456140351,0.8922974979482148,32,49,3.2666666666666666,traj2traj,dist_int_60_40,distance_intensity,0.6,0.4,0.0,pos_meta_60_20_20,all_terms,0.6,0.2,0.2,30,1,2,S3,15,600.0,150.0,"S3: N=15, I=600+/-150",fragmented_gt_v2,773,15.46,15.0,15,15,38.0,39.0,0.0,12.0,15,0.631538339124464,0.7094266277939748
0.3787427998613566,30,0.7805907172995781,0.6666666666666666,0.7191448007774538,370,104,185,0.7864626607695763,0.9090909090909091,0.711960918971323,1.0,1.0,15,15,0.6850926292604294,0.8922974979482148,0.8934021943884175,3.343867798827125,442,228,128,0.5538847117794486,0.7200788635287354,0.631538339124464,0.3192982456140351,0.8922974979482148,32,49,3.2666666666666666,traj2traj,dist_int_60_40,distance_intensity,0.6,0.4,0.0,equal_all,all_terms,0.3333333333333333,0.3333333333333333,0.3333333333333333,30,1,2,S3,15,600.0,150.0,"S3: N=15, I=600+/-150",fragmented_gt_v2,773,15.46,15.0,15,15,38.0,39.0,0.0,12.0,15,0.631538339124464,0.7191448007774538
0.49186889990232885,46,0.7678571428571429,0.46675712347354137,0.580590717299578,344,104,393,0.7733077226997854,0.9407608695652174,0.5059552468566567,1.0,1.0,20,26,0.716911415079094,0.9066765459753656,0.6881043836996135,2.0641097880287673,586,254,171,0.579624134520277,0.5845670600999439,0.5820903506153428,0.38573315719947154,0.9066765459753656,40,48,2.4,traj2traj,dist_int_60_40,distance_intensity,0.6,0.4,0.0,position_only,ablation,1.0,0.0,0.0,46,0,3,S4,20,550.0,200.0,"S4: N=20, I=550+/-200",fragmented_gt_v2,951,19.02,19.0,20,20,37.85,37.5,1.0,12.0,20,0.5820903506153428,0.580590717299578
0.0828196001239121,46,0.8419182948490231,0.6431478968792401,0.7292307692307692,474,89,263,0.7733077226997854,0.9407608695652174,0.657749013140845,1.0,1.0,20,26,0.716911415079094,0.9066765459753656,47.83145053962938,55.96844232319143,586,254,171,0.579624134520277,0.5845670600999439,0.5820903506153428,0.38573315719947154,0.9066765459753656,40,48,2.4,traj2traj,dist_int_60_40,distance_intensity,0.6,0.4,0.0,length_only,ablation,0.0,1.0,0.0,46,0,3,S4,20,550.0,200.0,"S4: N=20, I=550+/-200",fragmented_gt_v2,951,19.02,19.0,20,20,37.85,37.5,1.0,12.0,20,0.5820903506153428,0.7292307692307692
0.12602500012144446,46,0.828009828009828,0.45725915875169604,0.5891608391608391,337,70,400,0.7733077226997854,0.9407608695652174,0.5005340507250811,1.0,1.0,20,26,0.716911415079094,0.9066765459753656,58.43628180916669,53.52839287099906,586,254,171,0.579624134520277,0.5845670600999439,0.5820903506153428,0.38573315719947154,0.9066765459753656,40,48,2.4,traj2traj,dist_int_60_40,distance_intensity,0.6,0.4,0.0,start_only,ablation,0.0,0.0,1.0,46,0,3,S4,20,550.0,200.0,"S4: N=20, I=550+/-200",fragmented_gt_v2,951,19.02,19.0,20,20,37.85,37.5,1.0,12.0,20,0.5820903506153428,0.5891608391608391
0.4219713001511991,46,0.7818181818181819,0.5251017639077341,0.6282467532467533,387,108,350,0.7733077226997854,0.9407608695652174,0.5658916583655789,1.0,1.0,20,26,0.716911415079094,0.9066765459753656,0.7342237957753605,2.010458385667584,586,254,171,0.579624134520277,0.5845670600999439,0.5820903506153428,0.38573315719947154,0.9066765459753656,40,48,2.4,traj2traj,dist_int_60_40,distance_intensity,0.6,0.4,0.0,pos_len_90_10,position_length,0.9,0.1,0.0,46,0,3,S4,20,550.0,200.0,"S4: N=20, I=550+/-200",fragmented_gt_v2,951,19.02,19.0,20,20,37.85,37.5,1.0,12.0,20,0.5820903506153428,0.6282467532467533
0.6341737001203,46,0.7818181818181819,0.5251017639077341,0.6282467532467533,387,108,350,0.7733077226997854,0.9407608695652174,0.5658916583655789,1.0,1.0,20,26,0.716911415079094,0.9066765459753656,0.7342237957753605,2.010458385667584,586,254,171,0.579624134520277,0.5845670600999439,0.5820903506153428,0.38573315719947154,0.9066765459753656,40,48,2.4,traj2traj,dist_int_60_40,distance_intensity,0.6,0.4,0.0,pos_len_75_25,position_length,0.75,0.25,0.0,46,0,3,S4,20,550.0,200.0,"S4: N=20, I=550+/-200",fragmented_gt_v2,951,19.02,19.0,20,20,37.85,37.5,1.0,12.0,20,0.5820903506153428,0.6282467532467533
0.8192384000867605,46,0.7938931297709924,0.5644504748982361,0.6597938144329897,416,108,321,0.7733077226997854,0.9407608695652174,0.5988462038201243,1.0,1.0,20,26,0.716911415079094,0.9066765459753656,0.7626416937930844,2.7710943793008136,586,254,171,0.579624134520277,0.5845670600999439,0.5820903506153428,0.38573315719947154,0.9066765459753656,40,48,2.4,traj2traj,dist_int_60_40,distance_intensity,0.6,0.4,0.0,pos_len_60_40,position_length,0.6,0.4,0.0,46,0,3,S4,20,550.0,200.0,"S4: N=20, I=550+/-200",fragmented_gt_v2,951,19.02,19.0,20,20,37.85,37.5,1.0,12.0,20,0.5820903506153428,0.6597938144329897
0.6771281000692397,46,0.7661469933184856,0.46675712347354137,0.5801011804384486,344,105,393,0.7733077226997854,0.9407608695652174,0.5107890591863722,1.0,1.0,20,26,0.716911415079094,0.9066765459753656,0.7428710991333092,2.1528686377865833,586,254,171,0.579624134520277,0.5845670600999439,0.5820903506153428,0.38573315719947154,0.9066765459753656,40,48,2.4,traj2traj,dist_int_60_40,distance_intensity,0.6,0.4,0.0,pos_start_90_10,position_start,0.9,0.0,0.1,46,0,3,S4,20,550.0,200.0,"S4: N=20, I=550+/-200",fragmented_gt_v2,951,19.02,19.0,20,20,37.85,37.5,1.0,12.0,20,0.5820903506153428,0.5801011804384486
0.7136921999044716,46,0.7603485838779956,0.4735413839891452,0.5836120401337792,349,110,388,0.7733077226997854,0.9407608695652174,0.5229414289474377,1.0,1.0,20,26,0.716911415079094,0.9066765459753656,0.7402510541817167,2.4581379150547864,586,254,171,0.579624134520277,0.5845670600999439,0.5820903506153428,0.38573315719947154,0.9066765459753656,40,48,2.4,traj2traj,dist_int_60_40,distance_intensity,0.6,0.4,0.0,pos_start_75_25,position_start,0.75,0.0,0.25,46,0,3,S4,20,550.0,200.0,"S4: N=20, I=550+/-200",fragmented_gt_v2,951,19.02,19.0,20,20,37.85,37.5,1.0,12.0,20,0.5820903506153428,0.5836120401337792
0.8640930000692606,46,0.7603485838779956,0.4735413839891452,0.5836120401337792,349,110,388,0.7733077226997854,0.9407608695652174,0.5229414289474377,1.0,1.0,20,26,0.716911415079094,0.9066765459753656,0.7402510541817167,2.4581379150547864,586,254,171,0.579624134520277,0.5845670600999439,0.5820903506153428,0.38573315719947154,0.9066765459753656,40,48,2.4,traj2traj,dist_int_60_40,distance_intensity,0.6,0.4,0.0,pos_start_60_40,position_start,0.6,0.0,0.4,46,0,3,S4,20,550.0,200.0,"S4: N=20, I=550+/-200",fragmented_gt_v2,951,19.02,19.0,20,20,37.85,37.5,1.0,12.0,20,0.5820903506153428,0.5836120401337792
0.918719399953261,46,0.7826961770623743,0.5278154681139756,0.6304700162074555,389,108,348,0.7733077226997854,0.9407608695652174,0.5741223925197056,1.0,1.0,20,26,0.716911415079094,0.9066765459753656,0.7280899968038492,2.1830856459842742,586,254,171,0.579624134520277,0.5845670600999439,0.5820903506153428,0.38573315719947154,0.9066765459753656,40,48,2.4,traj2traj,dist_int_60_40,distance_intensity,0.6,0.4,0.0,pos_meta_80_10_10,all_terms,0.8,0.1,0.1,46,0,3,S4,20,550.0,200.0,"S4: N=20, I=550+/-200",fragmented_gt_v2,951,19.02,19.0,20,20,37.85,37.5,1.0,12.0,20,0.5820903506153428,0.6304700162074555
0.9538509000558406,46,0.7826961770623743,0.5278154681139756,0.6304700162074555,389,108,348,0.7733077226997854,0.9407608695652174,0.5741223925197056,1.0,1.0,20,26,0.716911415079094,0.9066765459753656,0.7280899968038492,2.1830856459842742,586,254,171,0.579624134520277,0.5845670600999439,0.5820903506153428,0.38573315719947154,0.9066765459753656,40,48,2.4,traj2traj,dist_int_60_40,distance_intensity,0.6,0.4,0.0,pos_meta_70_20_10,all_terms,0.7,0.2,0.1,46,0,3,S4,20,550.0,200.0,"S4: N=20, I=550+/-200",fragmented_gt_v2,951,19.02,19.0,20,20,37.85,37.5,1.0,12.0,20,0.5820903506153428,0.6304700162074555
0.6481638001278043,46,0.7791164658634538,0.5264586160108549,0.6283400809716599,388,110,349,0.7733077226997854,0.9407608695652174,0.571419689817003,1.0,1.0,20,26,0.716911415079094,0.9066765459753656,0.7280899968038492,2.261856259292178,586,254,171,0.579624134520277,0.5845670600999439,0.5820903506153428,0.38573315719947154,0.9066765459753656,40,48,2.4,traj2traj,dist_int_60_40,distance_intensity,0.6,0.4,0.0,pos_meta_60_20_20,all_terms,0.6,0.2,0.2,46,0,3,S4,20,550.0,200.0,"S4: N=20, I=550+/-200",fragmented_gt_v2,951,19.02,19.0,20,20,37.85,37.5,1.0,12.0,20,0.5820903506153428,0.6283400809716599
0.7182437998708338,46,0.7843511450381679,0.5576662143826323,0.6518636003172086,411,113,326,0.7733077226997854,0.9407608695652174,0.6014781479828779,1.0,1.0,20,26,0.716911415079094,0.9066765459753656,0.9683993060907262,3.6337338103267895,586,254,171,0.579624134520277,0.5845670600999439,0.5820903506153428,0.38573315719947154,0.9066765459753656,40,48,2.4,traj2traj,dist_int_60_40,distance_intensity,0.6,0.4,0.0,equal_all,all_terms,0.3333333333333333,0.3333333333333333,0.3333333333333333,46,0,3,S4,20,550.0,200.0,"S4: N=20, I=550+/-200",fragmented_gt_v2,951,19.02,19.0,20,20,37.85,37.5,1.0,12.0,20,0.5820903506153428,0.6518636003172086
0.627434300025925,47,0.7589498806682577,0.424,0.5440547476475621,318,101,432,0.7850297607161439,0.9446969696969697,0.4560701191789148,1.0,1.0,20,27,0.677270371368542,0.8567630061854901,0.6608006669038013,0.9055397958035816,604,271,166,0.5802113352545629,0.6364081422516328,0.6076604462878061,0.3779220779220779,0.8567630061854901,42,51,2.55,traj2traj,dist_int_60_40,distance_intensity,0.6,0.4,0.0,position_only,ablation,1.0,0.0,0.0,47,1,3,S4,20,550.0,200.0,"S4: N=20, I=550+/-200",fragmented_gt_v2,1005,20.1,20.0,20,20,38.5,38.0,0.0,12.0,20,0.6076604462878061,0.5440547476475621
0.11792600015178323,47,0.8087986463620981,0.6373333333333333,0.7129008202833707,478,113,272,0.7850297607161439,0.9446969696969697,0.6554384241758262,1.0,1.0,20,27,0.677270371368542,0.8567630061854901,44.40105923471517,47.85005281047836,604,271,166,0.5802113352545629,0.6364081422516328,0.6076604462878061,0.3779220779220779,0.8567630061854901,42,51,2.55,traj2traj,dist_int_60_40,distance_intensity,0.6,0.4,0.0,length_only,ablation,0.0,1.0,0.0,47,1,3,S4,20,550.0,200.0,"S4: N=20, I=550+/-200",fragmented_gt_v2,1005,20.1,20.0,20,20,38.5,38.0,0.0,12.0,20,0.6076604462878061,0.7129008202833707
0.1418731000740081,47,0.898989898989899,0.4746666666666667,0.6212914485165795,356,40,394,0.7850297607161439,0.9446969696969697,0.495484551459061,1.0,1.0,20,27,0.677270371368542,0.8567630061854901,55.43398887905115,47.70457035556983,604,271,166,0.5802113352545629,0.6364081422516328,0.6076604462878061,0.3779220779220779,0.8567630061854901,42,51,2.55,traj2traj,dist_int_60_40,distance_intensity,0.6,0.4,0.0,start_only,ablation,0.0,0.0,1.0,47,1,3,S4,20,550.0,200.0,"S4: N=20, I=550+/-200",fragmented_gt_v2,1005,20.1,20.0,20,20,38.5,38.0,0.0,12.0,20,0.6076604462878061,0.6212914485165795
0.7871620000805706,47,0.8071833648393195,0.5693333333333334,0.6677091477716967,427,102,323,0.7850297607161439,0.9446969696969697,0.6030292783201249,1.0,1.0,20,27,0.677270371368542,0.8567630061854901,0.6734130448515587,0.9552632738435068,604,271,166,0.5802113352545629,0.6364081422516328,0.6076604462878061,0.3779220779220779,0.8567630061854901,42,51,2.55,traj2traj,dist_int_60_40,distance_intensity,0.6,0.4,0.0,pos_len_90_10,position_length,0.9,0.1,0.0,47,1,3,S4,20,550.0,200.0,"S4: N=20, I=550+/-200",fragmented_gt_v2,1005,20.1,20.0,20,20,38.5,38.0,0.0,12.0,20,0.6076604462878061,0.6677091477716967
0.6559632997959852,47,0.8109090909090909,0.5946666666666667,0.6861538461538462,446,104,304,0.7850297607161439,0.9446969696969697,0.6293450677938092,1.0,1.0,20,27,0.677270371368542,0.8567630061854901,0.6828456863273544,1.271982824955202,604,271,166,0.5802113352545629,0.6364081422516328,0.6076604462878061,0.3779220779220779,0.8567630061854901,42,51,2.55,traj2traj,dist_int_60_40,distance_intensity,0.6,0.4,0.0,pos_len_75_25,position_length,0.75,0.25,0.0,47,1,3,S4,20,550.0,200.0,"S4: N=20, I=550+/-200",fragmented_gt_v2,1005,20.1,20.0,20,20,38.5,38.0,0.0,12.0,20,0.6076604462878061,0.6861538461538462
0.7599730999208987,47,0.8,0.592,0.6804597701149426,444,111,306,0.7850297607161439,0.9446969696969697,0.6280630165117579,1.0,1.0,20,27,0.677270371368542,0.8567630061854901,0.6827919764171726,1.2898210193582451,604,271,166,0.5802113352545629,0.6364081422516328,0.6076604462878061,0.3779220779220779,0.8567630061854901,42,51,2.55,traj2traj,dist_int_60_40,distance_intensity,0.6,0.4,0.0,pos_len_60_40,position_length,0.6,0.4,0.0,47,1,3,S4,20,550.0,200.0,"S4: N=20, I=550+/-200",fragmented_gt_v2,1005,20.1,20.0,20,20,38.5,38.0,0.0,12.0,20,0.6076604462878061,0.6804597701149426
0.7621634998358786,47,0.7960088691796009,0.4786666666666667,0.5978351373855121,359,92,391,0.7850297607161439,0.9446969696969697,0.5160469655201428,1.0,1.0,20,27,0.677270371368542,0.8567630061854901,0.670180717386152,0.9612572458269452,604,271,166,0.5802113352545629,0.6364081422516328,0.6076604462878061,0.3779220779220779,0.8567630061854901,42,51,2.55,traj2traj,dist_int_60_40,distance_intensity,0.6,0.4,0.0,pos_start_90_10,position_start,0.9,0.0,0.1,47,1,3,S4,20,550.0,200.0,"S4: N=20, I=550+/-200",fragmented_gt_v2,1005,20.1,20.0,20,20,38.5,38.0,0.0,12.0,20,0.6076604462878061,0.5978351373855121
0.6826565999072045,47,0.7924107142857143,0.47333333333333333,0.5926544240400669,355,93,395,0.7850297607161439,0.9446969696969697,0.5096367091098865,1.0,1.0,20,27,0.677270371368542,0.8567630061854901,0.6662147848342651,0.9815549984154767,604,271,166,0.5802113352545629,0.6364081422516328,0.6076604462878061,0.3779220779220779,0.8567630061854901,42,51,2.55,traj2traj,dist_int_60_40,distance_intensity,0.6,0.4,0.0,pos_start_75_25,position_start,0.75,0.0,0.25,47,1,3,S4,20,550.0,200.0,"S4: N=20, I=550+/-200",fragmented_gt_v2,1005,20.1,20.0,20,20,38.5,38.0,0.0,12.0,20,0.6076604462878061,0.5926544240400669
0.6354868998751044,47,0.7961165048543689,0.43733333333333335,0.5645438898450947,328,84,422,0.7850297607161439,0.9446969696969697,0.4683828391408462,1.0,1.0,20,27,0.677270371368542,0.8567630061854901,0.6655676859925174,1.3183699129730828,604,271,166,0.5802113352545629,0.6364081422516328,0.6076604462878061,0.3779220779220779,0.8567630061854901,42,51,2.55,traj2traj,dist_int_60_40,distance_intensity,0.6,0.4,0.0,pos_start_60_40,position_start,0.6,0.0,0.4,47,1,3,S4,20,550.0,200.0,"S4: N=20, I=550+/-200",fragmented_gt_v2,1005,20.1,20.0,20,20,38.5,38.0,0.0,12.0,20,0.6076604462878061,0.5645438898450947
0.6427013000939041,47,0.8170731707317073,0.536,0.6473429951690822,402,90,348,0.7850297607161439,0.9446969696969697,0.5747391505281173,1.0,1.0,20,27,0.677270371368542,0.8567630061854901,0.677270371368542,0.9688142141494692,604,271,166,0.5802113352545629,0.6364081422516328,0.6076604462878061,0.3779220779220779,0.8567630061854901,42,51,2.55,traj2traj,dist_int_60_40,distance_intensity,0.6,0.4,0.0,pos_meta_80_10_10,all_terms,0.8,0.1,0.1,47,1,3,S4,20,550.0,200.0,"S4: N=20, I=550+/-200",fragmented_gt_v2,1005,20.1,20.0,20,20,38.5,38.0,0.0,12.0,20,0.6076604462878061,0.6473429951690822
0.6381093000527471,47,0.8248587570621468,0.584,0.6838407494145199,438,93,312,0.7850297607161439,0.9446969696969697,0.6232546700962684,1.0,1.0,20,27,0.677270371368542,0.8567630061854901,0.6813509923571852,1.2723379624343634,604,271,166,0.5802113352545629,0.6364081422516328,0.6076604462878061,0.3779220779220779,0.8567630061854901,42,51,2.55,traj2traj,dist_int_60_40,distance_intensity,0.6,0.4,0.0,pos_meta_70_20_10,all_terms,0.7,0.2,0.1,47,1,3,S4,20,550.0,200.0,"S4: N=20, I=550+/-200",fragmented_gt_v2,1005,20.1,20.0,20,20,38.5,38.0,0.0,12.0,20,0.6076604462878061,0.6838407494145199
0.7374934998806566,47,0.8221343873517787,0.5546666666666666,0.6624203821656051,416,90,334,0.7850297607161439,0.9446969696969697,0.5949943339411955,1.0,1.0,20,27,0.677270371368542,0.8567630061854901,0.6848377075879288,1.3150504798141287,604,271,166,0.5802113352545629,0.6364081422516328,0.6076604462878061,0.3779220779220779,0.8567630061854901,42,51,2.55,traj2traj,dist_int_60_40,distance_intensity,0.6,0.4,0.0,pos_meta_60_20_20,all_terms,0.6,0.2,0.2,47,1,3,S4,20,550.0,200.0,"S4: N=20, I=550+/-200",fragmented_gt_v2,1005,20.1,20.0,20,20,38.5,38.0,0.0,12.0,20,0.6076604462878061,0.6624203821656051
0.5731670998502523,47,0.8446969696969697,0.5946666666666667,0.6979655712050079,446,82,304,0.7850297607161439,0.9446969696969697,0.6215765752293192,1.0,1.0,20,27,0.677270371368542,0.8567630061854901,0.7970569964024731,3.9578326469459966,604,271,166,0.5802113352545629,0.6364081422516328,0.6076604462878061,0.3779220779220779,0.8567630061854901,42,51,2.55,traj2traj,dist_int_60_40,distance_intensity,0.6,0.4,0.0,equal_all,all_terms,0.3333333333333333,0.3333333333333333,0.3333333333333333,47,1,3,S4,20,550.0,200.0,"S4: N=20, I=550+/-200",fragmented_gt_v2,1005,20.1,20.0,20,20,38.5,38.0,0.0,12.0,20,0.6076604462878061,0.6979655712050079
0.7929861999582499,60,0.814663951120163,0.41450777202072536,0.5494505494505495,400,91,565,0.7355694798028063,0.875,0.44936235930066637,1.0,1.0,25,35,0.7072121004510425,0.8946015115640853,0.6990266033567898,1.4483502729669622,734,248,256,0.592891760904685,0.5989662172171275,0.5959212492001613,0.42828282828282827,0.8946015115640853,62,83,3.32,traj2traj,dist_int_60_40,distance_intensity,0.6,0.4,0.0,position_only,ablation,1.0,0.0,0.0,60,0,4,S5,25,500.0,300.0,"S5: N=25, I=500+/-300",fragmented_gt_v2,1133,22.66,22.0,25,25,39.6,39.0,0.0,11.0,25,0.5959212492001613,0.5494505494505495
0.16684020007960498,60,0.8648648648648649,0.5637305699481865,0.6825595984943539,544,85,421,0.7355694798028063,0.875,0.5880930178335384,1.0,1.0,25,35,0.7072121004510425,0.8946015115640853,54.9239685445472,55.13844804483376,734,248,256,0.592891760904685,0.5989662172171275,0.5959212492001613,0.42828282828282827,0.8946015115640853,62,83,3.32,traj2traj,dist_int_60_40,distance_intensity,0.6,0.4,0.0,length_only,ablation,0.0,1.0,0.0,60,0,4,S5,25,500.0,300.0,"S5: N=25, I=500+/-300",fragmented_gt_v2,1133,22.66,22.0,25,25,39.6,39.0,0.0,11.0,25,0.5959212492001613,0.6825595984943539
0.17568430001847446,60,0.9080717488789237,0.41968911917098445,0.5740609496810772,405,41,560,0.7355694798028063,0.875,0.4605041334715858,1.0,1.0,25,35,0.7072121004510425,0.8946015115640853,48.93977538792417,44.177912495470466,734,248,256,0.592891760904685,0.5989662172171275,0.5959212492001613,0.42828282828282827,0.8946015115640853,62,83,3.32,traj2traj,dist_int_60_40,distance_intensity,0.6,0.4,0.0,start_only,ablation,0.0,0.0,1.0,60,0,4,S5,25,500.0,300.0,"S5: N=25, I=500+/-300",fragmented_gt_v2,1133,22.66,22.0,25,25,39.6,39.0,0.0,11.0,25,0.5959212492001613,0.5740609496810772
0.8053089999593794,60,0.8379888268156425,0.46632124352331605,0.5992010652463382,450,87,515,0.7355694798028063,0.875,0.5021333343573557,1.0,1.0,25,35,0.7072121004510425,0.8946015115640853,0.698735477744695,1.4157351032746985,734,248,256,0.592891760904685,0.5989662172171275,0.5959212492001613,0.42828282828282827,0.8946015115640853,62,83,3.32,traj2traj,dist_int_60_40,distance_intensity,0.6,0.4,0.0,pos_len_90_10,position_length,0.9,0.1,0.0,60,0,4,S5,25,500.0,300.0,"S5: N=25, I=500+/-300",fragmented_gt_v2,1133,22.66,22.0,25,25,39.6,39.0,0.0,11.0,25,0.5959212492001613,0.5992010652463382
0.8941730000078678,60,0.868231046931408,0.49844559585492226,0.6333113890717578,481,73,484,0.7355694798028063,0.875,0.5455273838690523,1.0,1.0,25,35,0.7072121004510425,0.8946015115640853,0.7171170864568304,1.4651453243340962,734,248,256,0.592891760904685,0.5989662172171275,0.5959212492001613,0.42828282828282827,0.8946015115640853,62,83,3.32,traj2traj,dist_int_60_40,distance_intensity,0.6,0.4,0.0,pos_len_75_25,position_length,0.75,0.25,0.0,60,0,4,S5,25,500.0,300.0,"S5: N=25, I=500+/-300",fragmented_gt_v2,1133,22.66,22.0,25,25,39.6,39.0,0.0,11.0,25,0.5959212492001613,0.6333113890717578
0.960681099910289,60,0.8727598566308243,0.5046632124352332,0.639527248850952,487,71,478,0.7355694798028063,0.875,0.5546299479716164,1.0,1.0,25,35,0.7072121004510425,0.8946015115640853,0.7171170864568304,1.5609607493902313,734,248,256,0.592891760904685,0.5989662172171275,0.5959212492001613,0.42828282828282827,0.8946015115640853,62,83,3.32,traj2traj,dist_int_60_40,distance_intensity,0.6,0.4,0.0,pos_len_60_40,position_length,0.6,0.4,0.0,60,0,4,S5,25,500.0,300.0,"S5: N=25, I=500+/-300",fragmented_gt_v2,1133,22.66,22.0,25,25,39.6,39.0,0.0,11.0,25,0.5959212492001613,0.639527248850952
1.0656044001225382,60,0.8612167300380228,0.4694300518134715,0.607645875251509,453,73,512,0.7355694798028063,0.875,0.5116376591642016,1.0,1.0,25,35,0.7072121004510425,0.8946015115640853,0.7068950607822995,1.571594396296169,734,248,256,0.592891760904685,0.5989662172171275,0.5959212492001613,0.42828282828282827,0.8946015115640853,62,83,3.32,traj2traj,dist_int_60_40,distance_intensity,0.6,0.4,0.0,pos_start_90_10,position_start,0.9,0.0,0.1,60,0,4,S5,25,500.0,300.0,"S5: N=25, I=500+/-300",fragmented_gt_v2,1133,22.66,22.0,25,25,39.6,39.0,0.0,11.0,25,0.5959212492001613,0.607645875251509
0.6680316999554634,60,0.8704761904761905,0.47357512953367875,0.6134228187919464,457,68,508,0.7355694798028063,0.875,0.5222258944583192,1.0,1.0,25,35,0.7072121004510425,0.8946015115640853,0.7116455144368034,1.6337546730810752,734,248,256,0.592891760904685,0.5989662172171275,0.5959212492001613,0.42828282828282827,0.8946015115640853,62,83,3.32,traj2traj,dist_int_60_40,distance_intensity,0.6,0.4,0.0,pos_start_75_25,position_start,0.75,0.0,0.25,60,0,4,S5,25,500.0,300.0,"S5: N=25, I=500+/-300",fragmented_gt_v2,1133,22.66,22.0,25,25,39.6,39.0,0.0,11.0,25,0.5959212492001613,0.6134228187919464
0.6333053999114782,60,0.8620037807183365,0.47253886010362695,0.6104417670682731,456,73,509,0.7355694798028063,0.875,0.5217734057705363,1.0,1.0,25,35,0.7072121004510425,0.8946015115640853,0.7140131208180039,1.7467452879252292,734,248,256,0.592891760904685,0.5989662172171275,0.5959212492001613,0.42828282828282827,0.8946015115640853,62,83,3.32,traj2traj,dist_int_60_40,distance_intensity,0.6,0.4,0.0,pos_start_60_40,position_start,0.6,0.0,0.4,60,0,4,S5,25,500.0,300.0,"S5: N=25, I=500+/-300",fragmented_gt_v2,1133,22.66,22.0,25,25,39.6,39.0,0.0,11.0,25,0.5959212492001613,0.6104417670682731
0.701793400105089,60,0.8709677419354839,0.47564766839378236,0.6152815013404825,459,68,506,0.7355694798028063,0.875,0.5222258944583192,1.0,1.0,25,35,0.7072121004510425,0.8946015115640853,0.7111533701287808,1.5847077148070081,734,248,256,0.592891760904685,0.5989662172171275,0.5959212492001613,0.42828282828282827,0.8946015115640853,62,83,3.32,traj2traj,dist_int_60_40,distance_intensity,0.6,0.4,0.0,pos_meta_80_10_10,all_terms,0.8,0.1,0.1,60,0,4,S5,25,500.0,300.0,"S5: N=25, I=500+/-300",fragmented_gt_v2,1133,22.66,22.0,25,25,39.6,39.0,0.0,11.0,25,0.5959212492001613,0.6152815013404825
0.8977771000936627,60,0.8719851576994434,0.48704663212435234,0.625,470,69,495,0.7355694798028063,0.875,0.5335079457403704,1.0,1.0,25,35,0.7072121004510425,0.8946015115640853,0.7072121004510425,1.5700096605832286,734,248,256,0.592891760904685,0.5989662172171275,0.5959212492001613,0.42828282828282827,0.8946015115640853,62,83,3.32,traj2traj,dist_int_60_40,distance_intensity,0.6,0.4,0.0,pos_meta_70_20_10,all_terms,0.7,0.2,0.1,60,0,4,S5,25,500.0,300.0,"S5: N=25, I=500+/-300",fragmented_gt_v2,1133,22.66,22.0,25,25,39.6,39.0,0.0,11.0,25,0.5959212492001613,0.625
1.1016501998528838,60,0.8617424242424242,0.47150259067357514,0.6095110515740121,455,73,510,0.7355694798028063,0.875,0.5186964826936132,1.0,1.0,25,35,0.7072121004510425,0.8946015115640853,0.7113994422827921,1.6615381687940445,734,248,256,0.592891760904685,0.5989662172171275,0.5959212492001613,0.42828282828282827,0.8946015115640853,62,83,3.32,traj2traj,dist_int_60_40,distance_intensity,0.6,0.4,0.0,pos_meta_60_20_20,all_terms,0.6,0.2,0.2,60,0,4,S5,25,500.0,300.0,"S5: N=25, I=500+/-300",fragmented_gt_v2,1133,22.66,22.0,25,25,39.6,39.0,0.0,11.0,25,0.5959212492001613,0.6095110515740121
0.9073701000306755,60,0.872072072072072,0.5015544041450777,0.6368421052631579,484,71,481,0.7355694798028063,0.875,0.5463249759921209,1.0,1.0,25,35,0.7072121004510425,0.8946015115640853,0.7659446865914423,3.168439481531849,734,248,256,0.592891760904685,0.5989662172171275,0.5959212492001613,0.42828282828282827,0.8946015115640853,62,83,3.32,traj2traj,dist_int_60_40,distance_intensity,0.6,0.4,0.0,equal_all,all_terms,0.3333333333333333,0.3333333333333333,0.3333333333333333,60,0,4,S5,25,500.0,300.0,"S5: N=25, I=500+/-300",fragmented_gt_v2,1133,22.66,22.0,25,25,39.6,39.0,0.0,11.0,25,0.5959212492001613,0.6368421052631579
0.6801899999845773,61,0.7558139534883721,0.34908700322234154,0.47759000734753865,325,105,606,0.7490619361396709,0.8974358974358975,0.3940744166081809,1.0,1.0,25,36,0.6897115037900157,0.8616073660792232,0.6705788323835988,0.895110242335372,721,312,235,0.5686119873817035,0.5414147060916661,0.5548467284110659,0.35564853556485354,0.8616073660792232,69,76,3.04,traj2traj,dist_int_60_40,distance_intensity,0.6,0.4,0.0,position_only,ablation,1.0,0.0,0.0,61,1,4,S5,25,500.0,300.0,"S5: N=25, I=500+/-300",fragmented_gt_v2,1208,24.16,24.0,25,25,38.24,37.0,0.0,12.0,25,0.5548467284110659,0.47759000734753865
0.17549389996565878,61,0.8159509202453987,0.5714285714285714,0.6721415034744157,532,120,399,0.7490619361396709,0.8974358974358975,0.600917673476488,1.0,1.0,25,36,0.6897115037900157,0.8616073660792232,44.58114005744393,48.13866962580151,721,312,235,0.5686119873817035,0.5414147060916661,0.5548467284110659,0.35564853556485354,0.8616073660792232,69,76,3.04,traj2traj,dist_int_60_40,distance_intensity,0.6,0.4,0.0,length_only,ablation,0.0,1.0,0.0,61,1,4,S5,25,500.0,300.0,"S5: N=25, I=500+/-300",fragmented_gt_v2,1208,24.16,24.0,25,25,38.24,37.0,0.0,12.0,25,0.5548467284110659,0.6721415034744157
0.24182220012880862,61,0.8478802992518704,0.3651987110633727,0.5105105105105104,340,61,591,0.7490619361396709,0.8974358974358975,0.42209252288463844,1.0,1.0,25,36,0.6897115037900157,0.8616073660792232,44.7165282624499,50.39801326608345,721,312,235,0.5686119873817035,0.5414147060916661,0.5548467284110659,0.35564853556485354,0.8616073660792232,69,76,3.04,traj2traj,dist_int_60_40,distance_intensity,0.6,0.4,0.0,start_only,ablation,0.0,0.0,1.0,61,1,4,S5,25,500.0,300.0,"S5: N=25, I=500+/-300",fragmented_gt_v2,1208,24.16,24.0,25,25,38.24,37.0,0.0,12.0,25,0.5548467284110659,0.5105105105105104
0.9624161999672651,61,0.7590361445783133,0.47368421052631576,0.5833333333333333,441,140,490,0.7490619361396709,0.8974358974358975,0.5191259019684363,1.0,1.0,25,36,0.6897115037900157,0.8616073660792232,0.6922852184075362,1.1275717908997545,721,312,235,0.5686119873817035,0.5414147060916661,0.5548467284110659,0.35564853556485354,0.8616073660792232,69,76,3.04,traj2traj,dist_int_60_40,distance_intensity,0.6,0.4,0.0,pos_len_90_10,position_length,0.9,0.1,0.0,61,1,4,S5,25,500.0,300.0,"S5: N=25, I=500+/-300",fragmented_gt_v2,1208,24.16,24.0,25,25,38.24,37.0,0.0,12.0,25,0.5548467284110659,0.5833333333333333
1.0524800000712276,61,0.752542372881356,0.47690655209452204,0.5838264299802761,444,146,487,0.7490619361396709,0.8974358974358975,0.5265904050110327,1.0,1.0,25,36,0.6897115037900157,0.8616073660792232,0.6961346538939257,1.174957248002989,721,312,235,0.5686119873817035,0.5414147060916661,0.5548467284110659,0.35564853556485354,0.8616073660792232,69,76,3.04,traj2traj,dist_int_60_40,distance_intensity,0.6,0.4,0.0,pos_len_75_25,position_length,0.75,0.25,0.0,61,1,4,S5,25,500.0,300.0,"S5: N=25, I=500+/-300",fragmented_gt_v2,1208,24.16,24.0,25,25,38.24,37.0,0.0,12.0,25,0.5548467284110659,0.5838264299802761
1.1625834999140352,61,0.7711864406779662,0.48872180451127817,0.5982905982905983,455,135,476,0.7490619361396709,0.8974358974358975,0.5338046907253183,1.0,1.0,25,36,0.6897115037900157,0.8616073660792232,0.7477117161292559,1.788237222155455,721,312,235,0.5686119873817035,0.5414147060916661,0.5548467284110659,0.35564853556485354,0.8616073660792232,69,76,3.04,traj2traj,dist_int_60_40,distance_intensity,0.6,0.4,0.0,pos_len_60_40,position_length,0.6,0.4,0.0,61,1,4,S5,25,500.0,300.0,"S5: N=25, I=500+/-300",fragmented_gt_v2,1208,24.16,24.0,25,25,38.24,37.0,0.0,12.0,25,0.5548467284110659,0.5982905982905983
1.6320262998342514,61,0.7551440329218106,0.3941997851772288,0.5179957657021877,367,119,564,0.7490619361396709,0.8974358974358975,0.4441338176682993,1.0,1.0,25,36,0.6897115037900157,0.8616073660792232,0.7172853607645896,1.1251560780283154,721,312,235,0.5686119873817035,0.5414147060916661,0.5548467284110659,0.35564853556485354,0.8616073660792232,69,76,3.04,traj2traj,dist_int_60_40,distance_intensity,0.6,0.4,0.0,pos_start_90_10,position_start,0.9,0.0,0.1,61,1,4,S5,25,500.0,300.0,"S5: N=25, I=500+/-300",fragmented_gt_v2,1208,24.16,24.0,25,25,38.24,37.0,0.0,12.0,25,0.5548467284110659,0.5179957657021877
1.3062707998324186,61,0.7804878048780488,0.41245972073039744,0.5397048489107519,384,108,547,0.7490619361396709,0.8974358974358975,0.46056757010205174,1.0,1.0,25,36,0.6897115037900157,0.8616073660792232,0.7410833884740978,1.705393188752342,721,312,235,0.5686119873817035,0.5414147060916661,0.5548467284110659,0.35564853556485354,0.8616073660792232,69,76,3.04,traj2traj,dist_int_60_40,distance_intensity,0.6,0.4,0.0,pos_start_75_25,position_start,0.75,0.0,0.25,61,1,4,S5,25,500.0,300.0,"S5: N=25, I=500+/-300",fragmented_gt_v2,1208,24.16,24.0,25,25,38.24,37.0,0.0,12.0,25,0.5548467284110659,0.5397048489107519
0.7823360001202673,61,0.8020618556701031,0.4178302900107411,0.5494350282485876,389,96,542,0.7490619361396709,0.8974358974358975,0.4602818558163375,1.0,1.0,25,36,0.6897115037900157,0.8616073660792232,0.7797799534242539,2.714350970318893,721,312,235,0.5686119873817035,0.5414147060916661,0.5548467284110659,0.35564853556485354,0.8616073660792232,69,76,3.04,traj2traj,dist_int_60_40,distance_intensity,0.6,0.4,0.0,pos_start_60_40,position_start,0.6,0.0,0.4,61,1,4,S5,25,500.0,300.0,"S5: N=25, I=500+/-300",fragmented_gt_v2,1208,24.16,24.0,25,25,38.24,37.0,0.0,12.0,25,0.5548467284110659,0.5494350282485876
0.9119853999000043,61,0.7490706319702602,0.43286788399570353,0.5486725663716814,403,135,528,0.7490619361396709,0.8974358974358975,0.4843689646351536,1.0,1.0,25,36,0.6897115037900157,0.8616073660792232,0.6979486151449628,1.1616545134583198,721,312,235,0.5686119873817035,0.5414147060916661,0.5548467284110659,0.35564853556485354,0.8616073660792232,69,76,3.04,traj2traj,dist_int_60_40,distance_intensity,0.6,0.4,0.0,pos_meta_80_10_10,all_terms,0.8,0.1,0.1,61,1,4,S5,25,500.0,300.0,"S5: N=25, I=500+/-300",fragmented_gt_v2,1208,24.16,24.0,25,25,38.24,37.0,0.0,12.0,25,0.5548467284110659,0.5486725663716814
1.3444707000162452,61,0.7490706319702602,0.43286788399570353,0.5486725663716814,403,135,528,0.7490619361396709,0.8974358974358975,0.4843689646351536,1.0,1.0,25,36,0.6897115037900157,0.8616073660792232,0.6979486151449628,1.1616545134583198,721,312,235,0.5686119873817035,0.5414147060916661,0.5548467284110659,0.35564853556485354,0.8616073660792232,69,76,3.04,traj2traj,dist_int_60_40,distance_intensity,0.6,0.4,0.0,pos_meta_70_20_10,all_terms,0.7,0.2,0.1,61,1,4,S5,25,500.0,300.0,"S5: N=25, I=500+/-300",fragmented_gt_v2,1208,24.16,24.0,25,25,38.24,37.0,0.0,12.0,25,0.5548467284110659,0.5486725663716814
0.7803509999066591,61,0.7840290381125227,0.4640171858216971,0.582995951417004,432,119,499,0.7490619361396709,0.8974358974358975,0.5076763434425324,1.0,1.0,25,36,0.6897115037900157,0.8616073660792232,0.7797799534242539,2.2398673878770983,721,312,235,0.5686119873817035,0.5414147060916661,0.5548467284110659,0.35564853556485354,0.8616073660792232,69,76,3.04,traj2traj,dist_int_60_40,distance_intensity,0.6,0.4,0.0,pos_meta_60_20_20,all_terms,0.6,0.2,0.2,61,1,4,S5,25,500.0,300.0,"S5: N=25, I=500+/-300",fragmented_gt_v2,1208,24.16,24.0,25,25,38.24,37.0,0.0,12.0,25,0.5548467284110659,0.582995951417004
0.733751299791038,61,0.8574007220216606,0.5102040816326531,0.6397306397306397,475,79,456,0.7490619361396709,0.8974358974358975,0.5406143087030784,1.0,1.0,25,36,0.6897115037900157,0.8616073660792232,1.2216878942070981,5.374843740703459,721,312,235,0.5686119873817035,0.5414147060916661,0.5548467284110659,0.35564853556485354,0.8616073660792232,69,76,3.04,traj2traj,dist_int_60_40,distance_intensity,0.6,0.4,0.0,equal_all,all_terms,0.3333333333333333,0.3333333333333333,0.3333333333333333,61,1,4,S5,25,500.0,300.0,"S5: N=25, I=500+/-300",fragmented_gt_v2,1208,24.16,24.0,25,25,38.24,37.0,0.0,12.0,25,0.5548467284110659,0.6397306397306397
