runtime_s,n_tracks,link_precision,link_recall,link_f1,link_tp,link_fp,link_fn,mean_coverage,median_coverage,mean_fragments_per_gt_x,max_fragments_per_gt,assigned_tracks,unassigned_tracks,median_position_error_px,mean_position_error_px,labelable_tracks,assignment_accuracy,assignment_weighted_accuracy,truth_label_purity,truth_label_median_error_px,n_assignment_rows,n_assignment_cols,n_assigned_pairs,n_unassigned_rows,duplicate_gt_assignments,high_cost_assignments,invalid_cost_assignments,assignment_mean_cost,assignment_median_cost,stage,peak_config,peak_family,peak_distance_weight,peak_intensity_weight,peak_sigma_weight,traj_config,traj_family,traj_position_weight,traj_length_weight,traj_start_frame_weight,seed,nposframe,poisson_noise,difficulty,candidate_tracks,total_peaks,mean_peaks_per_frame,median_peaks_per_frame,peak_objective,traj_objective,mota,motp,idf1,recall,precision,num_switches,motp_manual,mean_fragments_per_gt_y
0.2019170001149177,33,1.0,0.3946078431372549,0.5659050966608085,161,0,247,0.4571428571428571,0.3285714285714285,1.0,1.0,12,21,0.9919576409889596,1.291824212624329,32,0.375,0.5065963060686016,0.9449419267601086,1.2797461256731213,33,12,12,21,0,0,0,0.1705813029160102,0.1636847555637359,traj2traj,dist_int_60_40,distance_intensity,0.6,0.4,0.0,position_only,ablation,1.0,0.0,0.0,0,3,80,"npos=3, noise=80",33,485,13.857142857142858,13.0,0.4695078673727001,0.4355443815635978,0.3546666666666667,1.0082885744579624,0.4765625,0.36533333333333334,1.0,8.0,0.9631304154270623,4.0
0.0343547998927533,33,1.0,0.4509803921568627,0.6216216216216216,184,0,224,0.5261904761904762,0.4,1.0,1.0,12,21,50.04355408547895,55.157947752857005,32,0.0625,0.100263852242744,0.9449419267601086,1.2797461256731213,33,12,12,21,0,0,0,1.658333337555329,2.100000023841858,traj2traj,dist_int_60_40,distance_intensity,0.6,0.4,0.0,length_only,ablation,0.0,1.0,0.0,0,3,80,"npos=3, noise=80",33,485,13.857142857142858,13.0,0.4273980076948415,0.2270093350040579,0.3546666666666667,1.0082885744579624,0.4765625,0.36533333333333334,1.0,8.0,0.9631304154270623,4.0
0.0294145999941974,33,1.0,0.2377450980392156,0.3841584158415841,97,0,311,0.3047619047619047,0.2857142857142857,1.0,1.0,12,21,64.6423232659026,65.05338031214087,32,0.03125,0.0184696569920844,0.9449419267601086,1.2797461256731213,33,12,12,21,0,0,0,0.0666666689018408,0.0,traj2traj,dist_int_60_40,distance_intensity,0.6,0.4,0.0,start_only,ablation,0.0,0.0,1.0,0,3,80,"npos=3, noise=80",33,485,13.857142857142858,13.0,0.2410401326600808,0.1244252878925284,0.3546666666666667,1.0082885744579624,0.4765625,0.36533333333333334,1.0,8.0,0.9631304154270623,4.0
0.2398979999125003,33,1.0,0.4142156862745098,0.58578856152513,169,0,239,0.4738095238095238,0.3428571428571428,1.0,1.0,12,21,0.9725439669761357,1.2998471950747703,32,0.375,0.525065963060686,0.9449419267601086,1.2797461256731213,33,12,12,21,0,0,0,0.3383502550423145,0.3855943381786346,traj2traj,dist_int_60_40,distance_intensity,0.6,0.4,0.0,pos_len_90_10,position_length,0.9,0.1,0.0,0,3,80,"npos=3, noise=80",33,485,13.857142857142858,13.0,0.4864595162978883,0.4458051554511499,0.3546666666666667,1.0082885744579624,0.4765625,0.36533333333333334,1.0,8.0,0.9631304154270623,4.0
0.1594557000789791,33,1.0,0.4509803921568627,0.6216216216216216,184,0,224,0.5142857142857143,0.4,1.0,1.0,12,21,1.0308298572750227,1.4611272256567474,32,0.375,0.5699208443271768,0.9449419267601086,1.2797461256731213,33,12,12,21,0,0,0,0.5736476853489876,0.7129952907562256,traj2traj,dist_int_60_40,distance_intensity,0.6,0.4,0.0,pos_len_75_25,position_length,0.75,0.25,0.0,0,3,80,"npos=3, noise=80",33,485,13.857142857142858,13.0,0.5210047540665347,0.46823310683469,0.3546666666666667,1.0082885744579624,0.4765625,0.36533333333333334,1.0,8.0,0.9631304154270623,4.0
0.148348200134933,33,1.0,0.4583333333333333,0.6285714285714286,187,0,221,0.5190476190476191,0.4,1.0,1.0,12,21,1.045351055552507,1.5039035828159582,32,0.375,0.575197889182058,0.9449419267601086,1.2797461256731213,33,12,12,21,0,0,0,0.7968914806842804,1.0024924874305725,traj2traj,dist_int_60_40,distance_intensity,0.6,0.4,0.0,pos_len_60_40,position_length,0.6,0.4,0.0,0,3,80,"npos=3, noise=80",33,485,13.857142857142858,13.0,0.5264072359666059,0.4714185199145621,0.3546666666666667,1.0082885744579624,0.4765625,0.36533333333333334,1.0,8.0,0.9631304154270623,4.0
0.1762635000050068,33,1.0,0.2965686274509804,0.4574669187145557,121,0,287,0.3666666666666666,0.3142857142857143,1.0,1.0,12,21,1.2047387192932475,1.7506147583036926,32,0.375,0.4063324538258575,0.9449419267601086,1.2797461256731213,33,12,12,21,0,0,0,0.234557910511891,0.2273877188563347,traj2traj,dist_int_60_40,distance_intensity,0.6,0.4,0.0,pos_start_90_10,position_start,0.9,0.0,0.1,0,3,80,"npos=3, noise=80",33,485,13.857142857142858,13.0,0.3768322239004735,0.3797431638660422,0.3546666666666667,1.0082885744579624,0.4765625,0.36533333333333334,1.0,8.0,0.9631304154270623,4.0
0.156356600113213,33,1.0,0.2965686274509804,0.4574669187145557,121,0,287,0.3666666666666666,0.3142857142857143,1.0,1.0,12,21,1.2047387192932475,1.7506147583036926,32,0.375,0.4063324538258575,0.9449419267601086,1.2797461256731213,33,12,12,21,0,0,0,0.2399093713611364,0.19973124563694,traj2traj,dist_int_60_40,distance_intensity,0.6,0.4,0.0,pos_start_75_25,position_start,0.75,0.0,0.25,0,3,80,"npos=3, noise=80",33,485,13.857142857142858,13.0,0.3768322239004735,0.3797431638660422,0.3546666666666667,1.0082885744579624,0.4765625,0.36533333333333334,1.0,8.0,0.9631304154270623,4.0
0.1087431998457759,33,1.0,0.2990196078431372,0.460377358490566,122,0,286,0.3595238095238095,0.3,1.0,1.0,12,21,1.2797461256731213,1.9296971179427715,32,0.34375,0.3720316622691293,0.9449419267601086,1.2797461256731213,33,12,12,21,0,0,0,0.2443515838434299,0.159785009920597,traj2traj,dist_int_60_40,distance_intensity,0.6,0.4,0.0,pos_start_60_40,position_start,0.6,0.0,0.4,0,3,80,"npos=3, noise=80",33,485,13.857142857142858,13.0,0.3710753329953305,0.3585357682177765,0.3546666666666667,1.0082885744579624,0.4765625,0.36533333333333334,1.0,8.0,0.9631304154270623,4.0
0.1098049997817725,33,1.0,0.3897058823529412,0.5608465608465609,159,0,249,0.4619047619047619,0.3571428571428571,1.0,1.0,12,21,1.045351055552507,1.5194980321592069,32,0.375,0.5118733509234829,0.9449419267601086,1.2797461256731213,33,12,12,21,0,0,0,0.4090737675627072,0.4237037897109985,traj2traj,dist_int_60_40,distance_intensity,0.6,0.4,0.0,pos_meta_80_10_10,all_terms,0.8,0.1,0.1,0,3,80,"npos=3, noise=80",33,485,13.857142857142858,13.0,0.4687604070796715,0.4363281260906591,0.3546666666666667,1.0082885744579624,0.4765625,0.36533333333333334,1.0,8.0,0.9631304154270623,4.0
0.1194545000325888,33,1.0,0.4215686274509804,0.593103448275862,172,0,236,0.4928571428571429,0.4,1.0,1.0,12,21,1.0261933784291597,1.4736659404097108,32,0.375,0.5461741424802111,0.9449419267601086,1.2797461256731213,33,12,12,21,0,0,0,0.5670241092642149,0.6196039617061615,traj2traj,dist_int_60_40,distance_intensity,0.6,0.4,0.0,pos_meta_70_20_10,all_terms,0.7,0.2,0.1,0,3,80,"npos=3, noise=80",33,485,13.857142857142858,13.0,0.497843906055139,0.4544499395609395,0.3546666666666667,1.0082885744579624,0.4765625,0.36533333333333334,1.0,8.0,0.9631304154270623,4.0
0.1114554000087082,33,1.0,0.3848039215686274,0.5557522123893806,157,0,251,0.4547619047619047,0.3571428571428571,1.0,1.0,12,21,1.0522414966511968,1.5342300720551083,32,0.375,0.503957783641161,0.9449419267601086,1.2797461256731213,33,12,12,21,0,0,0,0.6151976486047109,0.6490278542041779,traj2traj,dist_int_60_40,distance_intensity,0.6,0.4,0.0,pos_meta_60_20_20,all_terms,0.6,0.2,0.2,0,3,80,"npos=3, noise=80",33,485,13.857142857142858,13.0,0.4632143443188986,0.4326160788643568,0.3546666666666667,1.0082885744579624,0.4765625,0.36533333333333334,1.0,8.0,0.9631304154270623,4.0
0.0961034998763352,33,1.0,0.3504901960784313,0.5190562613430126,143,0,265,0.4261904761904762,0.3285714285714285,1.0,1.0,12,21,1.2211612574216375,1.828054002588272,32,0.375,0.4722955145118733,0.9449419267601086,1.2797461256731213,33,12,12,21,0,0,0,0.884818517913421,0.9237870275974274,traj2traj,dist_int_60_40,distance_intensity,0.6,0.4,0.0,equal_all,all_terms,0.3333333333333333,0.3333333333333333,0.3333333333333333,0,3,80,"npos=3, noise=80",33,485,13.857142857142858,13.0,0.4323407221805752,0.4145041785156185,0.3546666666666667,1.0082885744579624,0.4765625,0.36533333333333334,1.0,8.0,0.9631304154270623,4.0
0.0979299000464379,30,1.0,0.3333333333333333,0.5,136,0,272,0.3785714285714286,0.3285714285714285,1.0,1.0,12,18,0.8490574207603758,1.0916404126583683,30,0.4,0.3916256157635468,0.9527904319622584,1.2043514288416672,30,12,12,18,0,0,0,0.1492598615586757,0.1529279127717018,traj2traj,dist_int_60_40,distance_intensity,0.6,0.4,0.0,position_only,ablation,1.0,0.0,0.0,1,3,80,"npos=3, noise=80",30,456,13.028571428571428,13.0,0.4002027341795377,0.3957635467980295,0.3773333333333333,1.0997558422057867,0.4985563041385948,0.38533333333333336,1.0,6.0,0.9505609715980109,3.6
0.0172189001459628,30,1.0,0.5220588235294118,0.6859903381642513,213,0,195,0.588095238095238,0.5571428571428572,1.0,1.0,12,18,77.9607158623391,78.12558013735935,30,0.0,0.0,0.9527904319622584,1.2043514288416672,30,12,12,18,0,0,0,1.4416666477918625,1.550000011920929,traj2traj,dist_int_60_40,distance_intensity,0.6,0.4,0.0,length_only,ablation,0.0,1.0,0.0,1,3,80,"npos=3, noise=80",30,456,13.028571428571428,13.0,0.4600189786059351,0.196007591442374,0.3773333333333333,1.0997558422057867,0.4985563041385948,0.38533333333333336,1.0,6.0,0.9505609715980109,3.6
0.0202993999700993,30,1.0,0.4068627450980392,0.578397212543554,166,0,242,0.4642857142857142,0.4,1.0,1.0,12,18,81.35190297643483,75.23477536477283,30,0.0,0.0,0.9527904319622584,1.2043514288416672,30,12,12,18,0,0,0,0.050000000745058,0.0,traj2traj,dist_int_60_40,distance_intensity,0.6,0.4,0.0,start_only,ablation,0.0,0.0,1.0,1,3,80,"npos=3, noise=80",30,456,13.028571428571428,13.0,0.3752700348432055,0.1621080139372822,0.3773333333333333,1.0997558422057867,0.4985563041385948,0.38533333333333336,1.0,6.0,0.9505609715980109,3.6
0.1604717001318931,30,1.0,0.4705882352941176,0.6399999999999999,192,0,216,0.5357142857142857,0.5571428571428572,1.0,1.0,12,18,0.9688241131339684,1.3930809881490465,30,0.4,0.5541871921182266,0.9527904319622584,1.2043514288416672,30,12,12,18,0,0,0,0.3188859447836876,0.3398671448230743,traj2traj,dist_int_60_40,distance_intensity,0.6,0.4,0.0,pos_len_90_10,position_length,0.9,0.1,0.0,1,3,80,"npos=3, noise=80",30,456,13.028571428571428,13.0,0.5334235598220529,0.4801182266009852,0.3773333333333333,1.0997558422057867,0.4985563041385948,0.38533333333333336,1.0,6.0,0.9505609715980109,3.6
0.1134960001800209,30,1.0,0.4926470588235294,0.6600985221674877,201,0,207,0.5619047619047619,0.5571428571428572,1.0,1.0,12,18,1.0246218190582097,1.5064792063779238,30,0.4,0.5812807881773399,0.9527904319622584,1.2043514288416672,30,12,12,18,0,0,0,0.529473410298427,0.5157583206892014,traj2traj,dist_int_60_40,distance_intensity,0.6,0.4,0.0,pos_len_75_25,position_length,0.75,0.25,0.0,1,3,80,"npos=3, noise=80",30,456,13.028571428571428,13.0,0.553875237965067,0.4935303776683087,0.3773333333333333,1.0997558422057867,0.4985563041385948,0.38533333333333336,1.0,6.0,0.9505609715980109,3.6
0.127315699821338,30,1.0,0.5024509803921569,0.6688417618270799,205,0,203,0.5642857142857143,0.5571428571428572,1.0,1.0,12,18,1.0368671922407902,1.5334554793492094,30,0.4,0.583743842364532,0.9527904319622584,1.2043514288416672,30,12,12,18,0,0,0,0.730088137400647,0.7153515517711639,traj2traj,dist_int_60_40,distance_intensity,0.6,0.4,0.0,pos_len_60_40,position_length,0.6,0.4,0.0,1,3,80,"npos=3, noise=80",30,456,13.028571428571428,13.0,0.5591656338687454,0.4961328843851204,0.3773333333333333,1.0997558422057867,0.4985563041385948,0.38533333333333336,1.0,6.0,0.9505609715980109,3.6
0.1290382998995483,30,1.0,0.3651960784313725,0.5350089766606821,149,0,259,0.4214285714285714,0.3571428571428571,1.0,1.0,12,18,0.8681587212178861,1.1093497270234751,30,0.4,0.4359605911330049,0.9527904319622584,1.2043514288416672,30,12,12,18,0,0,0,0.1496433448046445,0.1376351192593574,traj2traj,dist_int_60_40,distance_intensity,0.6,0.4,0.0,pos_start_90_10,position_start,0.9,0.0,0.1,1,3,80,"npos=3, noise=80",30,456,13.028571428571428,13.0,0.4350001246528676,0.4181348002582448,0.3773333333333333,1.0997558422057867,0.4985563041385948,0.38533333333333336,1.0,6.0,0.9505609715980109,3.6
0.1271100998856127,30,1.0,0.3651960784313725,0.5350089766606821,149,0,259,0.4214285714285714,0.3571428571428571,1.0,1.0,12,18,0.8681587212178861,1.1093497270234751,30,0.4,0.4359605911330049,0.9527904319622584,1.2043514288416672,30,12,12,18,0,0,0,0.1441472359001636,0.122341938316822,traj2traj,dist_int_60_40,distance_intensity,0.6,0.4,0.0,pos_start_75_25,position_start,0.75,0.0,0.25,1,3,80,"npos=3, noise=80",30,456,13.028571428571428,13.0,0.4350001246528676,0.4181348002582448,0.3773333333333333,1.0997558422057867,0.4985563041385948,0.38533333333333336,1.0,6.0,0.9505609715980109,3.6
0.1269944999366998,30,1.0,0.3651960784313725,0.5350089766606821,149,0,259,0.4214285714285714,0.3571428571428571,1.0,1.0,12,18,0.8681587212178861,1.1093497270234751,30,0.4,0.4359605911330049,0.9527904319622584,1.2043514288416672,30,12,12,18,0,0,0,0.1386511229599515,0.0978735573589801,traj2traj,dist_int_60_40,distance_intensity,0.6,0.4,0.0,pos_start_60_40,position_start,0.6,0.0,0.4,1,3,80,"npos=3, noise=80",30,456,13.028571428571428,13.0,0.4350001246528676,0.4181348002582448,0.3773333333333333,1.0997558422057867,0.4985563041385948,0.38533333333333336,1.0,6.0,0.9505609715980109,3.6
0.1157881999388337,30,1.0,0.4068627450980392,0.578397212543554,166,0,242,0.4738095238095237,0.4,1.0,1.0,12,18,0.9246395032171992,1.361052967632192,30,0.4,0.4901477832512315,0.9527904319622584,1.2043514288416672,30,12,12,18,0,0,0,0.3317836150527,0.3655567765235901,traj2traj,dist_int_60_40,distance_intensity,0.6,0.4,0.0,pos_meta_80_10_10,all_terms,0.8,0.1,0.1,1,3,80,"npos=3, noise=80",30,456,13.028571428571428,13.0,0.4777057565747781,0.4455973407024711,0.3773333333333333,1.0997558422057867,0.4985563041385948,0.38533333333333336,1.0,6.0,0.9505609715980109,3.6
0.1200751999858766,30,1.0,0.4068627450980392,0.578397212543554,166,0,242,0.4738095238095237,0.4,1.0,1.0,12,18,0.9246395032171992,1.361052967632192,30,0.4,0.4901477832512315,0.9527904319622584,1.2043514288416672,30,12,12,18,0,0,0,0.4993731627861659,0.5429871380329132,traj2traj,dist_int_60_40,distance_intensity,0.6,0.4,0.0,pos_meta_70_20_10,all_terms,0.7,0.2,0.1,1,3,80,"npos=3, noise=80",30,456,13.028571428571428,13.0,0.4777057565747781,0.4455973407024711,0.3773333333333333,1.0997558422057867,0.4985563041385948,0.38533333333333336,1.0,6.0,0.9505609715980109,3.6
0.1088266000151634,30,1.0,0.4068627450980392,0.578397212543554,166,0,242,0.4738095238095237,0.4,1.0,1.0,12,18,0.9246395032171992,1.361052967632192,30,0.4,0.4901477832512315,0.9527904319622584,1.2043514288416672,30,12,12,18,0,0,0,0.4977960564816991,0.5368461310863495,traj2traj,dist_int_60_40,distance_intensity,0.6,0.4,0.0,pos_meta_60_20_20,all_terms,0.6,0.2,0.2,1,3,80,"npos=3, noise=80",30,456,13.028571428571428,13.0,0.4777057565747781,0.4455973407024711,0.3773333333333333,1.0997558422057867,0.4985563041385948,0.38533333333333336,1.0,6.0,0.9505609715980109,3.6
0.1401263000443577,30,1.0,0.4068627450980392,0.578397212543554,166,0,242,0.4738095238095237,0.4,1.0,1.0,12,18,0.9246395032171992,1.361052967632192,30,0.4,0.4901477832512315,0.9527904319622584,1.2043514288416672,30,12,12,18,0,0,0,0.7191459496195117,0.779398649930954,traj2traj,dist_int_60_40,distance_intensity,0.6,0.4,0.0,equal_all,all_terms,0.3333333333333333,0.3333333333333333,0.3333333333333333,1,3,80,"npos=3, noise=80",30,456,13.028571428571428,13.0,0.4777057565747781,0.4455973407024711,0.3773333333333333,1.0997558422057867,0.4985563041385948,0.38533333333333336,1.0,6.0,0.9505609715980109,3.6
0.0760285998694598,27,1.0,0.409313725490196,0.5808695652173913,167,0,241,0.4619047619047619,0.3857142857142857,1.0,1.0,12,15,0.9759397324664782,1.204183159301877,27,0.4444444444444444,0.5286103542234333,0.9657225853304284,1.2866931006851066,27,12,12,15,0,0,0,0.1558567956089973,0.1415121480822563,traj2traj,dist_int_60_40,distance_intensity,0.6,0.4,0.0,position_only,ablation,1.0,0.0,0.0,2,3,80,"npos=3, noise=80",27,437,12.485714285714286,12.0,0.4815427522216518,0.4722947555675905,0.41333333333333333,1.3056814255589713,0.5088536812674743,0.43066666666666664,1.0,13.0,1.1197473781799803,5.6
0.01572209992446,27,1.0,0.5441176470588235,0.7047619047619048,222,0,186,0.6095238095238096,0.5142857142857142,1.0,1.0,12,15,35.312183876943095,37.703582803540336,27,0.074074074074074,0.0844686648501362,0.9657225853304284,1.2866931006851066,27,12,12,15,0,0,0,1.366666658471028,1.699999988079071,traj2traj,dist_int_60_40,distance_intensity,0.6,0.4,0.0,length_only,ablation,0.0,1.0,0.0,2,3,80,"npos=3, noise=80",27,437,12.485714285714286,12.0,0.4874322044894251,0.2526515577469256,0.41333333333333333,1.3056814255589713,0.5088536812674743,0.43066666666666664,1.0,13.0,1.1197473781799803,5.6
0.0125861000269651,27,1.0,0.4681372549019608,0.6377295492487479,191,0,217,0.5214285714285715,0.4142857142857142,1.0,1.0,12,15,38.513963503390336,41.1265632827199,27,0.074074074074074,0.0844686648501362,0.9657225853304284,1.2866931006851066,27,12,12,15,0,0,0,0.0666666676600774,0.0,traj2traj,dist_int_60_40,distance_intensity,0.6,0.4,0.0,start_only,ablation,0.0,0.0,1.0,2,3,80,"npos=3, noise=80",27,437,12.485714285714286,12.0,0.4318922172090372,0.2304355628347704,0.41333333333333333,1.3056814255589713,0.5088536812674743,0.43066666666666664,1.0,13.0,1.1197473781799803,5.6
0.0865698000416159,27,1.0,0.4607843137254901,0.6308724832214765,188,0,220,0.5166666666666665,0.4428571428571428,1.0,1.0,12,15,0.9999512069729728,1.222682264380059,27,0.4444444444444444,0.5912806539509536,0.9657225853304284,1.2866931006851066,27,12,12,15,0,0,0,0.3128296658396721,0.3421215415000915,traj2traj,dist_int_60_40,distance_intensity,0.6,0.4,0.0,pos_len_90_10,position_length,0.9,0.1,0.0,2,3,80,"npos=3, noise=80",27,437,12.485714285714286,12.0,0.5295451893438993,0.5034391045764782,0.41333333333333333,1.3056814255589713,0.5088536812674743,0.43066666666666664,1.0,13.0,1.1197473781799803,5.6
0.138855000026524,27,1.0,0.5318627450980392,0.6944,217,0,191,0.5904761904761904,0.5142857142857142,1.0,1.0,12,15,1.018486362224894,1.5664453408714636,27,0.4444444444444444,0.6757493188010899,0.9657225853304284,1.2866931006851066,27,12,12,15,0,0,0,0.5069808152814707,0.5491698980331421,traj2traj,dist_int_60_40,distance_intensity,0.6,0.4,0.0,pos_len_75_25,position_length,0.75,0.25,0.0,2,3,80,"npos=3, noise=80",27,437,12.485714285714286,12.0,0.5923621215808678,0.5446427265256693,0.41333333333333333,1.3056814255589713,0.5088536812674743,0.43066666666666664,1.0,13.0,1.1197473781799803,5.6
0.095226899953559,27,1.0,0.5367647058823529,0.6985645933014354,219,0,189,0.5999999999999999,0.5142857142857142,1.0,1.0,12,15,1.0267435904668334,1.6473814006556673,27,0.4444444444444444,0.6866485013623979,0.9657225853304284,1.2866931006851066,27,12,12,15,0,0,0,0.6919780448079109,0.7893359363079071,traj2traj,dist_int_60_40,distance_intensity,0.6,0.4,0.0,pos_len_60_40,position_length,0.6,0.4,0.0,2,3,80,"npos=3, noise=80",27,437,12.485714285714286,12.0,0.5984292833908267,0.5491528217786643,0.41333333333333333,1.3056814255589713,0.5088536812674743,0.43066666666666664,1.0,13.0,1.1197473781799803,5.6
0.1606947998516261,27,1.0,0.4019607843137255,0.5734265734265734,164,0,244,0.4571428571428571,0.3857142857142857,1.0,1.0,12,15,0.9892832426266488,1.2236466722887365,27,0.4444444444444444,0.5231607629427792,0.9657225853304284,1.2866931006851066,27,12,12,15,0,0,0,0.1983219049870968,0.134131021797657,traj2traj,dist_int_60_40,distance_intensity,0.6,0.4,0.0,pos_start_90_10,position_start,0.9,0.0,0.1,2,3,80,"npos=3, noise=80",27,437,12.485714285714286,12.0,0.4757633032805679,0.4689675689130729,0.41333333333333333,1.3056814255589713,0.5088536812674743,0.43066666666666664,1.0,13.0,1.1197473781799803,5.6
0.1060283000115305,27,1.0,0.4607843137254901,0.6308724832214765,188,0,220,0.5190476190476191,0.4142857142857142,1.0,1.0,12,15,1.061904613234716,2.0815700415852403,27,0.4074074074074074,0.5068119891008175,0.9657225853304284,1.2866931006851066,27,12,12,15,0,0,0,0.19704702993234,0.1117758527398109,traj2traj,dist_int_60_40,distance_intensity,0.6,0.4,0.0,pos_start_75_25,position_start,0.75,0.0,0.25,2,3,80,"npos=3, noise=80",27,437,12.485714285714286,12.0,0.5172378024381353,0.4677452187872246,0.41333333333333333,1.3056814255589713,0.5088536812674743,0.43066666666666664,1.0,13.0,1.1197473781799803,5.6
0.1035891999490559,27,1.0,0.4681372549019608,0.6377295492487479,191,0,217,0.5214285714285715,0.4142857142857142,1.0,1.0,12,15,1.0385007864842228,2.127033412171254,27,0.4074074074074074,0.5095367847411444,0.9657225853304284,1.2866931006851066,27,12,12,15,0,0,0,0.171894064793984,0.0894206836819648,traj2traj,dist_int_60_40,distance_intensity,0.6,0.4,0.0,pos_start_60_40,position_start,0.6,0.0,0.4,2,3,80,"npos=3, noise=80",27,437,12.485714285714286,12.0,0.5217580572433728,0.4700359261408557,0.41333333333333333,1.3056814255589713,0.5088536812674743,0.43066666666666664,1.0,13.0,1.1197473781799803,5.6
0.1199923001695424,27,1.0,0.5,0.6666666666666666,204,0,204,0.5595238095238095,0.4428571428571428,1.0,1.0,12,15,1.069789401286935,2.024128540095273,27,0.4074074074074074,0.553133514986376,0.9657225853304284,1.2866931006851066,27,12,12,15,0,0,0,0.3535866209616263,0.3505650013685226,traj2traj,dist_int_60_40,distance_intensity,0.6,0.4,0.0,pos_meta_80_10_10,all_terms,0.8,0.1,0.1,2,3,80,"npos=3, noise=80",27,437,12.485714285714286,12.0,0.5521726027074161,0.4905320559952713,0.41333333333333333,1.3056814255589713,0.5088536812674743,0.43066666666666664,1.0,13.0,1.1197473781799803,5.6
0.1643624000716954,27,1.0,0.5,0.6666666666666666,204,0,204,0.5595238095238095,0.4428571428571428,1.0,1.0,12,15,1.069789401286935,2.024128540095273,27,0.4074074074074074,0.553133514986376,0.9657225853304284,1.2866931006851066,27,12,12,15,0,0,0,0.4851174615323543,0.5436757206916809,traj2traj,dist_int_60_40,distance_intensity,0.6,0.4,0.0,pos_meta_70_20_10,all_terms,0.7,0.2,0.1,2,3,80,"npos=3, noise=80",27,437,12.485714285714286,12.0,0.5521726027074161,0.4905320559952713,0.41333333333333333,1.3056814255589713,0.5088536812674743,0.43066666666666664,1.0,13.0,1.1197473781799803,5.6
0.1494575999677181,27,1.0,0.5073529411764706,0.673170731707317,207,0,201,0.5619047619047619,0.4428571428571428,1.0,1.0,12,15,1.061904613234716,2.0665604030606413,27,0.4074074074074074,0.555858310626703,0.9657225853304284,1.2866931006851066,27,12,12,15,0,0,0,0.4800714006026585,0.5460077226161957,traj2traj,dist_int_60_40,distance_intensity,0.6,0.4,0.0,pos_meta_60_20_20,all_terms,0.6,0.2,0.2,2,3,80,"npos=3, noise=80",27,437,12.485714285714286,12.0,0.5564581606242242,0.4927521631515782,0.41333333333333333,1.3056814255589713,0.5088536812674743,0.43066666666666664,1.0,13.0,1.1197473781799803,5.6
0.1704883999191224,27,1.0,0.5073529411764706,0.673170731707317,207,0,201,0.5619047619047619,0.4428571428571428,1.0,1.0,12,15,1.061904613234716,2.0665604030606413,27,0.4074074074074074,0.555858310626703,0.9657225853304284,1.2866931006851066,27,12,12,15,0,0,0,0.637076715628306,0.751108855009079,traj2traj,dist_int_60_40,distance_intensity,0.6,0.4,0.0,equal_all,all_terms,0.3333333333333333,0.3333333333333333,0.3333333333333333,2,3,80,"npos=3, noise=80",27,437,12.485714285714286,12.0,0.5564581606242242,0.4927521631515782,0.41333333333333333,1.3056814255589713,0.5088536812674743,0.43066666666666664,1.0,13.0,1.1197473781799803,5.6
0.2718559000641107,30,1.0,0.4926470588235294,0.6600985221674877,201,0,207,0.5357142857142857,0.4714285714285714,1.0,1.0,12,18,0.7657836047852437,1.0907910846289948,30,0.4,0.5056179775280899,0.9583613916947252,1.1969924684073638,30,12,12,18,0,0,0,0.1429042673359314,0.1606034711003303,traj2traj,dist_int_60_40,distance_intensity,0.6,0.4,0.0,position_only,ablation,1.0,0.0,0.0,3,3,80,"npos=3, noise=80",30,492,14.057142857142855,14.0,0.5369488406235842,0.4719956273869486,0.30800000000000005,1.6364018331960763,0.3370110330992979,0.328,0.9959514170040485,14.0,1.292252335793773,6.6
0.0256854000035673,30,1.0,0.6813725490196079,0.8104956268221575,278,0,130,0.7380952380952381,0.7714285714285715,1.0,1.0,12,18,45.348615562587504,44.02612904975044,30,0.0666666666666666,0.1370786516853932,0.9583613916947252,1.1969924684073638,30,12,12,18,0,0,0,0.9166666623204948,0.800000011920929,traj2traj,dist_int_60_40,distance_intensity,0.6,0.4,0.0,length_only,ablation,0.0,1.0,0.0,3,3,80,"npos=3, noise=80",30,492,14.057142857142855,14.0,0.5803334206876972,0.2968449787619703,0.30800000000000005,1.6364018331960763,0.3370110330992979,0.328,0.9959514170040485,14.0,1.292252335793773,6.6
0.0203747001942247,30,1.0,0.4509803921568627,0.6216216216216216,184,0,224,0.5071428571428571,0.3285714285714285,1.0,1.0,12,18,46.68706605433353,47.19952577032072,30,0.0333333333333333,0.0741573033707865,0.9583613916947252,1.1969924684073638,30,12,12,18,0,0,0,0.050000000745058,0.0,traj2traj,dist_int_60_40,distance_intensity,0.6,0.4,0.0,start_only,ablation,0.0,0.0,1.0,3,3,80,"npos=3, noise=80",30,492,14.057142857142855,14.0,0.418720120602143,0.20691126921464,0.30800000000000005,1.6364018331960763,0.3370110330992979,0.328,0.9959514170040485,14.0,1.292252335793773,6.6
0.1381316999904811,30,1.0,0.6617647058823529,0.7964601769911505,270,0,138,0.7214285714285715,0.7714285714285715,1.0,1.0,12,18,0.857535324623863,1.3261639917652592,30,0.4,0.6808988764044944,0.9583613916947252,1.1969924684073638,30,12,12,18,0,0,0,0.2550106824686129,0.2633700221776962,traj2traj,dist_int_60_40,distance_intensity,0.6,0.4,0.0,pos_len_90_10,position_length,0.9,0.1,0.0,3,3,80,"npos=3, noise=80",30,492,14.057142857142855,14.0,0.6775063053460527,0.5616596116422109,0.30800000000000005,1.6364018331960763,0.3370110330992979,0.328,0.9959514170040485,14.0,1.292252335793773,6.6
0.252472799969837,30,1.0,0.6813725490196079,0.8104956268221575,278,0,130,0.7380952380952381,0.7714285714285715,1.0,1.0,12,18,0.8710782170586473,1.386108870957474,30,0.4,0.6966292134831461,0.9583613916947252,1.1969924684073638,30,12,12,18,0,0,0,0.3686857757469018,0.3825340867042541,traj2traj,dist_int_60_40,distance_intensity,0.6,0.4,0.0,pos_len_75_25,position_length,0.75,0.25,0.0,3,3,80,"npos=3, noise=80",30,492,14.057142857142855,14.0,0.6909994616433902,0.5700659525447418,0.30800000000000005,1.6364018331960763,0.3370110330992979,0.328,0.9959514170040485,14.0,1.292252335793773,6.6
0.2133708000183105,30,1.0,0.6813725490196079,0.8104956268221575,278,0,130,0.7380952380952381,0.7714285714285715,1.0,1.0,12,18,0.8710782170586473,1.386108870957474,30,0.4,0.6966292134831461,0.9583613916947252,1.1969924684073638,30,12,12,18,0,0,0,0.478281956166029,0.4660272449254989,traj2traj,dist_int_60_40,distance_intensity,0.6,0.4,0.0,pos_len_60_40,position_length,0.6,0.4,0.0,3,3,80,"npos=3, noise=80",30,492,14.057142857142855,14.0,0.6909994616433902,0.5700659525447418,0.30800000000000005,1.6364018331960763,0.3370110330992979,0.328,0.9959514170040485,14.0,1.292252335793773,6.6
0.2627650999929756,30,1.0,0.5147058823529411,0.6796116504854368,210,0,198,0.5571428571428572,0.5714285714285714,1.0,1.0,12,18,0.7762021184720453,1.1548026230115138,30,0.4,0.5258426966292135,0.9583613916947252,1.1969924684073638,30,12,12,18,0,0,0,0.1491337514792879,0.146978847682476,traj2traj,dist_int_60_40,distance_intensity,0.6,0.4,0.0,pos_start_90_10,position_start,0.9,0.0,0.1,3,3,80,"npos=3, noise=80",30,492,14.057142857142855,14.0,0.5550571860785445,0.4830972899686764,0.30800000000000005,1.6364018331960763,0.3370110330992979,0.328,0.9959514170040485,14.0,1.292252335793773,6.6
0.1970025999471545,30,1.0,0.5147058823529411,0.6796116504854368,210,0,198,0.5571428571428572,0.5714285714285714,1.0,1.0,12,18,0.7762021184720453,1.1548026230115138,30,0.4,0.5258426966292135,0.9583613916947252,1.1969924684073638,30,12,12,18,0,0,0,0.1492781319345037,0.1224823743104934,traj2traj,dist_int_60_40,distance_intensity,0.6,0.4,0.0,pos_start_75_25,position_start,0.75,0.0,0.25,3,3,80,"npos=3, noise=80",30,492,14.057142857142855,14.0,0.5550571860785445,0.4830972899686764,0.30800000000000005,1.6364018331960763,0.3370110330992979,0.328,0.9959514170040485,14.0,1.292252335793773,6.6
0.1721233001444488,30,1.0,0.5147058823529411,0.6796116504854368,210,0,198,0.5571428571428572,0.5714285714285714,1.0,1.0,12,18,0.7762021184720453,1.1548026230115138,30,0.4,0.5258426966292135,0.9583613916947252,1.1969924684073638,30,12,12,18,0,0,0,0.1494225077331066,0.0979859046638012,traj2traj,dist_int_60_40,distance_intensity,0.6,0.4,0.0,pos_start_60_40,position_start,0.6,0.0,0.4,3,3,80,"npos=3, noise=80",30,492,14.057142857142855,14.0,0.5550571860785445,0.4830972899686764,0.30800000000000005,1.6364018331960763,0.3370110330992979,0.328,0.9959514170040485,14.0,1.292252335793773,6.6
0.1564566001761704,30,1.0,0.5931372549019608,0.7446153846153846,242,0,166,0.6476190476190476,0.7714285714285715,1.0,1.0,12,18,0.7991462108342637,1.2829616042226462,30,0.4,0.6112359550561798,0.9583613916947252,1.1969924684073638,30,12,12,18,0,0,0,0.2837480744346976,0.3355904668569565,traj2traj,dist_int_60_40,distance_intensity,0.6,0.4,0.0,pos_meta_80_10_10,all_terms,0.8,0.1,0.1,3,3,80,"npos=3, noise=80",30,492,14.057142857142855,14.0,0.6229010491802527,0.5264939704490267,0.30800000000000005,1.6364018331960763,0.3370110330992979,0.328,0.9959514170040485,14.0,1.292252335793773,6.6
0.1852871999144554,30,1.0,0.6397058823529411,0.780269058295964,261,0,147,0.6976190476190475,0.7714285714285715,1.0,1.0,12,18,0.8460001660961726,1.311430405324115,30,0.4,0.6584269662921348,0.9583613916947252,1.1969924684073638,30,12,12,18,0,0,0,0.3856785570581754,0.3867666572332382,traj2traj,dist_int_60_40,distance_intensity,0.6,0.4,0.0,pos_meta_70_20_10,all_terms,0.7,0.2,0.1,3,3,80,"npos=3, noise=80",30,492,14.057142857142855,14.0,0.6601308353737034,0.5504224579941313,0.30800000000000005,1.6364018331960763,0.3370110330992979,0.328,0.9959514170040485,14.0,1.292252335793773,6.6
0.1285296999849379,30,1.0,0.5955882352941176,0.7465437788018433,243,0,165,0.6523809523809524,0.7714285714285715,1.0,1.0,12,18,0.8082487523369088,1.2931588095929554,30,0.4,0.6157303370786517,0.9583613916947252,1.1969924684073638,30,12,12,18,0,0,0,0.3993894265343745,0.4329428672790527,traj2traj,dist_int_60_40,distance_intensity,0.6,0.4,0.0,pos_meta_60_20_20,all_terms,0.6,0.2,0.2,3,3,80,"npos=3, noise=80",30,492,14.057142857142855,14.0,0.6256957452366941,0.5284794352681269,0.30800000000000005,1.6364018331960763,0.3370110330992979,0.328,0.9959514170040485,14.0,1.292252335793773,6.6
0.1138303999323397,30,1.0,0.5955882352941176,0.7465437788018433,243,0,165,0.6523809523809524,0.7714285714285715,1.0,1.0,12,18,0.8082487523369088,1.2931588095929554,30,0.4,0.6157303370786517,0.9583613916947252,1.1969924684073638,30,12,12,18,0,0,0,0.5515126367099583,0.5823795795440674,traj2traj,dist_int_60_40,distance_intensity,0.6,0.4,0.0,equal_all,all_terms,0.3333333333333333,0.3333333333333333,0.3333333333333333,3,3,80,"npos=3, noise=80",30,492,14.057142857142855,14.0,0.6256957452366941,0.5284794352681269,0.30800000000000005,1.6364018331960763,0.3370110330992979,0.328,0.9959514170040485,14.0,1.292252335793773,6.6
0.0975472000427544,24,1.0,0.6102941176470589,0.7579908675799087,249,0,159,0.6547619047619048,0.7571428571428571,1.0,1.0,12,12,0.8652532810058187,1.1025589885521183,23,0.5217391304347826,0.6756756756756757,0.940993265993266,1.4980032240515102,24,12,12,12,0,0,0,0.1697943937033414,0.1348415538668632,traj2traj,dist_int_60_40,distance_intensity,0.6,0.4,0.0,position_only,ablation,1.0,0.0,0.0,0,5,100,"npos=5, noise=100",24,458,13.085714285714284,13.0,0.64079256152801,0.5946889350850042,0.3546666666666667,1.0082885744579624,0.4765625,0.36533333333333334,1.0,8.0,0.9631304154270623,4.0
0.0160215999931097,24,1.0,0.7058823529411765,0.8275862068965517,288,0,120,0.7642857142857142,0.8142857142857143,1.0,1.0,12,12,15.845864704181052,23.216360383017264,23,0.1304347826086956,0.2113022113022113,0.940993265993266,1.4980032240515102,24,12,12,12,0,0,0,0.82500001663963,0.6500000134110451,traj2traj,dist_int_60_40,distance_intensity,0.6,0.4,0.0,length_only,ablation,0.0,1.0,0.0,0,5,100,"npos=5, noise=100",24,458,13.085714285714284,13.0,0.606559863715036,0.3469452786769128,0.3546666666666667,1.0082885744579624,0.4765625,0.36533333333333334,1.0,8.0,0.9631304154270623,4.0
0.011442800052464,24,1.0,0.5931372549019608,0.7446153846153846,242,0,166,0.638095238095238,0.7428571428571429,1.0,1.0,12,12,13.1411545364056,22.080982350748464,23,0.1739130434782608,0.199017199017199,0.940993265993266,1.4980032240515102,24,12,12,12,0,0,0,0.1333333378036817,0.0,traj2traj,dist_int_60_40,distance_intensity,0.6,0.4,0.0,start_only,ablation,0.0,0.0,1.0,0,5,100,"npos=5, noise=100",24,458,13.085714285714284,13.0,0.5316840816840817,0.3320521178782048,0.3546666666666667,1.0082885744579624,0.4765625,0.36533333333333334,1.0,8.0,0.9631304154270623,4.0
0.147086399840191,24,1.0,0.7009803921568627,0.824207492795389,286,0,122,0.7619047619047619,0.8142857142857143,1.0,1.0,12,12,0.943381876116514,1.2834652099960884,23,0.5217391304347826,0.7862407862407862,0.940993265993266,1.4980032240515102,24,12,12,12,0,0,0,0.2463931981474161,0.1936339810490608,traj2traj,dist_int_60_40,distance_intensity,0.6,0.4,0.0,pos_len_90_10,position_length,0.9,0.1,0.0,0,5,100,"npos=5, noise=100",24,458,13.085714285714284,13.0,0.7169783727745659,0.6462878234836635,0.3546666666666667,1.0082885744579624,0.4765625,0.36533333333333334,1.0,8.0,0.9631304154270623,4.0
0.0869248998351395,24,1.0,0.7009803921568627,0.824207492795389,286,0,122,0.7619047619047619,0.8142857142857143,1.0,1.0,12,12,0.943381876116514,1.2834652099960884,23,0.5217391304347826,0.7862407862407862,0.940993265993266,1.4980032240515102,24,12,12,12,0,0,0,0.3442165615657965,0.2613616585731506,traj2traj,dist_int_60_40,distance_intensity,0.6,0.4,0.0,pos_len_75_25,position_length,0.75,0.25,0.0,0,5,100,"npos=5, noise=100",24,458,13.085714285714284,13.0,0.7169783727745659,0.6462878234836635,0.3546666666666667,1.0082885744579624,0.4765625,0.36533333333333334,1.0,8.0,0.9631304154270623,4.0
0.1257493000011891,24,1.0,0.7009803921568627,0.824207492795389,286,0,122,0.7619047619047619,0.8142857142857143,1.0,1.0,12,12,0.943381876116514,1.2834652099960884,23,0.5217391304347826,0.7862407862407862,0.940993265993266,1.4980032240515102,24,12,12,12,0,0,0,0.4420399212588866,0.3303313329815864,traj2traj,dist_int_60_40,distance_intensity,0.6,0.4,0.0,pos_len_60_40,position_length,0.6,0.4,0.0,0,5,100,"npos=5, noise=100",24,458,13.085714285714284,13.0,0.7169783727745659,0.6462878234836635,0.3546666666666667,1.0082885744579624,0.4765625,0.36533333333333334,1.0,8.0,0.9631304154270623,4.0
0.1196690001524984,24,1.0,0.5784313725490197,0.732919254658385,236,0,172,0.6238095238095238,0.7428571428571429,1.0,1.0,12,12,0.8264635031767937,1.0704347804976233,23,0.5217391304347826,0.6437346437346437,0.940993265993266,1.4980032240515102,24,12,12,12,0,0,0,0.1864695173377792,0.1347976252436638,traj2traj,dist_int_60_40,distance_intensity,0.6,0.4,0.0,pos_start_90_10,position_start,0.9,0.0,0.1,0,5,100,"npos=5, noise=100",24,458,13.085714285714284,13.0,0.6158729667048571,0.5785941164202034,0.3546666666666667,1.0082885744579624,0.4765625,0.36533333333333334,1.0,8.0,0.9631304154270623,4.0
0.0999077998567372,24,1.0,0.6053921568627451,0.7541984732824427,247,0,161,0.6642857142857143,0.8,1.0,1.0,12,12,0.8523278671807223,1.215903632989693,23,0.5217391304347826,0.6855036855036855,0.940993265993266,1.4980032240515102,24,12,12,12,0,0,0,0.1892127385362982,0.1123313605785369,traj2traj,dist_int_60_40,distance_intensity,0.6,0.4,0.0,pos_start_75_25,position_start,0.75,0.0,0.25,0,5,100,"npos=5, noise=100",24,458,13.085714285714284,13.0,0.6427999885362751,0.5973398396348945,0.3546666666666667,1.0082885744579624,0.4765625,0.36533333333333334,1.0,8.0,0.9631304154270623,4.0
0.1605676999315619,24,1.0,0.5931372549019608,0.7446153846153846,242,0,166,0.638095238095238,0.7428571428571429,1.0,1.0,12,12,0.8299672776352014,1.272254692641494,23,0.5217391304347826,0.6584766584766585,0.940993265993266,1.4980032240515102,24,12,12,12,0,0,0,0.1845683070520559,0.0898650921881198,traj2traj,dist_int_60_40,distance_intensity,0.6,0.4,0.0,pos_start_60_40,position_start,0.6,0.0,0.4,0,5,100,"npos=5, noise=100",24,458,13.085714285714284,13.0,0.6274906233118686,0.5860474175256783,0.3546666666666667,1.0082885744579624,0.4765625,0.36533333333333334,1.0,8.0,0.9631304154270623,4.0
0.1111719999462366,24,1.0,0.6151960784313726,0.7617602427921093,251,0,157,0.6785714285714285,0.8,1.0,1.0,12,12,0.8652532810058187,1.2269321728661473,23,0.5217391304347826,0.7002457002457002,0.940993265993266,1.4980032240515102,24,12,12,12,0,0,0,0.2859865967184305,0.2288122624158859,traj2traj,dist_int_60_40,distance_intensity,0.6,0.4,0.0,pos_meta_80_10_10,all_terms,0.8,0.1,0.1,0,5,100,"npos=5, noise=100",24,458,13.085714285714284,13.0,0.6523151337719949,0.6039662686509029,0.3546666666666667,1.0082885744579624,0.4765625,0.36533333333333334,1.0,8.0,0.9631304154270623,4.0
0.1439597001299262,24,1.0,0.678921568627451,0.8087591240875912,277,0,131,0.7428571428571429,0.8142857142857143,1.0,1.0,12,12,0.9340423899821632,1.257605010656301,23,0.5217391304347826,0.7665847665847666,0.940993265993266,1.4980032240515102,24,12,12,12,0,0,0,0.3646640876928965,0.2958357110619545,traj2traj,dist_int_60_40,distance_intensity,0.6,0.4,0.0,pos_meta_70_20_10,all_terms,0.7,0.2,0.1,0,5,100,"npos=5, noise=100",24,458,13.085714285714284,13.0,0.7015789037833632,0.6363793829233373,0.3546666666666667,1.0082885744579624,0.4765625,0.36533333333333334,1.0,8.0,0.9631304154270623,4.0
0.1358403998892754,24,1.0,0.6053921568627451,0.7541984732824427,247,0,161,0.6642857142857143,0.8,1.0,1.0,12,12,0.8523278671807223,1.215903632989693,23,0.5217391304347826,0.6855036855036855,0.940993265993266,1.4980032240515102,24,12,12,12,0,0,0,0.3863701882461707,0.2778591886162758,traj2traj,dist_int_60_40,distance_intensity,0.6,0.4,0.0,pos_meta_60_20_20,all_terms,0.6,0.2,0.2,0,5,100,"npos=5, noise=100",24,458,13.085714285714284,13.0,0.6427999885362751,0.5973398396348945,0.3546666666666667,1.0082885744579624,0.4765625,0.36533333333333334,1.0,8.0,0.9631304154270623,4.0
0.1241715000942349,24,1.0,0.6151960784313726,0.7617602427921093,251,0,157,0.6761904761904761,0.8,1.0,1.0,12,12,0.8590657225846501,1.3899232010280738,23,0.4782608695652174,0.6683046683046683,0.940993265993266,1.4980032240515102,24,12,12,12,0,0,0,0.5018281983211637,0.3495006859302521,traj2traj,dist_int_60_40,distance_intensity,0.6,0.4,0.0,equal_all,all_terms,0.3333333333333333,0.3333333333333333,0.3333333333333333,0,5,100,"npos=5, noise=100",24,458,13.085714285714284,13.0,0.6469519442296815,0.5783516110797234,0.3546666666666667,1.0082885744579624,0.4765625,0.36533333333333334,1.0,8.0,0.9631304154270623,4.0
0.1937344998586923,26,1.0,0.5735294117647058,0.7289719626168224,234,0,174,0.6142857142857142,0.6428571428571428,1.0,1.0,12,14,1.2094413379375215,1.4063271398505912,26,0.4615384615384615,0.6386138613861386,0.933393999212077,1.469812511915194,26,12,12,14,0,0,0,0.1839840039610862,0.1792604774236679,traj2traj,dist_int_60_40,distance_intensity,0.6,0.4,0.0,position_only,ablation,1.0,0.0,0.0,1,5,100,"npos=5, noise=100",26,475,13.571428571428571,13.0,0.6093140840704948,0.5514918139138552,0.3773333333333333,1.0997558422057867,0.4985563041385948,0.38533333333333336,1.0,6.0,0.9505609715980109,3.6
0.0140601999592036,26,1.0,0.6274509803921569,0.7710843373493976,256,0,152,0.6666666666666666,0.6571428571428571,1.0,1.0,12,14,42.6584729708174,40.20958504952103,26,0.0769230769230769,0.1089108910891089,0.933393999212077,1.469812511915194,26,12,12,14,0,0,0,1.166666659216086,1.199999988079071,traj2traj,dist_int_60_40,distance_intensity,0.6,0.4,0.0,length_only,ablation,0.0,1.0,0.0,1,5,100,"npos=5, noise=100",26,475,13.571428571428571,13.0,0.5385454690047318,0.2788804876780542,0.3773333333333333,1.0997558422057867,0.4985563041385948,0.38533333333333336,1.0,6.0,0.9505609715980109,3.6
0.0176853998564183,26,1.0,0.5367647058823529,0.6985645933014354,219,0,189,0.569047619047619,0.5714285714285714,1.0,1.0,12,14,42.227596253986974,36.69293025677809,26,0.0384615384615384,0.0717821782178217,0.933393999212077,1.469812511915194,26,12,12,14,0,0,0,0.2000000054637591,0.0,traj2traj,dist_int_60_40,distance_intensity,0.6,0.4,0.0,start_only,ablation,0.0,0.0,1.0,1,5,100,"npos=5, noise=100",26,475,13.571428571428571,13.0,0.4723115281452956,0.2299478405041198,0.3773333333333333,1.0997558422057867,0.4985563041385948,0.38533333333333336,1.0,6.0,0.9505609715980109,3.6
0.1166320000775158,26,1.0,0.6200980392156863,0.7655068078668684,253,0,155,0.6571428571428571,0.6571428571428571,1.0,1.0,12,14,1.2098681281183432,1.4436005725798993,26,0.4615384615384615,0.6831683168316832,0.933393999212077,1.469812511915194,26,12,12,14,0,0,0,0.2908346690237522,0.2931557446718216,traj2traj,dist_int_60_40,distance_intensity,0.6,0.4,0.0,pos_len_90_10,position_length,0.9,0.1,0.0,1,5,100,"npos=5, noise=100",26,475,13.571428571428571,13.0,0.6449773602634572,0.5742231111109649,0.3773333333333333,1.0997558422057867,0.4985563041385948,0.38533333333333336,1.0,6.0,0.9505609715980109,3.6
0.1772863999940455,26,1.0,0.6200980392156863,0.7655068078668684,253,0,155,0.6571428571428571,0.6571428571428571,1.0,1.0,12,14,1.2098681281183432,1.4436005725798993,26,0.4615384615384615,0.6831683168316832,0.933393999212077,1.469812511915194,26,12,12,14,0,0,0,0.4423622364799182,0.4442964643239975,traj2traj,dist_int_60_40,distance_intensity,0.6,0.4,0.0,pos_len_75_25,position_length,0.75,0.25,0.0,1,5,100,"npos=5, noise=100",26,475,13.571428571428571,13.0,0.6449773602634572,0.5742231111109649,0.3773333333333333,1.0997558422057867,0.4985563041385948,0.38533333333333336,1.0,6.0,0.9505609715980109,3.6
0.2532599000260234,26,1.0,0.6200980392156863,0.7655068078668684,253,0,155,0.6571428571428571,0.6571428571428571,1.0,1.0,12,14,1.2098681281183432,1.4436005725798993,26,0.4615384615384615,0.6831683168316832,0.933393999212077,1.469812511915194,26,12,12,14,0,0,0,0.5938897778590521,0.5954371690750122,traj2traj,dist_int_60_40,distance_intensity,0.6,0.4,0.0,pos_len_60_40,position_length,0.6,0.4,0.0,1,5,100,"npos=5, noise=100",26,475,13.571428571428571,13.0,0.6449773602634572,0.5742231111109649,0.3773333333333333,1.0997558422057867,0.4985563041385948,0.38533333333333336,1.0,6.0,0.9505609715980109,3.6
0.1673977000173181,26,1.0,0.5367647058823529,0.6985645933014354,219,0,189,0.5690476190476191,0.5714285714285714,1.0,1.0,12,14,1.1917174248459252,1.428656823738918,26,0.4615384615384615,0.5915841584158416,0.933393999212077,1.469812511915194,26,12,12,14,0,0,0,0.1975568793714046,0.2014114782214164,traj2traj,dist_int_60_40,distance_intensity,0.6,0.4,0.0,pos_start_90_10,position_start,0.9,0.0,0.1,1,5,100,"npos=5, noise=100",26,475,13.571428571428571,13.0,0.5758128848318265,0.529129104784394,0.3773333333333333,1.0997558422057867,0.4985563041385948,0.38533333333333336,1.0,6.0,0.9505609715980109,3.6
0.1680546000134199,26,1.0,0.5367647058823529,0.6985645933014354,219,0,189,0.5690476190476191,0.5714285714285714,1.0,1.0,12,14,1.1917174248459252,1.428656823738918,26,0.4615384615384615,0.5915841584158416,0.933393999212077,1.469812511915194,26,12,12,14,0,0,0,0.1979640685021877,0.1755460426211357,traj2traj,dist_int_60_40,distance_intensity,0.6,0.4,0.0,pos_start_75_25,position_start,0.75,0.0,0.25,1,5,100,"npos=5, noise=100",26,475,13.571428571428571,13.0,0.5758128848318265,0.529129104784394,0.3773333333333333,1.0997558422057867,0.4985563041385948,0.38533333333333336,1.0,6.0,0.9505609715980109,3.6
0.0841035000048577,26,1.0,0.5367647058823529,0.6985645933014354,219,0,189,0.5690476190476191,0.5714285714285714,1.0,1.0,12,14,1.1917174248459252,1.428656823738918,26,0.4615384615384615,0.5915841584158416,0.933393999212077,1.469812511915194,26,12,12,14,0,0,0,0.1983712601164976,0.1404368430376052,traj2traj,dist_int_60_40,distance_intensity,0.6,0.4,0.0,pos_start_60_40,position_start,0.6,0.0,0.4,1,5,100,"npos=5, noise=100",26,475,13.571428571428571,13.0,0.5758128848318265,0.529129104784394,0.3773333333333333,1.0997558422057867,0.4985563041385948,0.38533333333333336,1.0,6.0,0.9505609715980109,3.6
0.0960065999533981,26,1.0,0.6151960784313726,0.7617602427921093,251,0,157,0.65,0.6571428571428571,1.0,1.0,12,14,1.209898450667417,1.4355557518281712,26,0.4615384615384615,0.6757425742574258,0.933393999212077,1.469812511915194,26,12,12,14,0,0,0,0.3207690641283989,0.3305875957012176,traj2traj,dist_int_60_40,distance_intensity,0.6,0.4,0.0,pos_meta_80_10_10,all_terms,0.8,0.1,0.1,1,5,100,"npos=5, noise=100",26,475,13.571428571428571,13.0,0.6402043883446658,0.5709030767381629,0.3773333333333333,1.0997558422057867,0.4985563041385948,0.38533333333333336,1.0,6.0,0.9505609715980109,3.6
0.1770738000050187,26,1.0,0.6151960784313726,0.7617602427921093,251,0,157,0.65,0.6571428571428571,1.0,1.0,12,14,1.209898450667417,1.4355557518281712,26,0.4615384615384615,0.6757425742574258,0.933393999212077,1.469812511915194,26,12,12,14,0,0,0,0.4243187581499417,0.4580141454935074,traj2traj,dist_int_60_40,distance_intensity,0.6,0.4,0.0,pos_meta_70_20_10,all_terms,0.7,0.2,0.1,1,5,100,"npos=5, noise=100",26,475,13.571428571428571,13.0,0.6402043883446658,0.5709030767381629,0.3773333333333333,1.0997558422057867,0.4985563041385948,0.38533333333333336,1.0,6.0,0.9505609715980109,3.6
0.1364799998700618,26,1.0,0.6151960784313726,0.7617602427921093,251,0,157,0.65,0.6571428571428571,1.0,1.0,12,14,1.209898450667417,1.4355557518281712,26,0.4615384615384615,0.6757425742574258,0.933393999212077,1.469812511915194,26,12,12,14,0,0,0,0.4520351390043894,0.4354407042264938,traj2traj,dist_int_60_40,distance_intensity,0.6,0.4,0.0,pos_meta_60_20_20,all_terms,0.6,0.2,0.2,1,5,100,"npos=5, noise=100",26,475,13.571428571428571,13.0,0.6402043883446658,0.5709030767381629,0.3773333333333333,1.0997558422057867,0.4985563041385948,0.38533333333333336,1.0,6.0,0.9505609715980109,3.6
0.2054924999829381,26,1.0,0.6151960784313726,0.7617602427921093,251,0,157,0.65,0.6571428571428571,1.0,1.0,12,14,1.209898450667417,1.4355557518281712,26,0.4615384615384615,0.6757425742574258,0.933393999212077,1.469812511915194,26,12,12,14,0,0,0,0.6270565638939539,0.614145427942276,traj2traj,dist_int_60_40,distance_intensity,0.6,0.4,0.0,equal_all,all_terms,0.3333333333333333,0.3333333333333333,0.3333333333333333,1,5,100,"npos=5, noise=100",26,475,13.571428571428571,13.0,0.6402043883446658,0.5709030767381629,0.3773333333333333,1.0997558422057867,0.4985563041385948,0.38533333333333336,1.0,6.0,0.9505609715980109,3.6
0.224526299862191,21,1.0,0.6029411764705882,0.7522935779816513,246,0,162,0.6380952380952382,0.7428571428571429,1.0,1.0,12,9,0.7906177223998634,1.058645677245498,21,0.5714285714285714,0.67,0.9964726631393296,0.76303584750089,21,12,12,9,0,0,0,0.1285058117161194,0.1069254167377948,traj2traj,dist_int_60_40,distance_intensity,0.6,0.4,0.0,position_only,ablation,1.0,0.0,0.0,2,5,100,"npos=5, noise=100",21,447,12.771428571428572,13.0,0.6332057820556357,0.6103396679772826,0.41333333333333333,1.3056814255589713,0.5088536812674743,0.43066666666666664,1.0,13.0,1.1197473781799803,5.6
0.0194936001207679,21,1.0,0.7598039215686274,0.8635097493036211,310,0,98,0.7952380952380952,0.8428571428571429,1.0,1.0,12,9,48.08867943439218,48.17937666454433,21,0.0476190476190476,0.0325,0.9964726631393296,0.76303584750089,21,12,12,9,0,0,0,0.7166666804502407,0.550000011920929,traj2traj,dist_int_60_40,distance_intensity,0.6,0.4,0.0,length_only,ablation,0.0,1.0,0.0,2,5,100,"npos=5, noise=100",21,447,12.771428571428572,13.0,0.6054393984613343,0.2793983784321528,0.41333333333333333,1.3056814255589713,0.5088536812674743,0.43066666666666664,1.0,13.0,1.1197473781799803,5.6
0.0095655999612063,21,1.0,0.6985294117647058,0.8225108225108225,285,0,123,0.7333333333333334,0.8428571428571429,1.0,1.0,12,9,49.72777763896905,50.96839536678368,21,0.0,0.0,0.9964726631393296,0.76303584750089,21,12,12,9,0,0,0,0.0833333345750967,0.0,traj2traj,dist_int_60_40,distance_intensity,0.6,0.4,0.0,start_only,ablation,0.0,0.0,1.0,2,5,100,"npos=5, noise=100",21,447,12.771428571428572,13.0,0.5645887445887445,0.2378354978354978,0.41333333333333333,1.3056814255589713,0.5088536812674743,0.43066666666666664,1.0,13.0,1.1197473781799803,5.6
0.1051073998678475,21,1.0,0.75,0.8571428571428571,306,0,102,0.7857142857142857,0.8428571428571429,1.0,1.0,12,9,0.7798387140591982,1.0130351189786393,21,0.5714285714285714,0.825,0.9964726631393296,0.76303584750089,21,12,12,9,0,0,0,0.1933144566913446,0.1830527707934379,traj2traj,dist_int_60_40,distance_intensity,0.6,0.4,0.0,pos_len_90_10,position_length,0.9,0.1,0.0,2,5,100,"npos=5, noise=100",21,447,12.771428571428572,13.0,0.745825604822278,0.6848214285714285,0.41333333333333333,1.3056814255589713,0.5088536812674743,0.43066666666666664,1.0,13.0,1.1197473781799803,5.6
0.1036564998794347,21,1.0,0.75,0.8571428571428571,306,0,102,0.7857142857142857,0.8428571428571429,1.0,1.0,12,9,0.7798387140591982,1.0130351189786393,21,0.5714285714285714,0.825,0.9964726631393296,0.76303584750089,21,12,12,9,0,0,0,0.2860953838874896,0.2653510123491287,traj2traj,dist_int_60_40,distance_intensity,0.6,0.4,0.0,pos_len_75_25,position_length,0.75,0.25,0.0,2,5,100,"npos=5, noise=100",21,447,12.771428571428572,13.0,0.745825604822278,0.6848214285714285,0.41333333333333333,1.3056814255589713,0.5088536812674743,0.43066666666666664,1.0,13.0,1.1197473781799803,5.6
0.1015371999237686,21,1.0,0.75,0.8571428571428571,306,0,102,0.7857142857142857,0.8428571428571429,1.0,1.0,12,9,0.7798387140591982,1.0130351189786393,21,0.5714285714285714,0.825,0.9964726631393296,0.76303584750089,21,12,12,9,0,0,0,0.3788763014599681,0.3317292183637619,traj2traj,dist_int_60_40,distance_intensity,0.6,0.4,0.0,pos_len_60_40,position_length,0.6,0.4,0.0,2,5,100,"npos=5, noise=100",21,447,12.771428571428572,13.0,0.745825604822278,0.6848214285714285,0.41333333333333333,1.3056814255589713,0.5088536812674743,0.43066666666666664,1.0,13.0,1.1197473781799803,5.6
0.2481910998467356,21,1.0,0.6446078431372549,0.7839046199701938,263,0,145,0.6809523809523811,0.8,1.0,1.0,12,9,0.7550536171581091,0.9552052028949536,21,0.5714285714285714,0.715,0.9964726631393296,0.76303584750089,21,12,12,9,0,0,0,0.137038579210639,0.0962328724563121,traj2traj,dist_int_60_40,distance_intensity,0.6,0.4,0.0,pos_start_90_10,position_start,0.9,0.0,0.1,2,5,100,"npos=5, noise=100",21,447,12.771428571428572,13.0,0.6666089541588492,0.6321975906607055,0.41333333333333333,1.3056814255589713,0.5088536812674743,0.43066666666666664,1.0,13.0,1.1197473781799803,5.6
0.2301849999930709,21,1.0,0.6446078431372549,0.7839046199701938,263,0,145,0.6809523809523811,0.8,1.0,1.0,12,9,0.7550536171581091,0.9552052028949536,21,0.5714285714285714,0.715,0.9964726631393296,0.76303584750089,21,12,12,9,0,0,0,0.1391988185544808,0.0801940634846687,traj2traj,dist_int_60_40,distance_intensity,0.6,0.4,0.0,pos_start_75_25,position_start,0.75,0.0,0.25,2,5,100,"npos=5, noise=100",21,447,12.771428571428572,13.0,0.6666089541588492,0.6321975906607055,0.41333333333333333,1.3056814255589713,0.5088536812674743,0.43066666666666664,1.0,13.0,1.1197473781799803,5.6
0.158472899813205,21,1.0,0.6446078431372549,0.7839046199701938,263,0,145,0.6809523809523811,0.8,1.0,1.0,12,9,0.7550536171581091,0.9552052028949536,21,0.5714285714285714,0.715,0.9964726631393296,0.76303584750089,21,12,12,9,0,0,0,0.1413590591400861,0.0641552526503801,traj2traj,dist_int_60_40,distance_intensity,0.6,0.4,0.0,pos_start_60_40,position_start,0.6,0.0,0.4,2,5,100,"npos=5, noise=100",21,447,12.771428571428572,13.0,0.6666089541588492,0.6321975906607055,0.41333333333333333,1.3056814255589713,0.5088536812674743,0.43066666666666664,1.0,13.0,1.1197473781799803,5.6
0.1538041001185774,21,1.0,0.7475490196078431,0.8555399719495091,305,0,103,0.7833333333333333,0.8428571428571429,1.0,1.0,12,9,0.7876129817491841,1.0176645010134686,21,0.5714285714285714,0.8225,0.9964726631393296,0.76303584750089,21,12,12,9,0,0,0,0.2179214830199877,0.1799357905983925,traj2traj,dist_int_60_40,distance_intensity,0.6,0.4,0.0,pos_meta_80_10_10,all_terms,0.8,0.1,0.1,2,5,100,"npos=5, noise=100",21,447,12.771428571428572,13.0,0.7440247706265285,0.6836377562946638,0.41333333333333333,1.3056814255589713,0.5088536812674743,0.43066666666666664,1.0,13.0,1.1197473781799803,5.6
0.1571922001894563,21,1.0,0.7475490196078431,0.8555399719495091,305,0,103,0.7833333333333333,0.8428571428571429,1.0,1.0,12,9,0.7876129817491841,1.0176645010134686,21,0.5714285714285714,0.8225,0.9964726631393296,0.76303584750089,21,12,12,9,0,0,0,0.2803687984123826,0.2243276014924049,traj2traj,dist_int_60_40,distance_intensity,0.6,0.4,0.0,pos_meta_70_20_10,all_terms,0.7,0.2,0.1,2,5,100,"npos=5, noise=100",21,447,12.771428571428572,13.0,0.7440247706265285,0.6836377562946638,0.41333333333333333,1.3056814255589713,0.5088536812674743,0.43066666666666664,1.0,13.0,1.1197473781799803,5.6
0.0941190999001264,21,1.0,0.7475490196078431,0.8555399719495091,305,0,103,0.7833333333333333,0.8428571428571429,1.0,1.0,12,9,0.7876129817491841,1.0176645010134686,21,0.5714285714285714,0.8225,0.9964726631393296,0.76303584750089,21,12,12,9,0,0,0,0.3019827806080381,0.2122808024287223,traj2traj,dist_int_60_40,distance_intensity,0.6,0.4,0.0,pos_meta_60_20_20,all_terms,0.6,0.2,0.2,2,5,100,"npos=5, noise=100",21,447,12.771428571428572,13.0,0.7440247706265285,0.6836377562946638,0.41333333333333333,1.3056814255589713,0.5088536812674743,0.43066666666666664,1.0,13.0,1.1197473781799803,5.6
0.1409942999016493,21,1.0,0.7524509803921569,0.8587412587412587,307,0,101,0.7857142857142857,0.8428571428571429,1.0,1.0,12,9,0.7917791218432536,1.2527597168959224,21,0.5238095238095238,0.8025,0.9964726631393296,0.76303584750089,21,12,12,9,0,0,0,0.3965628972897927,0.2734893411397934,traj2traj,dist_int_60_40,distance_intensity,0.6,0.4,0.0,equal_all,all_terms,0.3333333333333333,0.3333333333333333,0.3333333333333333,2,5,100,"npos=5, noise=100",21,447,12.771428571428572,13.0,0.7432050290922886,0.6604684898434898,0.41333333333333333,1.3056814255589713,0.5088536812674743,0.43066666666666664,1.0,13.0,1.1197473781799803,5.6
0.0883019000757485,26,1.0,0.553921568627451,0.7129337539432177,226,0,182,0.6,0.5285714285714285,1.0,1.0,12,14,0.7621807461320844,1.0378274310383044,26,0.4615384615384615,0.6253101736972705,0.9725274725274724,1.6367728906024606,26,12,12,14,0,0,0,0.1531629810730616,0.1469279751181602,traj2traj,dist_int_60_40,distance_intensity,0.6,0.4,0.0,position_only,ablation,1.0,0.0,0.0,3,5,100,"npos=5, noise=100",26,464,13.257142857142858,13.0,0.597405225228204,0.5435296788283459,0.30800000000000005,1.6364018331960763,0.3370110330992979,0.328,0.9959514170040485,14.0,1.292252335793773,6.6
0.0321910998318344,26,1.0,0.6372549019607843,0.778443113772455,260,0,148,0.688095238095238,0.5714285714285714,1.0,1.0,12,14,60.09846139709832,60.13844874480336,26,0.0384615384615384,0.0397022332506203,0.9725274725274724,1.6367728906024606,26,12,12,14,0,0,0,1.091666666790843,1.5,traj2traj,dist_int_60_40,distance_intensity,0.6,0.4,0.0,length_only,ablation,0.0,1.0,0.0,3,5,100,"npos=5, noise=100",26,464,13.257142857142858,13.0,0.53720070139763,0.2498083202612853,0.30800000000000005,1.6364018331960763,0.3370110330992979,0.328,0.9959514170040485,14.0,1.292252335793773,6.6
0.014596400083974,26,1.0,0.5857843137254902,0.7387944358578052,239,0,169,0.6333333333333334,0.5714285714285714,1.0,1.0,12,14,57.448198358149526,60.9173306571748,26,0.0384615384615384,0.0223325062034739,0.9725274725274724,1.6367728906024606,26,12,12,14,0,0,0,0.0166666669150193,0.0,traj2traj,dist_int_60_40,distance_intensity,0.6,0.4,0.0,start_only,ablation,0.0,0.0,1.0,3,5,100,"npos=5, noise=100",26,464,13.257142857142858,13.0,0.501080427192757,0.2320599624403782,0.30800000000000005,1.6364018331960763,0.3370110330992979,0.328,0.9959514170040485,14.0,1.292252335793773,6.6
0.1081211001146584,26,1.0,0.6078431372549019,0.7560975609756097,248,0,160,0.6547619047619048,0.5714285714285714,1.0,1.0,12,14,0.8107868263519251,1.1654932090042018,26,0.4615384615384615,0.6823821339950372,0.9725274725274724,1.6367728906024606,26,12,12,14,0,0,0,0.2717683228353659,0.340777039527893,traj2traj,dist_int_60_40,distance_intensity,0.6,0.4,0.0,pos_len_90_10,position_length,0.9,0.1,0.0,3,5,100,"npos=5, noise=100",26,464,13.257142857142858,13.0,0.6410561261787169,0.5719066207854564,0.30800000000000005,1.6364018331960763,0.3370110330992979,0.328,0.9959514170040485,14.0,1.292252335793773,6.6
0.159368900116533,26,1.0,0.6274509803921569,0.7710843373493976,256,0,152,0.6714285714285714,0.5714285714285714,1.0,1.0,12,14,0.8512628990825394,1.1984264180321798,26,0.4615384615384615,0.6997518610421837,0.9725274725274724,1.6367728906024606,26,12,12,14,0,0,0,0.418309014601012,0.5473797619342804,traj2traj,dist_int_60_40,distance_intensity,0.6,0.4,0.0,pos_len_75_25,position_length,0.75,0.25,0.0,3,5,100,"npos=5, noise=100",26,464,13.257142857142858,13.0,0.6551698548166097,0.5809130744886672,0.30800000000000005,1.6364018331960763,0.3370110330992979,0.328,0.9959514170040485,14.0,1.292252335793773,6.6
0.1177986001130193,26,1.0,0.6274509803921569,0.7710843373493976,256,0,152,0.6714285714285714,0.5714285714285714,1.0,1.0,12,14,0.8512628990825394,1.1984264180321798,26,0.4615384615384615,0.6997518610421837,0.9725274725274724,1.6367728906024606,26,12,12,14,0,0,0,0.564647214487195,0.7379038035869598,traj2traj,dist_int_60_40,distance_intensity,0.6,0.4,0.0,pos_len_60_40,position_length,0.6,0.4,0.0,3,5,100,"npos=5, noise=100",26,464,13.257142857142858,13.0,0.6551698548166097,0.5809130744886672,0.30800000000000005,1.6364018331960763,0.3370110330992979,0.328,0.9959514170040485,14.0,1.292252335793773,6.6
0.1835910999216139,26,1.0,0.5857843137254902,0.7387944358578052,239,0,169,0.6333333333333333,0.5714285714285714,1.0,1.0,12,14,0.7817956449074936,1.1169567265396807,26,0.4615384615384615,0.6600496277915633,0.9725274725274724,1.6367728906024606,26,12,12,14,0,0,0,0.148035908738772,0.1604319587349891,traj2traj,dist_int_60_40,distance_intensity,0.6,0.4,0.0,pos_start_90_10,position_start,0.9,0.0,0.1,3,5,100,"npos=5, noise=100",26,464,13.257142857142858,13.0,0.6238062617625674,0.5607200120681698,0.30800000000000005,1.6364018331960763,0.3370110330992979,0.328,0.9959514170040485,14.0,1.292252335793773,6.6
0.1269594999030232,26,1.0,0.5857843137254902,0.7387944358578052,239,0,169,0.6333333333333333,0.5714285714285714,1.0,1.0,12,14,0.7817956449074936,1.1169567265396807,26,0.4615384615384615,0.6600496277915633,0.9725274725274724,1.6367728906024606,26,12,12,14,0,0,0,0.1261410371710856,0.1464516595005989,traj2traj,dist_int_60_40,distance_intensity,0.6,0.4,0.0,pos_start_75_25,position_start,0.75,0.0,0.25,3,5,100,"npos=5, noise=100",26,464,13.257142857142858,13.0,0.6238062617625674,0.5607200120681698,0.30800000000000005,1.6364018331960763,0.3370110330992979,0.328,0.9959514170040485,14.0,1.292252335793773,6.6
0.133723400067538,26,1.0,0.5857843137254902,0.7387944358578052,239,0,169,0.6333333333333333,0.5714285714285714,1.0,1.0,12,14,0.7817956449074936,1.1169567265396807,26,0.4615384615384615,0.6600496277915633,0.9725274725274724,1.6367728906024606,26,12,12,14,0,0,0,0.1042461668451627,0.1171613335609436,traj2traj,dist_int_60_40,distance_intensity,0.6,0.4,0.0,pos_start_60_40,position_start,0.6,0.0,0.4,3,5,100,"npos=5, noise=100",26,464,13.257142857142858,13.0,0.6238062617625674,0.5607200120681698,0.30800000000000005,1.6364018331960763,0.3370110330992979,0.328,0.9959514170040485,14.0,1.292252335793773,6.6
0.1083416999317705,26,1.0,0.5857843137254902,0.7387944358578052,239,0,169,0.6333333333333333,0.5714285714285714,1.0,1.0,12,14,0.7817956449074936,1.1169567265396807,26,0.4615384615384615,0.6600496277915633,0.9725274725274724,1.6367728906024606,26,12,12,14,0,0,0,0.2601059945300221,0.3262151032686233,traj2traj,dist_int_60_40,distance_intensity,0.6,0.4,0.0,pos_meta_80_10_10,all_terms,0.8,0.1,0.1,3,5,100,"npos=5, noise=100",26,464,13.257142857142858,13.0,0.6238062617625674,0.5607200120681698,0.30800000000000005,1.6364018331960763,0.3370110330992979,0.328,0.9959514170040485,14.0,1.292252335793773,6.6
0.1273527001030743,26,1.0,0.5857843137254902,0.7387944358578052,239,0,169,0.6333333333333333,0.5714285714285714,1.0,1.0,12,14,0.7817956449074936,1.1169567265396807,26,0.4615384615384615,0.6600496277915633,0.9725274725274724,1.6367728906024606,26,12,12,14,0,0,0,0.3721760747333367,0.4623070955276489,traj2traj,dist_int_60_40,distance_intensity,0.6,0.4,0.0,pos_meta_70_20_10,all_terms,0.7,0.2,0.1,3,5,100,"npos=5, noise=100",26,464,13.257142857142858,13.0,0.6238062617625674,0.5607200120681698,0.30800000000000005,1.6364018331960763,0.3370110330992979,0.328,0.9959514170040485,14.0,1.292252335793773,6.6
0.1029890000354498,26,1.0,0.5857843137254902,0.7387944358578052,239,0,169,0.6333333333333333,0.5714285714285714,1.0,1.0,12,14,0.7817956449074936,1.1169567265396807,26,0.4615384615384615,0.6600496277915633,0.9725274725274724,1.6367728906024606,26,12,12,14,0,0,0,0.3575794969995816,0.4391203820705414,traj2traj,dist_int_60_40,distance_intensity,0.6,0.4,0.0,pos_meta_60_20_20,all_terms,0.6,0.2,0.2,3,5,100,"npos=5, noise=100",26,464,13.257142857142858,13.0,0.6238062617625674,0.5607200120681698,0.30800000000000005,1.6364018331960763,0.3370110330992979,0.328,0.9959514170040485,14.0,1.292252335793773,6.6
0.1248109999578446,26,1.0,0.5857843137254902,0.7387944358578052,239,0,169,0.6333333333333333,0.5714285714285714,1.0,1.0,12,14,0.7817956449074936,1.1169567265396807,26,0.4615384615384615,0.6600496277915633,0.9725274725274724,1.6367728906024606,26,12,12,14,0,0,0,0.4875441757030785,0.5772891342639923,traj2traj,dist_int_60_40,distance_intensity,0.6,0.4,0.0,equal_all,all_terms,0.3333333333333333,0.3333333333333333,0.3333333333333333,3,5,100,"npos=5, noise=100",26,464,13.257142857142858,13.0,0.6238062617625674,0.5607200120681698,0.30800000000000005,1.6364018331960763,0.3370110330992979,0.328,0.9959514170040485,14.0,1.292252335793773,6.6
0.1074730998370796,24,1.0,0.5171568627450981,0.6817447495961229,211,0,197,0.5499999999999999,0.5714285714285714,1.0,1.0,12,12,0.8370757406799723,1.1272330014061076,24,0.5,0.5923076923076923,0.9899451447245564,1.663429048512571,24,12,12,12,0,0,0,0.165090157960852,0.17057915776968,traj2traj,dist_int_60_40,distance_intensity,0.6,0.4,0.0,position_only,ablation,1.0,0.0,0.0,0,10,140,"npos=10, noise=140",24,437,12.485714285714286,12.0,0.5640794946166653,0.5394258729961476,0.3546666666666667,1.0082885744579624,0.4765625,0.36533333333333334,1.0,8.0,0.9631304154270623,4.0
0.0149410001467913,24,1.0,0.6617647058823529,0.7964601769911505,270,0,138,0.6833333333333332,0.6571428571428571,1.0,1.0,12,12,51.95179843711493,58.808860512977525,24,0.0416666666666666,0.041025641025641,0.9899451447245564,1.663429048512571,24,12,12,12,0,0,0,1.1083333274970453,1.2000000476837158,traj2traj,dist_int_60_40,distance_intensity,0.6,0.4,0.0,length_only,ablation,0.0,1.0,0.0,0,10,140,"npos=10, noise=140",24,437,12.485714285714286,12.0,0.5452172679827547,0.2545484456546404,0.3546666666666667,1.0082885744579624,0.4765625,0.36533333333333334,1.0,8.0,0.9631304154270623,4.0
0.0170901999808847,24,1.0,0.5612745098039216,0.7189952904238619,229,0,179,0.5952380952380952,0.5714285714285714,1.0,1.0,12,12,65.55411448682054,64.54668050486778,24,0.0416666666666666,0.0282051282051282,0.9899451447245564,1.663429048512571,24,12,12,12,0,0,0,0.1166666708886623,0.0,traj2traj,dist_int_60_40,distance_intensity,0.6,0.4,0.0,start_only,ablation,0.0,0.0,1.0,0,10,140,"npos=10, noise=140",24,437,12.485714285714286,12.0,0.482537938252224,0.2270408163265306,0.3546666666666667,1.0082885744579624,0.4765625,0.36533333333333334,1.0,8.0,0.9631304154270623,4.0
0.1699520000256598,24,1.0,0.6519607843137255,0.7893175074183977,266,0,142,0.6738095238095237,0.6571428571428571,1.0,1.0,12,12,0.9957420674023182,1.3240358868701096,24,0.5,0.7256410256410256,0.9899451447245564,1.663429048512571,24,12,12,12,0,0,0,0.280882162352403,0.2994513809680938,traj2traj,dist_int_60_40,distance_intensity,0.6,0.4,0.0,pos_len_90_10,position_length,0.9,0.1,0.0,0,10,140,"npos=10, noise=140",24,437,12.485714285714286,12.0,0.6682232557549749,0.6066547102748883,0.3546666666666667,1.0082885744579624,0.4765625,0.36533333333333334,1.0,8.0,0.9631304154270623,4.0
0.1637357000727206,24,1.0,0.6519607843137255,0.7893175074183977,266,0,142,0.6738095238095237,0.6571428571428571,1.0,1.0,12,12,0.9957420674023182,1.3240358868701096,24,0.5,0.7256410256410256,0.9899451447245564,1.663429048512571,24,12,12,12,0,0,0,0.4243462470670541,0.4662094861268997,traj2traj,dist_int_60_40,distance_intensity,0.6,0.4,0.0,pos_len_75_25,position_length,0.75,0.25,0.0,0,10,140,"npos=10, noise=140",24,437,12.485714285714286,12.0,0.6682232557549749,0.6066547102748883,0.3546666666666667,1.0082885744579624,0.4765625,0.36533333333333334,1.0,8.0,0.9631304154270623,4.0
0.1326718998607248,24,1.0,0.6519607843137255,0.7893175074183977,266,0,142,0.6738095238095237,0.6571428571428571,1.0,1.0,12,12,0.9957420674023182,1.3240358868701096,24,0.5,0.7256410256410256,0.9899451447245564,1.663429048512571,24,12,12,12,0,0,0,0.5678103404740492,0.6231988668441772,traj2traj,dist_int_60_40,distance_intensity,0.6,0.4,0.0,pos_len_60_40,position_length,0.6,0.4,0.0,0,10,140,"npos=10, noise=140",24,437,12.485714285714286,12.0,0.6682232557549749,0.6066547102748883,0.3546666666666667,1.0082885744579624,0.4765625,0.36533333333333334,1.0,8.0,0.9631304154270623,4.0
0.1119738998822867,24,1.0,0.5931372549019608,0.7446153846153846,242,0,166,0.6214285714285716,0.5714285714285714,1.0,1.0,12,12,0.9217283397099648,1.2919601141086916,24,0.5,0.6692307692307692,0.9899451447245564,1.663429048512571,24,12,12,12,0,0,0,0.18193496329089,0.1639030948281288,traj2traj,dist_int_60_40,distance_intensity,0.6,0.4,0.0,pos_start_90_10,position_start,0.9,0.0,0.1,0,10,140,"npos=10, noise=140",24,437,12.485714285714286,12.0,0.6245929692755382,0.5783736263736264,0.3546666666666667,1.0082885744579624,0.4765625,0.36533333333333334,1.0,8.0,0.9631304154270623,4.0
0.11334879999049,24,1.0,0.5931372549019608,0.7446153846153846,242,0,166,0.6214285714285716,0.5714285714285714,1.0,1.0,12,12,0.9217283397099648,1.2919601141086916,24,0.5,0.6692307692307692,0.9899451447245564,1.663429048512571,24,12,12,12,0,0,0,0.182168030180037,0.136585921049118,traj2traj,dist_int_60_40,distance_intensity,0.6,0.4,0.0,pos_start_75_25,position_start,0.75,0.0,0.25,0,10,140,"npos=10, noise=140",24,437,12.485714285714286,12.0,0.6245929692755382,0.5783736263736264,0.3546666666666667,1.0082885744579624,0.4765625,0.36533333333333334,1.0,8.0,0.9631304154270623,4.0
0.0894977999851107,24,1.0,0.5931372549019608,0.7446153846153846,242,0,166,0.6214285714285716,0.5714285714285714,1.0,1.0,12,12,0.9217283397099648,1.2919601141086916,24,0.5,0.6692307692307692,0.9899451447245564,1.663429048512571,24,12,12,12,0,0,0,0.1824010939647754,0.1092687398195266,traj2traj,dist_int_60_40,distance_intensity,0.6,0.4,0.0,pos_start_60_40,position_start,0.6,0.0,0.4,0,10,140,"npos=10, noise=140",24,437,12.485714285714286,12.0,0.6245929692755382,0.5783736263736264,0.3546666666666667,1.0082885744579624,0.4765625,0.36533333333333334,1.0,8.0,0.9631304154270623,4.0
0.2242966999765485,24,1.0,0.5931372549019608,0.7446153846153846,242,0,166,0.6214285714285716,0.5714285714285714,1.0,1.0,12,12,0.9217283397099648,1.2919601141086916,24,0.5,0.6692307692307692,0.9899451447245564,1.663429048512571,24,12,12,12,0,0,0,0.2962570091088612,0.321017637848854,traj2traj,dist_int_60_40,distance_intensity,0.6,0.4,0.0,pos_meta_80_10_10,all_terms,0.8,0.1,0.1,0,10,140,"npos=10, noise=140",24,437,12.485714285714286,12.0,0.6245929692755382,0.5783736263736264,0.3546666666666667,1.0082885744579624,0.4765625,0.36533333333333334,1.0,8.0,0.9631304154270623,4.0
0.2380464000161737,24,1.0,0.5931372549019608,0.7446153846153846,242,0,166,0.6214285714285716,0.5714285714285714,1.0,1.0,12,12,0.9217283397099648,1.2919601141086916,24,0.5,0.6692307692307692,0.9899451447245564,1.663429048512571,24,12,12,12,0,0,0,0.4105790347481767,0.4549752473831177,traj2traj,dist_int_60_40,distance_intensity,0.6,0.4,0.0,pos_meta_70_20_10,all_terms,0.7,0.2,0.1,0,10,140,"npos=10, noise=140",24,437,12.485714285714286,12.0,0.6245929692755382,0.5783736263736264,0.3546666666666667,1.0082885744579624,0.4765625,0.36533333333333334,1.0,8.0,0.9631304154270623,4.0
0.2520254999399185,24,1.0,0.5931372549019608,0.7446153846153846,242,0,166,0.6214285714285716,0.5714285714285714,1.0,1.0,12,12,0.9217283397099648,1.2919601141086916,24,0.5,0.6692307692307692,0.9899451447245564,1.663429048512571,24,12,12,12,0,0,0,0.4107344218840201,0.4328359365463257,traj2traj,dist_int_60_40,distance_intensity,0.6,0.4,0.0,pos_meta_60_20_20,all_terms,0.6,0.2,0.2,0,10,140,"npos=10, noise=140",24,437,12.485714285714286,12.0,0.6245929692755382,0.5783736263736264,0.3546666666666667,1.0082885744579624,0.4765625,0.36533333333333334,1.0,8.0,0.9631304154270623,4.0
0.2274436999578029,24,1.0,0.5931372549019608,0.7446153846153846,242,0,166,0.6214285714285716,0.5714285714285714,1.0,1.0,12,12,0.9217283397099648,1.2919601141086916,24,0.5,0.6692307692307692,0.9899451447245564,1.663429048512571,24,12,12,12,0,0,0,0.5633709882386029,0.5737977474927902,traj2traj,dist_int_60_40,distance_intensity,0.6,0.4,0.0,equal_all,all_terms,0.3333333333333333,0.3333333333333333,0.3333333333333333,0,10,140,"npos=10, noise=140",24,437,12.485714285714286,12.0,0.6245929692755382,0.5783736263736264,0.3546666666666667,1.0082885744579624,0.4765625,0.36533333333333334,1.0,8.0,0.9631304154270623,4.0
0.1019693999551236,27,1.0,0.5906862745098039,0.7426810477657935,241,0,167,0.611904761904762,0.5571428571428572,1.0,1.0,12,15,0.7039091694439183,0.9288416879319686,27,0.4444444444444444,0.6572890025575447,0.980246913580247,1.428523133962207,27,12,12,15,0,0,0,0.1524010151624679,0.1361997611820697,traj2traj,dist_int_60_40,distance_intensity,0.6,0.4,0.0,position_only,ablation,1.0,0.0,0.0,1,10,140,"npos=10, noise=140",27,435,12.428571428571429,12.0,0.6202704053573043,0.5518267141607989,0.3773333333333333,1.0997558422057867,0.4985563041385948,0.38533333333333336,1.0,6.0,0.9505609715980109,3.6
0.0175940999761223,27,1.0,0.6617647058823529,0.7964601769911505,270,0,138,0.6809523809523809,0.6285714285714286,1.0,1.0,12,15,64.47022000902622,60.32840502126104,27,0.074074074074074,0.0639386189258312,0.980246913580247,1.428523133962207,27,12,12,15,0,0,0,1.1166666727513077,1.300000011920929,traj2traj,dist_int_60_40,distance_intensity,0.6,0.4,0.0,length_only,ablation,0.0,1.0,0.0,1,10,140,"npos=10, noise=140",27,435,12.428571428571429,12.0,0.5480589765725451,0.2730015578545556,0.3773333333333333,1.0997558422057867,0.4985563041385948,0.38533333333333336,1.0,6.0,0.9505609715980109,3.6
0.0128856000956147,27,1.0,0.6299019607843137,0.7729323308270677,257,0,151,0.6476190476190476,0.6285714285714286,1.0,1.0,12,15,64.82409339779856,64.95576317970726,27,0.037037037037037,0.0306905370843989,0.980246913580247,1.428523133962207,27,12,12,15,0,0,0,0.0833333345750967,0.0,traj2traj,dist_int_60_40,distance_intensity,0.6,0.4,0.0,start_only,ablation,0.0,0.0,1.0,1,10,140,"npos=10, noise=140",27,435,12.428571428571429,12.0,0.5229745078809556,0.2418358200132328,0.3773333333333333,1.0997558422057867,0.4985563041385948,0.38533333333333336,1.0,6.0,0.9505609715980109,3.6
0.0851624000351876,27,1.0,0.6446078431372549,0.7839046199701938,263,0,145,0.6666666666666666,0.6285714285714286,1.0,1.0,12,15,0.7376546385192366,1.021724183379747,27,0.4444444444444444,0.7161125319693095,0.980246913580247,1.428523133962207,27,12,12,15,0,0,0,0.2590437314162652,0.2644959986209869,traj2traj,dist_int_60_40,distance_intensity,0.6,0.4,0.0,pos_len_90_10,position_length,0.9,0.1,0.0,1,10,140,"npos=10, noise=140",27,435,12.428571428571429,12.0,0.6632696515527128,0.5802535014308106,0.3773333333333333,1.0997558422057867,0.4985563041385948,0.38533333333333336,1.0,6.0,0.9505609715980109,3.6
0.0795338000170886,27,1.0,0.6446078431372549,0.7839046199701938,263,0,145,0.6666666666666666,0.6285714285714286,1.0,1.0,12,15,0.7376546385192366,1.021724183379747,27,0.4444444444444444,0.7161125319693095,0.980246913580247,1.428523133962207,27,12,12,15,0,0,0,0.4103142212455471,0.4370799958705902,traj2traj,dist_int_60_40,distance_intensity,0.6,0.4,0.0,pos_len_75_25,position_length,0.75,0.25,0.0,1,10,140,"npos=10, noise=140",27,435,12.428571428571429,12.0,0.6632696515527128,0.5802535014308106,0.3773333333333333,1.0997558422057867,0.4985563041385948,0.38533333333333336,1.0,6.0,0.9505609715980109,3.6
0.0851525000762194,27,1.0,0.6446078431372549,0.7839046199701938,263,0,145,0.6666666666666666,0.6285714285714286,1.0,1.0,12,15,0.7376546385192366,1.021724183379747,27,0.4444444444444444,0.7161125319693095,0.980246913580247,1.428523133962207,27,12,12,15,0,0,0,0.5615847160418829,0.6096640080213547,traj2traj,dist_int_60_40,distance_intensity,0.6,0.4,0.0,pos_len_60_40,position_length,0.6,0.4,0.0,1,10,140,"npos=10, noise=140",27,435,12.428571428571429,12.0,0.6632696515527128,0.5802535014308106,0.3773333333333333,1.0997558422057867,0.4985563041385948,0.38533333333333336,1.0,6.0,0.9505609715980109,3.6
0.0930039000231772,27,1.0,0.6078431372549019,0.7560975609756097,248,0,160,0.6214285714285714,0.6285714285714286,1.0,1.0,12,15,0.7157633821412942,0.9407316361797524,27,0.4444444444444444,0.6675191815856778,0.980246913580247,1.428523133962207,27,12,12,15,0,0,0,0.1676646539320548,0.1291607208549976,traj2traj,dist_int_60_40,distance_intensity,0.6,0.4,0.0,pos_start_90_10,position_start,0.9,0.0,0.1,1,10,140,"npos=10, noise=140",27,435,12.428571428571429,12.0,0.6308496878997696,0.5580199425121763,0.3773333333333333,1.0997558422057867,0.4985563041385948,0.38533333333333336,1.0,6.0,0.9505609715980109,3.6
0.0801758000161498,27,1.0,0.6078431372549019,0.7560975609756097,248,0,160,0.6214285714285714,0.6285714285714286,1.0,1.0,12,15,0.7159190259156504,0.9906843884184534,27,0.4444444444444444,0.6675191815856778,0.980246913580247,1.428523133962207,27,12,12,15,0,0,0,0.1542714986329277,0.1143195331096649,traj2traj,dist_int_60_40,distance_intensity,0.6,0.4,0.0,pos_start_75_25,position_start,0.75,0.0,0.25,1,10,140,"npos=10, noise=140",27,435,12.428571428571429,12.0,0.6308491042356157,0.5580199425121763,0.3773333333333333,1.0997558422057867,0.4985563041385948,0.38533333333333336,1.0,6.0,0.9505609715980109,3.6
0.0968944998458027,27,1.0,0.6078431372549019,0.7560975609756097,248,0,160,0.6214285714285714,0.6285714285714286,1.0,1.0,12,15,0.7159190259156504,0.9906843884184534,27,0.4444444444444444,0.6675191815856778,0.980246913580247,1.428523133962207,27,12,12,15,0,0,0,0.140083871781826,0.1031819842755794,traj2traj,dist_int_60_40,distance_intensity,0.6,0.4,0.0,pos_start_60_40,position_start,0.6,0.0,0.4,1,10,140,"npos=10, noise=140",27,435,12.428571428571429,12.0,0.6308491042356157,0.5580199425121763,0.3773333333333333,1.0997558422057867,0.4985563041385948,0.38533333333333336,1.0,6.0,0.9505609715980109,3.6
0.1238474999554455,27,1.0,0.6348039215686274,0.7766116941529235,259,0,149,0.6523809523809524,0.6285714285714286,1.0,1.0,12,15,0.7263608445577494,1.0479774566793554,27,0.4444444444444444,0.7007672634271099,0.980246913580247,1.428523133962207,27,12,12,15,0,0,0,0.2786647565662861,0.2495519965887069,traj2traj,dist_int_60_40,distance_intensity,0.6,0.4,0.0,pos_meta_80_10_10,all_terms,0.8,0.1,0.1,1,10,140,"npos=10, noise=140",27,435,12.428571428571429,12.0,0.6537923215186747,0.5735300277032352,0.3773333333333333,1.0997558422057867,0.4985563041385948,0.38533333333333336,1.0,6.0,0.9505609715980109,3.6
0.1430699999909848,27,1.0,0.6348039215686274,0.7766116941529235,259,0,149,0.6523809523809524,0.6285714285714286,1.0,1.0,12,15,0.7263608445577494,1.0479774566793554,27,0.4444444444444444,0.7007672634271099,0.980246913580247,1.428523133962207,27,12,12,15,0,0,0,0.3825816446915269,0.3646079897880554,traj2traj,dist_int_60_40,distance_intensity,0.6,0.4,0.0,pos_meta_70_20_10,all_terms,0.7,0.2,0.1,1,10,140,"npos=10, noise=140",27,435,12.428571428571429,12.0,0.6537923215186747,0.5735300277032352,0.3773333333333333,1.0997558422057867,0.4985563041385948,0.38533333333333336,1.0,6.0,0.9505609715980109,3.6
0.1874287000391632,27,1.0,0.6348039215686274,0.7766116941529235,259,0,149,0.6523809523809524,0.6285714285714286,1.0,1.0,12,15,0.7263608445577494,1.0479774566793554,27,0.4444444444444444,0.7007672634271099,0.980246913580247,1.428523133962207,27,12,12,15,0,0,0,0.379831896473964,0.3496640175580978,traj2traj,dist_int_60_40,distance_intensity,0.6,0.4,0.0,pos_meta_60_20_20,all_terms,0.6,0.2,0.2,1,10,140,"npos=10, noise=140",27,435,12.428571428571429,12.0,0.6537923215186747,0.5735300277032352,0.3773333333333333,1.0997558422057867,0.4985563041385948,0.38533333333333336,1.0,6.0,0.9505609715980109,3.6
0.2248992999084293,27,1.0,0.6348039215686274,0.7766116941529235,259,0,149,0.6523809523809524,0.6285714285714286,1.0,1.0,12,15,0.7263608445577494,1.0479774566793554,27,0.4444444444444444,0.7007672634271099,0.980246913580247,1.428523133962207,27,12,12,15,0,0,0,0.5147214295963446,0.4831466674804687,traj2traj,dist_int_60_40,distance_intensity,0.6,0.4,0.0,equal_all,all_terms,0.3333333333333333,0.3333333333333333,0.3333333333333333,1,10,140,"npos=10, noise=140",27,435,12.428571428571429,12.0,0.6537923215186747,0.5735300277032352,0.3773333333333333,1.0997558422057867,0.4985563041385948,0.38533333333333336,1.0,6.0,0.9505609715980109,3.6
0.1145099001005292,31,1.0,0.4534313725490196,0.6239460370994941,185,0,223,0.4857142857142857,0.3999999999999999,1.0,1.0,12,19,0.8984664279131849,1.171075972239983,31,0.3870967741935484,0.4903846153846153,0.9816638370118844,1.8513787772083925,31,12,12,19,0,0,0,0.1866012600560983,0.1660870835185051,traj2traj,dist_int_60_40,distance_intensity,0.6,0.4,0.0,position_only,ablation,1.0,0.0,0.0,2,10,140,"npos=10, noise=140",31,479,13.685714285714283,14.0,0.5035900331813364,0.4507954995149006,0.41333333333333333,1.3056814255589713,0.5088536812674743,0.43066666666666664,1.0,13.0,1.1197473781799803,5.6
0.0186909001786261,31,1.0,0.6421568627450981,0.782089552238806,262,0,146,0.6761904761904761,0.6857142857142857,1.0,1.0,12,19,51.17222151664854,46.16417397603,31,0.064516129032258,0.0985576923076923,0.9816638370118844,1.8513787772083925,31,12,12,19,0,0,0,1.1333333229025204,1.100000023841858,traj2traj,dist_int_60_40,distance_intensity,0.6,0.4,0.0,length_only,ablation,0.0,1.0,0.0,2,10,140,"npos=10, noise=140",31,479,13.685714285714283,14.0,0.5448760490131759,0.2744828327566351,0.41333333333333333,1.3056814255589713,0.5088536812674743,0.43066666666666664,1.0,13.0,1.1197473781799803,5.6
0.0220399999525398,31,1.0,0.4730392156862745,0.6422628951747088,193,0,215,0.5023809523809524,0.4428571428571428,1.0,1.0,12,19,47.73531145243449,45.29345377990276,31,0.064516129032258,0.0985576923076923,0.9816638370118844,1.8513787772083925,31,12,12,19,0,0,0,0.0500000019868214,0.0,traj2traj,dist_int_60_40,distance_intensity,0.6,0.4,0.0,start_only,ablation,0.0,0.0,1.0,2,10,140,"npos=10, noise=140",31,479,13.685714285714283,14.0,0.4315103395287463,0.2291365489628633,0.41333333333333333,1.3056814255589713,0.5088536812674743,0.43066666666666664,1.0,13.0,1.1197473781799803,5.6
0.1104989999439567,31,1.0,0.5637254901960784,0.7210031347962382,230,0,178,0.6047619047619048,0.6571428571428571,1.0,1.0,12,19,1.0032646794568914,1.5610481831538123,31,0.3870967741935484,0.6105769230769231,0.9816638370118844,1.8513787772083925,31,12,12,19,0,0,0,0.3222286539773146,0.3379059731960296,traj2traj,dist_int_60_40,distance_intensity,0.6,0.4,0.0,pos_len_90_10,position_length,0.9,0.1,0.0,2,10,140,"npos=10, noise=140",31,479,13.685714285714283,14.0,0.5995163395021705,0.5121597578820882,0.41333333333333333,1.3056814255589713,0.5088536812674743,0.43066666666666664,1.0,13.0,1.1197473781799803,5.6
0.109942500013858,31,1.0,0.6225490196078431,0.7673716012084593,254,0,154,0.6595238095238095,0.6857142857142857,1.0,1.0,12,19,1.119433987391223,1.9950867851878515,31,0.3870967741935484,0.6658653846153846,0.9816638370118844,1.8513787772083925,31,12,12,19,0,0,0,0.4914817480991284,0.5065883100032806,traj2traj,dist_int_60_40,distance_intensity,0.6,0.4,0.0,pos_len_75_25,position_length,0.75,0.25,0.0,2,10,140,"npos=10, noise=140",31,479,13.685714285714283,14.0,0.6442486832247726,0.5407317570253384,0.41333333333333333,1.3056814255589713,0.5088536812674743,0.43066666666666664,1.0,13.0,1.1197473781799803,5.6
0.1020350998733192,31,1.0,0.6225490196078431,0.7673716012084593,254,0,154,0.6619047619047619,0.6857142857142857,1.0,1.0,12,19,1.1372318789102955,2.0083886996230547,31,0.3870967741935484,0.6682692307692307,0.9816638370118844,1.8513787772083925,31,12,12,19,0,0,0,0.6306657747675976,0.6167280673980713,traj2traj,dist_int_60_40,distance_intensity,0.6,0.4,0.0,pos_len_60_40,position_length,0.6,0.4,0.0,2,10,140,"npos=10, noise=140",31,479,13.685714285714283,14.0,0.6451377561498911,0.5415708138018951,0.41333333333333333,1.3056814255589713,0.5088536812674743,0.43066666666666664,1.0,13.0,1.1197473781799803,5.6
0.1125320999417454,31,1.0,0.4754901960784313,0.6445182724252491,194,0,214,0.5023809523809524,0.4428571428571428,1.0,1.0,12,19,0.9435090415612306,1.5239924384231789,31,0.3870967741935484,0.5072115384615384,0.9816638370118844,1.8513787772083925,31,12,12,19,0,0,0,0.1988118141889572,0.149478368461132,traj2traj,dist_int_60_40,distance_intensity,0.6,0.4,0.0,pos_start_90_10,position_start,0.9,0.0,0.1,2,10,140,"npos=10, noise=140",31,479,13.685714285714283,14.0,0.5203979461712388,0.460783344015949,0.41333333333333333,1.3056814255589713,0.5088536812674743,0.43066666666666664,1.0,13.0,1.1197473781799803,5.6
0.1095795999281108,31,1.0,0.4754901960784313,0.6445182724252491,194,0,214,0.5023809523809524,0.4428571428571428,1.0,1.0,12,19,0.9435090415612306,1.5239924384231789,31,0.3870967741935484,0.5072115384615384,0.9816638370118844,1.8513787772083925,31,12,12,19,0,0,0,0.1767876278609037,0.1245653145015239,traj2traj,dist_int_60_40,distance_intensity,0.6,0.4,0.0,pos_start_75_25,position_start,0.75,0.0,0.25,2,10,140,"npos=10, noise=140",31,479,13.685714285714283,14.0,0.5203979461712388,0.460783344015949,0.41333333333333333,1.3056814255589713,0.5088536812674743,0.43066666666666664,1.0,13.0,1.1197473781799803,5.6
0.1022030999884009,31,1.0,0.4754901960784313,0.6445182724252491,194,0,214,0.5023809523809524,0.4428571428571428,1.0,1.0,12,19,0.9435090415612306,1.5239924384231789,31,0.3870967741935484,0.5072115384615384,0.9816638370118844,1.8513787772083925,31,12,12,19,0,0,0,0.1547634390493234,0.0996522568166256,traj2traj,dist_int_60_40,distance_intensity,0.6,0.4,0.0,pos_start_60_40,position_start,0.6,0.0,0.4,2,10,140,"npos=10, noise=140",31,479,13.685714285714283,14.0,0.5203979461712388,0.460783344015949,0.41333333333333333,1.3056814255589713,0.5088536812674743,0.43066666666666664,1.0,13.0,1.1197473781799803,5.6
0.1142446000594645,31,1.0,0.5171568627450981,0.6817447495961229,211,0,197,0.5476190476190477,0.5857142857142856,1.0,1.0,12,19,1.0063010790512612,1.5984048672459157,31,0.3870967741935484,0.5528846153846154,0.9816638370118844,1.8513787772083925,31,12,12,19,0,0,0,0.3447139250735442,0.3655075877904892,traj2traj,dist_int_60_40,distance_intensity,0.6,0.4,0.0,pos_meta_80_10_10,all_terms,0.8,0.1,0.1,2,10,140,"npos=10, noise=140",31,479,13.685714285714283,14.0,0.5569361999640735,0.4841707182047026,0.41333333333333333,1.3056814255589713,0.5088536812674743,0.43066666666666664,1.0,13.0,1.1197473781799803,5.6
0.2179780001752078,31,1.0,0.5465686274509803,0.7068145800316957,223,0,185,0.5761904761904763,0.6571428571428571,1.0,1.0,12,19,0.9818620198910812,1.5513781290207715,31,0.3870967741935484,0.5817307692307693,0.9816638370118844,1.8513787772083925,31,12,12,19,0,0,0,0.4796684735144178,0.501083105802536,traj2traj,dist_int_60_40,distance_intensity,0.6,0.4,0.0,pos_meta_70_20_10,all_terms,0.7,0.2,0.1,2,10,140,"npos=10, noise=140",31,479,13.685714285714283,14.0,0.5810325418734907,0.4992533656104985,0.41333333333333333,1.3056814255589713,0.5088536812674743,0.43066666666666664,1.0,13.0,1.1197473781799803,5.6
0.2187381000258028,31,1.0,0.5171568627450981,0.6817447495961229,211,0,197,0.5476190476190477,0.5857142857142856,1.0,1.0,12,19,1.0063010790512612,1.5984048672459157,31,0.3870967741935484,0.5528846153846154,0.9816638370118844,1.8513787772083925,31,12,12,19,0,0,0,0.4752021140108506,0.4838460385799408,traj2traj,dist_int_60_40,distance_intensity,0.6,0.4,0.0,pos_meta_60_20_20,all_terms,0.6,0.2,0.2,2,10,140,"npos=10, noise=140",31,479,13.685714285714283,14.0,0.5569361999640735,0.4841707182047026,0.41333333333333333,1.3056814255589713,0.5088536812674743,0.43066666666666664,1.0,13.0,1.1197473781799803,5.6
0.2819511999841779,31,1.0,0.5637254901960784,0.7210031347962382,230,0,178,0.5976190476190476,0.6571428571428571,1.0,1.0,12,19,1.1305882032353258,2.057185006616886,31,0.3870967741935484,0.6033653846153846,0.9816638370118844,1.8513787772083925,31,12,12,19,0,0,0,0.640455794831117,0.6902158856391907,traj2traj,dist_int_60_40,distance_intensity,0.6,0.4,0.0,equal_all,all_terms,0.3333333333333333,0.3333333333333333,0.3333333333333333,2,10,140,"npos=10, noise=140",31,479,13.685714285714283,14.0,0.5961714312330563,0.509642587552418,0.41333333333333333,1.3056814255589713,0.5088536812674743,0.43066666666666664,1.0,13.0,1.1197473781799803,5.6
0.1257364000193774,25,1.0,0.5196078431372549,0.6838709677419356,212,0,196,0.55,0.4428571428571428,1.0,1.0,12,13,1.0621150849077174,1.3203293904630884,25,0.48,0.5746268656716418,0.9535421245421244,1.5737261478903468,25,12,12,13,0,0,0,0.1914763301610946,0.190412275493145,traj2traj,dist_int_60_40,distance_intensity,0.6,0.4,0.0,position_only,ablation,1.0,0.0,0.0,3,10,140,"npos=10, noise=140",25,457,13.057142857142855,13.0,0.5616465821533102,0.5274309099662976,0.30800000000000005,1.6364018331960763,0.3370110330992979,0.328,0.9959514170040485,14.0,1.292252335793773,6.6
0.0239617000333964,25,1.0,0.6838235294117647,0.8122270742358079,279,0,129,0.7190476190476192,0.7571428571428571,1.0,1.0,12,13,58.64256550313812,51.49968042318677,25,0.08,0.0746268656716417,0.9535421245421244,1.5737261478903468,25,12,12,13,0,0,0,0.9833333268761636,0.8499999940395355,traj2traj,dist_int_60_40,distance_intensity,0.6,0.4,0.0,length_only,ablation,0.0,1.0,0.0,3,10,140,"npos=10, noise=140",25,457,13.057142857142855,13.0,0.5670694717305549,0.2850068931698339,0.30800000000000005,1.6364018331960763,0.3370110330992979,0.328,0.9959514170040485,14.0,1.292252335793773,6.6
0.0112173999659717,25,1.0,0.6274509803921569,0.7710843373493976,256,0,152,0.6642857142857143,0.7571428571428571,1.0,1.0,12,13,60.2282764989551,55.70765395341908,25,0.0,0.0,0.9535421245421244,1.5737261478903468,25,12,12,13,0,0,0,0.0,0.0,traj2traj,dist_int_60_40,distance_intensity,0.6,0.4,0.0,start_only,ablation,0.0,0.0,1.0,3,10,140,"npos=10, noise=140",25,457,13.057142857142855,13.0,0.5216135972461273,0.2206454388984509,0.30800000000000005,1.6364018331960763,0.3370110330992979,0.328,0.9959514170040485,14.0,1.292252335793773,6.6
0.084406099980697,25,1.0,0.6372549019607843,0.778443113772455,260,0,148,0.6714285714285714,0.7571428571428571,1.0,1.0,12,13,1.090344456036444,1.480792157440506,25,0.48,0.7014925373134329,0.9535421245421244,1.5737261478903468,25,12,12,13,0,0,0,0.2984277711560328,0.3142202198505401,traj2traj,dist_int_60_40,distance_intensity,0.6,0.4,0.0,pos_len_90_10,position_length,0.9,0.1,0.0,3,10,140,"npos=10, noise=140",25,457,13.057142857142855,13.0,0.6582137886302486,0.5902046142257065,0.30800000000000005,1.6364018331960763,0.3370110330992979,0.328,0.9959514170040485,14.0,1.292252335793773,6.6
0.0924678000155836,25,1.0,0.6372549019607843,0.778443113772455,260,0,148,0.6714285714285714,0.7571428571428571,1.0,1.0,12,13,1.090344456036444,1.480792157440506,25,0.48,0.7014925373134329,0.9535421245421244,1.5737261478903468,25,12,12,13,0,0,0,0.4403564849247535,0.387589618563652,traj2traj,dist_int_60_40,distance_intensity,0.6,0.4,0.0,pos_len_75_25,position_length,0.75,0.25,0.0,3,10,140,"npos=10, noise=140",25,457,13.057142857142855,13.0,0.6582137886302486,0.5902046142257065,0.30800000000000005,1.6364018331960763,0.3370110330992979,0.328,0.9959514170040485,14.0,1.292252335793773,6.6
0.099445599829778,25,1.0,0.6495098039215687,0.7875185735512631,265,0,143,0.6928571428571427,0.7571428571428571,1.0,1.0,12,13,1.0994104955882582,1.7010142900855425,25,0.48,0.7238805970149254,0.9535421245421244,1.5737261478903468,25,12,12,13,0,0,0,0.5722484830766916,0.4800716936588287,traj2traj,dist_int_60_40,distance_intensity,0.6,0.4,0.0,pos_len_60_40,position_length,0.6,0.4,0.0,3,10,140,"npos=10, noise=140",25,457,13.057142857142855,13.0,0.6714328726837,0.5997595782496983,0.30800000000000005,1.6364018331960763,0.3370110330992979,0.328,0.9959514170040485,14.0,1.292252335793773,6.6
0.1242718999274075,25,1.0,0.5808823529411765,0.7348837209302326,237,0,171,0.6166666666666668,0.6714285714285715,1.0,1.0,12,13,1.1210406863784903,1.6714144887182587,25,0.48,0.6442786069651741,0.9535421245421244,1.5737261478903468,25,12,12,13,0,0,0,0.2366564739495515,0.2101075500249862,traj2traj,dist_int_60_40,distance_intensity,0.6,0.4,0.0,pos_start_90_10,position_start,0.9,0.0,0.1,3,10,140,"npos=10, noise=140",25,457,13.057142857142855,13.0,0.6140464156026397,0.5617130625940068,0.30800000000000005,1.6364018331960763,0.3370110330992979,0.328,0.9959514170040485,14.0,1.292252335793773,6.6
0.1360801998525858,25,1.0,0.5808823529411765,0.7348837209302326,237,0,171,0.6166666666666668,0.6714285714285715,1.0,1.0,12,13,1.1210406863784903,1.6714144887182587,25,0.48,0.6442786069651741,0.9535421245421244,1.5737261478903468,25,12,12,13,0,0,0,0.2249915109326442,0.1750896275043487,traj2traj,dist_int_60_40,distance_intensity,0.6,0.4,0.0,pos_start_75_25,position_start,0.75,0.0,0.25,3,10,140,"npos=10, noise=140",25,457,13.057142857142855,13.0,0.6140464156026397,0.5617130625940068,0.30800000000000005,1.6364018331960763,0.3370110330992979,0.328,0.9959514170040485,14.0,1.292252335793773,6.6
0.1212490999605506,25,1.0,0.6274509803921569,0.7710843373493976,256,0,152,0.6642857142857144,0.7571428571428571,1.0,1.0,12,13,1.094297371800543,1.90082596361144,25,0.44,0.6741293532338308,0.9535421245421244,1.5737261478903468,25,12,12,13,0,0,0,0.1884745880961418,0.1400717049837112,traj2traj,dist_int_60_40,distance_intensity,0.6,0.4,0.0,pos_start_60_40,position_start,0.6,0.0,0.4,3,10,140,"npos=10, noise=140",25,457,13.057142857142855,13.0,0.6486293850869499,0.5651777772069086,0.30800000000000005,1.6364018331960763,0.3370110330992979,0.328,0.9959514170040485,14.0,1.292252335793773,6.6
0.2219663001596927,25,1.0,0.6397058823529411,0.780269058295964,261,0,147,0.6785714285714285,0.7571428571428571,1.0,1.0,12,13,1.090703765029391,1.7190767904083533,25,0.48,0.7089552238805971,0.9535421245421244,1.5737261478903468,25,12,12,13,0,0,0,0.3281973063324888,0.2876401841640472,traj2traj,dist_int_60_40,distance_intensity,0.6,0.4,0.0,pos_meta_80_10_10,all_terms,0.8,0.1,0.1,3,10,140,"npos=10, noise=140",25,457,13.057142857142855,13.0,0.6620305307540685,0.5931497604864849,0.30800000000000005,1.6364018331960763,0.3370110330992979,0.328,0.9959514170040485,14.0,1.292252335793773,6.6
0.1191503000445663,25,1.0,0.6397058823529411,0.780269058295964,261,0,147,0.6785714285714285,0.7571428571428571,1.0,1.0,12,13,1.090703765029391,1.7190767904083533,25,0.48,0.7089552238805971,0.9535421245421244,1.5737261478903468,25,12,12,13,0,0,0,0.4164434789369504,0.3360601663589477,traj2traj,dist_int_60_40,distance_intensity,0.6,0.4,0.0,pos_meta_70_20_10,all_terms,0.7,0.2,0.1,3,10,140,"npos=10, noise=140",25,457,13.057142857142855,13.0,0.6620305307540685,0.5931497604864849,0.30800000000000005,1.6364018331960763,0.3370110330992979,0.328,0.9959514170040485,14.0,1.292252335793773,6.6
0.1604069999884814,25,1.0,0.6299019607843137,0.7729323308270677,257,0,151,0.669047619047619,0.7571428571428571,1.0,1.0,12,13,1.090703765029391,1.728819891272411,25,0.48,0.6990049751243781,0.9535421245421244,1.5737261478903468,25,12,12,13,0,0,0,0.4131512089322011,0.3100717067718506,traj2traj,dist_int_60_40,distance_intensity,0.6,0.4,0.0,pos_meta_60_20_20,all_terms,0.6,0.2,0.2,3,10,140,"npos=10, noise=140",25,457,13.057142857142855,13.0,0.6544886773252351,0.58824247185127,0.30800000000000005,1.6364018331960763,0.3370110330992979,0.328,0.9959514170040485,14.0,1.292252335793773,6.6
0.1797549999319017,25,1.0,0.6274509803921569,0.7710843373493976,256,0,152,0.6642857142857144,0.7571428571428571,1.0,1.0,12,13,1.094297371800543,1.90082596361144,25,0.44,0.6741293532338308,0.9535421245421244,1.5737261478903468,25,12,12,13,0,0,0,0.4963747741033633,0.3611509501934051,traj2traj,dist_int_60_40,distance_intensity,0.6,0.4,0.0,equal_all,all_terms,0.3333333333333333,0.3333333333333333,0.3333333333333333,3,10,140,"npos=10, noise=140",25,457,13.057142857142855,13.0,0.6486293850869499,0.5651777772069086,0.30800000000000005,1.6364018331960763,0.3370110330992979,0.328,0.9959514170040485,14.0,1.292252335793773,6.6
