runtime_s,n_tracks,link_precision,link_recall,link_f1,link_tp,link_fp,link_fn,mean_coverage,median_coverage,mean_assigned_coverage,mean_fragments_per_gt,max_fragments_per_gt,assigned_tracks,unassigned_tracks,median_position_error_px,mean_position_error_px,assigned_median_position_error_px,assigned_mean_position_error_px,clear_tp,clear_fp,clear_fn,deta,assa,hota,mota,motp_px,id_switches,fragmentations,mean_fragmentations_per_gt,stage,peak_config,peak_family,peak_distance_weight,peak_intensity_weight,peak_sigma_weight,traj_config,seed,setup_index,setup,nparticles,intensity_mean,intensity_std,difficulty,cache_version,total_peaks,mean_peaks_per_frame,median_peaks_per_frame,n_gt_fragments,n_source_gt,mean_gt_length,median_gt_length,min_start_frame,max_start_frame,original_gt_count,peak_objective,traj_objective
0.13294439995661378,13,0.8295454545454546,0.35784313725490197,0.5,73,15,131,0.6949688635184224,0.851063829787234,0.37599636741048265,1.0,1.0,5,8,0.9054438448227763,1.0025506956908605,0.8808791009268613,1.141858596893288,146,56,63,0.5509433962264151,0.5331797223101672,0.5419887886373854,0.3732057416267942,1.0025506956908605,12,17,3.4,peak2peak,distance_only,ablation,1.0,0.0,0.0,position_only,0,0,S1,5,800.0,50.0,"S1: N=5, I=800+/-50",fragmented_gt_v2,235,4.7,5.0,5,5,41.8,41.0,0.0,9.0,5,0.5419887886373854,0.5
0.15311259985901415,11,0.84375,0.5294117647058824,0.6506024096385543,108,20,96,0.7303788271925272,0.975609756097561,0.5914115204981837,1.0,1.0,5,6,0.92063664362614,1.0097706811471647,1.0359077853365348,1.5162006377295576,154,54,55,0.5855513307984791,0.6269092327730111,0.6058774921880579,0.36363636363636365,1.0097706811471647,24,15,3.0,peak2peak,intensity_only,ablation,0.0,1.0,0.0,position_only,0,0,S1,5,800.0,50.0,"S1: N=5, I=800+/-50",fragmented_gt_v2,235,4.7,5.0,5,5,41.8,41.0,0.0,9.0,5,0.6058774921880579,0.6506024096385543
0.1593967000953853,16,0.9318181818181818,0.4019607843137255,0.5616438356164384,82,6,122,0.7084795018162947,0.8936170212765957,0.4427503892060197,1.0,1.0,5,11,0.8970692254644204,1.006359079599919,0.8808791009268613,1.4387795337367908,149,62,60,0.5498154981549815,0.42611632189772164,0.48403032735166945,0.22009569377990434,1.006359079599919,41,18,3.6,peak2peak,sigma_only,ablation,0.0,0.0,1.0,position_only,0,0,S1,5,800.0,50.0,"S1: N=5, I=800+/-50",fragmented_gt_v2,235,4.7,5.0,5,5,41.8,41.0,0.0,9.0,5,0.48403032735166945,0.5616438356164384
0.13083399995230138,11,0.8421052631578947,0.47058823529411764,0.6037735849056604,96,18,108,0.7062454592631033,0.9574468085106383,0.4937623248572911,1.0,1.0,5,6,0.8970692254644204,0.9916928979427381,0.8789789267838105,1.065077290908481,149,53,60,0.5687022900763359,0.7005363658485922,0.631186688341768,0.42105263157894735,0.9916928979427381,8,15,3.0,peak2peak,dist_int_90_10,distance_intensity,0.9,0.1,0.0,position_only,0,0,S1,5,800.0,50.0,"S1: N=5, I=800+/-50",fragmented_gt_v2,235,4.7,5.0,5,5,41.8,41.0,0.0,9.0,5,0.631186688341768,0.6037735849056604
0.17924239998683333,13,0.8468468468468469,0.46078431372549017,0.5968253968253969,94,17,110,0.7119901401141672,0.9361702127659575,0.4809963674104826,1.0,1.0,5,8,0.8889741631956408,1.0015170432799276,0.8656871754258626,1.041982370096112,150,56,59,0.5660377358490566,0.6350050264407026,0.599530489149022,0.4019138755980861,1.0015170432799276,10,15,3.0,peak2peak,dist_int_75_25,distance_intensity,0.75,0.25,0.0,position_only,0,0,S1,5,800.0,50.0,"S1: N=5, I=800+/-50",fragmented_gt_v2,235,4.7,5.0,5,5,41.8,41.0,0.0,9.0,5,0.599530489149022,0.5968253968253969
0.16714850021526217,12,0.8275862068965517,0.47058823529411764,0.6,96,20,108,0.7260015568240789,0.9574468085106383,0.4937623248572911,1.0,1.0,5,7,0.9138184641811322,1.0088484125006116,0.8687345975202033,1.0572720261704025,153,58,56,0.5730337078651685,0.7098648241657619,0.6377903043122892,0.416267942583732,1.0088484125006116,8,16,3.2,peak2peak,dist_int_60_40,distance_intensity,0.6,0.4,0.0,position_only,0,0,S1,5,800.0,50.0,"S1: N=5, I=800+/-50",fragmented_gt_v2,235,4.7,5.0,5,5,41.8,41.0,0.0,9.0,5,0.6377903043122892,0.6
0.20511360000818968,13,0.845360824742268,0.4019607843137255,0.5448504983388704,82,15,122,0.7174909185262065,0.9148936170212766,0.4187623248572911,1.0,1.0,5,8,0.9138184641811322,1.0128554400233172,0.8973487825539967,1.1910642706388432,151,59,58,0.5634328358208955,0.5522002531986968,0.5577882704044236,0.3971291866028708,1.0128554400233172,9,17,3.4,peak2peak,dist_sig_90_10,distance_sigma,0.9,0.0,0.1,position_only,0,0,S1,5,800.0,50.0,"S1: N=5, I=800+/-50",fragmented_gt_v2,235,4.7,5.0,5,5,41.8,41.0,0.0,9.0,5,0.5577882704044236,0.5448504983388704
0.23009550012648106,14,0.7543859649122807,0.2107843137254902,0.32950191570881227,43,14,161,0.7260015568240789,0.9574468085106383,0.2483367929423975,1.0,1.0,5,9,0.9274548230711478,1.015426472908818,0.8687345975202033,1.1799291765016586,153,57,56,0.575187969924812,0.5105036347585601,0.5418814901027843,0.3875598086124402,1.015426472908818,15,18,3.6,peak2peak,dist_sig_75_25,distance_sigma,0.75,0.0,0.25,position_only,0,0,S1,5,800.0,50.0,"S1: N=5, I=800+/-50",fragmented_gt_v2,235,4.7,5.0,5,5,41.8,41.0,0.0,9.0,5,0.5418814901027843,0.32950191570881227
0.17844179994426668,14,0.7543859649122807,0.2107843137254902,0.32950191570881227,43,14,161,0.7260015568240789,0.9574468085106383,0.25333679294239747,1.0,1.0,5,9,0.9274548230711478,1.015426472908818,0.8656871754258626,1.166882115933962,153,57,56,0.575187969924812,0.5036600794120503,0.5382371397527179,0.3732057416267942,1.015426472908818,18,18,3.6,peak2peak,dist_sig_60_40,distance_sigma,0.6,0.0,0.4,position_only,0,0,S1,5,800.0,50.0,"S1: N=5, I=800+/-50",fragmented_gt_v2,235,4.7,5.0,5,5,41.8,41.0,0.0,9.0,5,0.5382371397527179,0.32950191570881227
0.1952251000329852,15,0.851063829787234,0.39215686274509803,0.5369127516778522,80,14,124,0.7217462376751428,0.9361702127659575,0.4059963674104826,1.0,1.0,5,10,0.9054438448227763,1.0064056845473217,0.8789789267838105,1.164889014108114,152,63,57,0.5588235294117647,0.5179397429120204,0.5379934155328644,0.368421052631579,1.0064056845473217,12,16,3.2,peak2peak,dist_meta_80_10_10,all_terms,0.8,0.1,0.1,position_only,0,0,S1,5,800.0,50.0,"S1: N=5, I=800+/-50",fragmented_gt_v2,235,4.7,5.0,5,5,41.8,41.0,0.0,9.0,5,0.5379934155328644,0.5369127516778522
0.2284866999834776,13,0.8702290076335878,0.5588235294117647,0.6805970149253731,114,17,90,0.735256875973015,0.975609756097561,0.5909963674104826,1.0,1.0,5,8,0.9274548230711478,1.01845165237664,0.9285538001743932,1.2733944208821786,155,57,54,0.5827067669172933,0.7083776769816876,0.6424768213020466,0.430622009569378,1.01845165237664,8,16,3.2,peak2peak,dist_meta_70_20_10,all_terms,0.7,0.2,0.1,position_only,0,0,S1,5,800.0,50.0,"S1: N=5, I=800+/-50",fragmented_gt_v2,235,4.7,5.0,5,5,41.8,41.0,0.0,9.0,5,0.6424768213020466,0.6805970149253731
0.23411320010200143,14,0.8837209302325582,0.5588235294117647,0.6846846846846847,114,15,90,0.735256875973015,0.975609756097561,0.5952516865594187,1.0,1.0,5,9,0.9274548230711478,1.01845165237664,0.9296527772776385,1.2771342077918113,155,59,54,0.5783582089552238,0.7171408314735094,0.6440219614731154,0.4114832535885168,1.01845165237664,10,16,3.2,peak2peak,dist_meta_50_40_10,all_terms,0.5,0.4,0.1,position_only,0,0,S1,5,800.0,50.0,"S1: N=5, I=800+/-50",fragmented_gt_v2,235,4.7,5.0,5,5,41.8,41.0,0.0,9.0,5,0.6440219614731154,0.6846846846846847
0.2269184000324458,15,0.8372093023255814,0.35294117647058826,0.49655172413793114,72,14,132,0.7169901401141672,0.9361702127659575,0.3984327970939284,1.0,1.0,5,10,0.9138184641811322,1.009336462401531,0.9450235728844101,1.4349177877468149,151,58,58,0.5655430711610487,0.45506720786250804,0.5073067181885591,0.34928229665071775,1.009336462401531,20,17,3.4,peak2peak,equal_all,all_terms,0.3333333333333333,0.3333333333333333,0.3333333333333333,position_only,0,0,S1,5,800.0,50.0,"S1: N=5, I=800+/-50",fragmented_gt_v2,235,4.7,5.0,5,5,41.8,41.0,0.0,9.0,5,0.5073067181885591,0.49655172413793114
0.21798709989525378,19,0.6481481481481481,0.18229166666666666,0.2845528455284553,35,19,157,0.7719344719532126,0.8108108108108109,0.20201993597795695,1.0,1.0,5,14,0.7473436907730375,1.102511450791373,1.2347946385407602,1.4493478335618482,152,100,45,0.5117845117845118,0.513109743880185,0.5124466994367282,0.13705583756345174,1.102511450791373,25,21,4.2,peak2peak,distance_only,ablation,1.0,0.0,0.0,position_only,1,0,S1,5,800.0,50.0,"S1: N=5, I=800+/-50",fragmented_gt_v2,294,5.88,6.0,5,5,39.4,37.0,1.0,12.0,5,0.5124466994367282,0.2845528455284553
0.19988179998472333,21,0.9807692307692307,0.265625,0.41803278688524587,51,1,141,0.7880238934586761,0.8378378378378378,0.3151621824223024,1.0,1.0,5,16,0.7668690919172707,1.1033672691477472,0.6502960341921776,1.0732987511956875,154,105,43,0.5099337748344371,0.338973988114648,0.41575748379311955,0.055837563451776595,1.1033672691477472,38,21,4.2,peak2peak,intensity_only,ablation,0.0,1.0,0.0,position_only,1,0,S1,5,800.0,50.0,"S1: N=5, I=800+/-50",fragmented_gt_v2,294,5.88,6.0,5,5,39.4,37.0,1.0,12.0,5,0.41575748379311955,0.41803278688524587
0.19733090000227094,17,0.8314606741573034,0.3854166666666667,0.5266903914590748,74,15,118,0.7699542120831475,0.7567567567567568,0.403095749422586,1.0,1.0,5,12,0.7383703258100227,1.0941201879991471,0.6534992960765533,0.9345691597765858,151,101,46,0.5067114093959731,0.55919130814305,0.5323050026734135,0.12690355329949243,1.0941201879991471,25,22,4.4,peak2peak,sigma_only,ablation,0.0,0.0,1.0,position_only,1,0,S1,5,800.0,50.0,"S1: N=5, I=800+/-50",fragmented_gt_v2,294,5.88,6.0,5,5,39.4,37.0,1.0,12.0,5,0.5323050026734135,0.5266903914590748
0.2300253000576049,17,0.8173076923076923,0.4427083333333333,0.5743243243243243,85,19,107,0.7746643570106839,0.8108108108108109,0.4581980968974972,1.0,1.0,5,12,0.7473436907730375,1.105017756614087,0.659723863957451,0.9874153756518519,152,98,45,0.5152542372881356,0.5248763743945334,0.5200430520247503,0.12182741116751272,1.105017756614087,30,21,4.2,peak2peak,dist_int_90_10,distance_intensity,0.9,0.1,0.0,position_only,1,0,S1,5,800.0,50.0,"S1: N=5, I=800+/-50",fragmented_gt_v2,294,5.88,6.0,5,5,39.4,37.0,1.0,12.0,5,0.5200430520247503,0.5743243243243243
0.24658680008724332,16,0.7522123893805309,0.4427083333333333,0.5573770491803278,85,28,107,0.7731732106919513,0.8378378378378378,0.47851496549022776,1.0,1.0,5,11,0.7668690919172707,1.1095051844250108,0.6581166068213629,0.8770718312523453,152,101,45,0.5100671140939598,0.5895973184720753,0.5483923802448287,0.13705583756345174,1.1095051844250108,24,22,4.4,peak2peak,dist_int_75_25,distance_intensity,0.75,0.25,0.0,position_only,1,0,S1,5,800.0,50.0,"S1: N=5, I=800+/-50",fragmented_gt_v2,294,5.88,6.0,5,5,39.4,37.0,1.0,12.0,5,0.5483923802448287,0.5573770491803278
0.24641399993561208,16,0.8586956521739131,0.4114583333333333,0.5563380281690141,79,13,113,0.7896418344881613,0.8378378378378378,0.4038320366843606,1.0,1.0,5,11,0.7779636397084272,1.1064379211051512,0.6988854502150391,1.1774600538672164,155,96,42,0.5290102389078498,0.5738439915656156,0.5509712760879286,0.15736040609137059,1.1064379211051512,28,21,4.2,peak2peak,dist_int_60_40,distance_intensity,0.6,0.4,0.0,position_only,1,0,S1,5,800.0,50.0,"S1: N=5, I=800+/-50",fragmented_gt_v2,294,5.88,6.0,5,5,39.4,37.0,1.0,12.0,5,0.5509712760879286,0.5563380281690141
0.2621792000718415,18,0.7627118644067796,0.46875,0.5806451612903225,90,28,102,0.7785786160973568,0.8648648648648649,0.5064820630225427,1.0,1.0,5,13,0.7557745441261143,1.1235658906803296,0.6581166068213629,0.9097554618649204,153,103,44,0.51,0.6022622267882928,0.554214521338109,0.12690355329949243,1.1235658906803296,25,21,4.2,peak2peak,dist_sig_90_10,distance_sigma,0.9,0.0,0.1,position_only,1,0,S1,5,800.0,50.0,"S1: N=5, I=800+/-50",fragmented_gt_v2,294,5.88,6.0,5,5,39.4,37.0,1.0,12.0,5,0.554214521338109,0.5806451612903225
0.24735770002007484,17,0.782608695652174,0.46875,0.5863192182410424,90,25,102,0.7785786160973568,0.8648648648648649,0.5064820630225427,1.0,1.0,5,12,0.7557745441261143,1.124602530212788,0.6581166068213629,0.9097554618649207,153,102,44,0.5117056856187291,0.6048766058732602,0.556344136594524,0.13705583756345174,1.124602530212788,24,21,4.2,peak2peak,dist_sig_75_25,distance_sigma,0.75,0.0,0.25,position_only,1,0,S1,5,800.0,50.0,"S1: N=5, I=800+/-50",fragmented_gt_v2,294,5.88,6.0,5,5,39.4,37.0,1.0,12.0,5,0.556344136594524,0.5863192182410424
0.3032450000755489,18,0.7706422018348624,0.4375,0.5581395348837209,84,25,108,0.767767805286546,0.8648648648648649,0.46864422518470483,1.0,1.0,5,13,0.7389128374199607,1.1291200656863907,0.6437520441866178,0.8595738497376358,151,103,46,0.5033333333333333,0.5759085350294351,0.5383994452369749,0.10152284263959388,1.1291200656863907,28,20,4.0,peak2peak,dist_sig_60_40,distance_sigma,0.6,0.0,0.4,position_only,1,0,S1,5,800.0,50.0,"S1: N=5, I=800+/-50",fragmented_gt_v2,294,5.88,6.0,5,5,39.4,37.0,1.0,12.0,5,0.5383994452369749,0.5581395348837209
0.30647740000858903,19,0.8080808080808081,0.4166666666666667,0.5498281786941581,80,19,112,0.7854751678214946,0.8648648648648649,0.43061999405702556,1.0,1.0,5,14,0.7668690919172707,1.1223472798476486,0.6568400241977375,0.9188878974568359,154,105,43,0.5099337748344371,0.509996075015649,0.5099649239736755,0.10152284263959388,1.1223472798476486,29,20,4.0,peak2peak,dist_meta_80_10_10,all_terms,0.8,0.1,0.1,position_only,1,0,S1,5,800.0,50.0,"S1: N=5, I=800+/-50",fragmented_gt_v2,294,5.88,6.0,5,5,39.4,37.0,1.0,12.0,5,0.5099649239736755,0.5498281786941581
0.3175292999949306,19,0.8080808080808081,0.4166666666666667,0.5498281786941581,80,19,112,0.7800697624160893,0.8378378378378378,0.43061999405702556,1.0,1.0,5,14,0.7557745441261143,1.1105912429855471,0.6568400241977375,0.9188878974568359,153,104,44,0.5083056478405316,0.5133053683999176,0.5107993909790249,0.12182741116751272,1.1105912429855471,25,21,4.2,peak2peak,dist_meta_70_20_10,all_terms,0.7,0.2,0.1,position_only,1,0,S1,5,800.0,50.0,"S1: N=5, I=800+/-50",fragmented_gt_v2,294,5.88,6.0,5,5,39.4,37.0,1.0,12.0,5,0.5107993909790249,0.5498281786941581
0.276552899973467,20,0.7764705882352941,0.34375,0.4765342960288809,66,19,126,0.7857275754014884,0.8378378378378378,0.34096482164323244,1.0,1.0,5,15,0.7473436907730375,1.102760017566073,0.6564462427607708,0.9686646016820869,154,105,43,0.5099337748344371,0.49839616933269587,0.5041319668408709,0.09137055837563457,1.102760017566073,31,18,3.6,peak2peak,dist_meta_50_40_10,all_terms,0.5,0.4,0.1,position_only,1,0,S1,5,800.0,50.0,"S1: N=5, I=800+/-50",fragmented_gt_v2,294,5.88,6.0,5,5,39.4,37.0,1.0,12.0,5,0.5041319668408709,0.4765342960288809
0.2681625001132488,19,0.7830188679245284,0.4322916666666667,0.5570469798657718,83,23,109,0.7731732106919514,0.8648648648648649,0.4740496305901103,1.0,1.0,5,14,0.7473436907730375,1.122178342065396,0.6486256701315856,0.9105069207247555,152,106,45,0.5016501650165016,0.5686581516723894,0.5341043490034817,0.08121827411167515,1.122178342065396,30,21,4.2,peak2peak,equal_all,all_terms,0.3333333333333333,0.3333333333333333,0.3333333333333333,position_only,1,0,S1,5,800.0,50.0,"S1: N=5, I=800+/-50",fragmented_gt_v2,294,5.88,6.0,5,5,39.4,37.0,1.0,12.0,5,0.5341043490034817,0.5570469798657718
0.3973233001306653,26,0.844311377245509,0.36910994764397903,0.5136612021857924,141,26,241,0.7651282913349665,0.96007326007326,0.39756384651708715,1.0,1.0,10,16,0.8420624196757371,0.9722007434638441,0.9481221737635227,1.4793182341115927,299,140,93,0.5620300751879699,0.5513347393901462,0.5566567209988429,0.35969387755102045,0.9722007434638441,18,17,1.7,peak2peak,distance_only,ablation,1.0,0.0,0.0,position_only,0,1,S2,10,700.0,100.0,"S2: N=10, I=700+/-100",fragmented_gt_v2,503,10.06,10.0,10,10,39.2,38.5,3.0,12.0,10,0.5566567209988429,0.5136612021857924
0.30392260011285543,27,0.8504273504273504,0.5209424083769634,0.6461038961038962,199,35,183,0.7782712926358626,0.9337606837606838,0.5385089629826472,1.0,1.0,10,17,0.8383807062666113,0.9752008246584513,0.7636458521935878,0.9595835691948332,304,149,88,0.5619223659889094,0.6196683485699571,0.5900894038676432,0.27806122448979587,0.9752008246584513,46,27,2.7,peak2peak,intensity_only,ablation,0.0,1.0,0.0,position_only,0,1,S2,10,700.0,100.0,"S2: N=10, I=700+/-100",fragmented_gt_v2,503,10.06,10.0,10,10,39.2,38.5,3.0,12.0,10,0.5900894038676432,0.6461038961038962
0.3297426998615265,23,0.7587939698492462,0.39528795811518325,0.5197934595524957,151,48,231,0.7579543622405448,0.8931623931623931,0.4308468362779673,1.0,1.0,10,13,0.8353805125259326,0.9705664125393977,0.870483483295321,1.2620716013813114,296,146,96,0.550185873605948,0.5766372661576992,0.563256316462336,0.2602040816326531,0.9705664125393977,48,33,3.3,peak2peak,sigma_only,ablation,0.0,0.0,1.0,position_only,0,1,S2,10,700.0,100.0,"S2: N=10, I=700+/-100",fragmented_gt_v2,503,10.06,10.0,10,10,39.2,38.5,3.0,12.0,10,0.563256316462336,0.5197934595524957
0.43148780008777976,23,0.8525345622119815,0.48429319371727747,0.6176961602671118,185,32,197,0.7782861860718087,0.96007326007326,0.499341388815073,1.0,1.0,10,13,0.8452877729562212,0.9849856975305471,0.8186255452526694,1.1155130795011032,304,131,88,0.5812619502868069,0.6338487812829917,0.6069861438249373,0.4005102040816326,0.9849856975305471,16,19,1.9,peak2peak,dist_int_90_10,distance_intensity,0.9,0.1,0.0,position_only,0,1,S2,10,700.0,100.0,"S2: N=10, I=700+/-100",fragmented_gt_v2,503,10.06,10.0,10,10,39.2,38.5,3.0,12.0,10,0.6069861438249373,0.6176961602671118
0.448356700129807,22,0.847457627118644,0.5235602094240838,0.6472491909385114,200,36,182,0.7674638252494479,0.9358974358974359,0.5398068542805385,1.0,1.0,10,12,0.8431465305251014,0.9805930895990878,0.7998444108432143,1.0898346776028012,300,133,92,0.5714285714285714,0.6651540426520565,0.6165127933567994,0.3928571428571429,0.9805930895990878,13,23,2.3,peak2peak,dist_int_75_25,distance_intensity,0.75,0.25,0.0,position_only,0,1,S2,10,700.0,100.0,"S2: N=10, I=700+/-100",fragmented_gt_v2,503,10.06,10.0,10,10,39.2,38.5,3.0,12.0,10,0.6165127933567994,0.6472491909385114
0.3520782000850886,24,0.8202764976958525,0.46596858638743455,0.5943238731218697,178,39,204,0.769881728983141,0.9487179487179487,0.4713131581552634,1.0,1.0,10,14,0.8420624196757371,0.9832565566391913,0.7726507501369639,0.9441433727993312,301,140,91,0.5657894736842105,0.6551160901263782,0.608816711198585,0.3698979591836735,0.9832565566391913,16,22,2.2,peak2peak,dist_int_60_40,distance_intensity,0.6,0.4,0.0,position_only,0,1,S2,10,700.0,100.0,"S2: N=10, I=700+/-100",fragmented_gt_v2,503,10.06,10.0,10,10,39.2,38.5,3.0,12.0,10,0.608816711198585,0.5943238731218697
0.5090948999859393,26,0.7014925373134329,0.36910994764397903,0.483704974271012,141,60,241,0.7724226967872668,0.9201465201465202,0.39565777583694717,1.0,1.0,10,16,0.8452877729562212,0.9869643754604868,0.9348428467700732,1.5818048376698022,302,145,90,0.5623836126629422,0.5568310909789937,0.5596004651425998,0.3443877551020408,0.9869643754604868,22,28,2.8,peak2peak,dist_sig_90_10,distance_sigma,0.9,0.0,0.1,position_only,0,1,S2,10,700.0,100.0,"S2: N=10, I=700+/-100",fragmented_gt_v2,503,10.06,10.0,10,10,39.2,38.5,3.0,12.0,10,0.5596004651425998,0.483704974271012
0.4110960999969393,23,0.7368421052631579,0.36649214659685864,0.48951048951048953,140,50,242,0.7754336371666282,0.9451951951951951,0.3959877674827283,1.0,1.0,10,13,0.8559541711323722,0.9890074891866938,0.9200493778896857,1.058821458267506,303,138,89,0.5716981132075472,0.6835395983986424,0.6251226269358264,0.3698979591836735,0.9890074891866938,20,25,2.5,peak2peak,dist_sig_75_25,distance_sigma,0.75,0.0,0.25,position_only,0,1,S2,10,700.0,100.0,"S2: N=10, I=700+/-100",fragmented_gt_v2,503,10.06,10.0,10,10,39.2,38.5,3.0,12.0,10,0.6251226269358264,0.48951048951048953
0.4295816000085324,23,0.782608695652174,0.42408376963350786,0.5500848896434635,162,45,220,0.7701552818882729,0.9102564102564104,0.4549621264570873,1.0,1.0,10,13,0.8420624196757371,0.9850354643455396,0.9905990984299722,1.985975956628488,301,142,91,0.5636704119850188,0.5558071588014449,0.5597249772752984,0.34183673469387754,0.9850354643455396,25,26,2.6,peak2peak,dist_sig_60_40,distance_sigma,0.6,0.0,0.4,position_only,0,1,S2,10,700.0,100.0,"S2: N=10, I=700+/-100",fragmented_gt_v2,503,10.06,10.0,10,10,39.2,38.5,3.0,12.0,10,0.5597249772752984,0.5500848896434635
0.5047957999631763,25,0.7142857142857143,0.39267015706806285,0.5067567567567568,150,60,232,0.7700841581329386,0.9102564102564104,0.41693437158162805,1.0,1.0,10,15,0.8442306413744657,0.9777748926882298,0.9162357683960531,1.5221964263021115,301,144,91,0.5615671641791045,0.5553643510913701,0.5584571458299635,0.34693877551020413,0.9777748926882298,21,27,2.7,peak2peak,dist_meta_80_10_10,all_terms,0.8,0.1,0.1,position_only,0,1,S2,10,700.0,100.0,"S2: N=10, I=700+/-100",fragmented_gt_v2,503,10.06,10.0,10,10,39.2,38.5,3.0,12.0,10,0.5584571458299635,0.5067567567567568
0.5549566000699997,25,0.7952380952380952,0.43717277486910994,0.5641891891891891,167,43,215,0.7675987780159796,0.9198717948717949,0.46315569411873997,1.0,1.0,10,15,0.8452877729562212,0.9835217213025544,0.9131720278364354,1.4642937638190003,300,142,92,0.5617977528089888,0.5290116559089819,0.5451582884809035,0.35459183673469385,0.9835217213025544,19,25,2.5,peak2peak,dist_meta_70_20_10,all_terms,0.7,0.2,0.1,position_only,0,1,S2,10,700.0,100.0,"S2: N=10, I=700+/-100",fragmented_gt_v2,503,10.06,10.0,10,10,39.2,38.5,3.0,12.0,10,0.5451582884809035,0.5641891891891891
0.5825200998224318,24,0.7992125984251969,0.5314136125654451,0.6383647798742138,203,51,179,0.7566338657352778,0.9102564102564104,0.5489447371026318,1.0,1.0,10,14,0.8203041182231224,0.9719579443700992,0.7937558999124444,0.9553127813039461,296,141,96,0.5553470919324578,0.6877352425739522,0.6180062839348058,0.3520408163265306,0.9719579443700992,17,29,2.9,peak2peak,dist_meta_50_40_10,all_terms,0.5,0.4,0.1,position_only,0,1,S2,10,700.0,100.0,"S2: N=10, I=700+/-100",fragmented_gt_v2,503,10.06,10.0,10,10,39.2,38.5,3.0,12.0,10,0.6180062839348058,0.6383647798742138
0.6027071999851614,22,0.7685185185185185,0.43455497382198954,0.5551839464882944,166,50,216,0.7569925674097691,0.9230769230769231,0.4689127148757608,1.0,1.0,10,12,0.8203041182231224,0.9776872238374187,0.9539957854171754,1.8858031558931578,296,147,96,0.549165120593692,0.5651759003735748,0.5571129970529342,0.3112244897959183,0.9776872238374187,27,28,2.8,peak2peak,equal_all,all_terms,0.3333333333333333,0.3333333333333333,0.3333333333333333,position_only,0,1,S2,10,700.0,100.0,"S2: N=10, I=700+/-100",fragmented_gt_v2,503,10.06,10.0,10,10,39.2,38.5,3.0,12.0,10,0.5571129970529342,0.5551839464882944
0.4547654001507908,37,0.7300884955752213,0.45454545454545453,0.5602716468590833,165,61,198,0.8207801751094432,0.9791666666666667,0.5079162757973734,1.0,1.0,10,27,0.672422825284803,0.8878401835528932,0.6638421418847384,0.8701073919155019,306,209,67,0.5257731958762887,0.572975010212441,0.5488669258359846,0.16890080428954424,0.8878401835528932,34,35,3.5,peak2peak,distance_only,ablation,1.0,0.0,0.0,position_only,1,1,S2,10,700.0,100.0,"S2: N=10, I=700+/-100",fragmented_gt_v2,554,11.08,11.0,10,10,37.3,38.0,1.0,12.0,10,0.5488669258359846,0.5602716468590833
0.26013810001313686,26,0.7361563517915309,0.6225895316804407,0.6746268656716418,226,81,137,0.8107739212007505,0.9663461538461539,0.6593550656660413,1.0,1.0,10,16,0.6680328249660987,0.888685348871949,0.6403192549627056,1.1317918945045207,302,190,71,0.5364120781527532,0.6810850469881754,0.6044354766670241,0.20107238605898126,0.888685348871949,37,37,3.7,peak2peak,intensity_only,ablation,0.0,1.0,0.0,position_only,1,1,S2,10,700.0,100.0,"S2: N=10, I=700+/-100",fragmented_gt_v2,554,11.08,11.0,10,10,37.3,38.0,1.0,12.0,10,0.6044354766670241,0.6746268656716418
0.419644600013271,24,0.7587548638132295,0.5371900826446281,0.6290322580645161,195,62,168,0.8186135866166353,0.9895833333333333,0.5638518036841208,1.0,1.0,10,14,0.6728638312432792,0.8964607130332454,0.6520335289243453,0.9610413980649536,305,194,68,0.5379188712522046,0.6996993073469199,0.6134993574764399,0.193029490616622,0.8964607130332454,39,31,3.1,peak2peak,sigma_only,ablation,0.0,0.0,1.0,position_only,1,1,S2,10,700.0,100.0,"S2: N=10, I=700+/-100",fragmented_gt_v2,554,11.08,11.0,10,10,37.3,38.0,1.0,12.0,10,0.6134993574764399,0.6290322580645161
0.5770455999299884,33,0.7181818181818181,0.43526170798898073,0.5420240137221269,158,62,205,0.8202833802376486,0.9791666666666667,0.48791627579737334,1.0,1.0,10,23,0.6680328249660987,0.8914119207632129,0.661931084992007,0.8201728648538887,306,199,67,0.534965034965035,0.6113346501781871,0.5718764398958146,0.20107238605898126,0.8914119207632129,32,34,3.4,peak2peak,dist_int_90_10,distance_intensity,0.9,0.1,0.0,position_only,1,1,S2,10,700.0,100.0,"S2: N=10, I=700+/-100",fragmented_gt_v2,554,11.08,11.0,10,10,37.3,38.0,1.0,12.0,10,0.5718764398958146,0.5420240137221269
0.65561189991422,30,0.7289377289377289,0.5482093663911846,0.6257861635220126,199,74,164,0.8227833802376485,0.9791666666666667,0.5848518605378361,1.0,1.0,10,20,0.6719818193263268,0.8976422741682089,0.6382961628508468,0.8999163340302768,307,188,66,0.5472370766488414,0.6165755939654998,0.5808726414410504,0.24128686327077753,0.8976422741682089,29,34,3.4,peak2peak,dist_int_75_25,distance_intensity,0.75,0.25,0.0,position_only,1,1,S2,10,700.0,100.0,"S2: N=10, I=700+/-100",fragmented_gt_v2,554,11.08,11.0,10,10,37.3,38.0,1.0,12.0,10,0.5808726414410504,0.6257861635220126
0.5596870000008494,27,0.7315436241610739,0.6005509641873278,0.659606656580938,218,80,145,0.8179084584115073,0.9635416666666667,0.6461018605378361,1.0,1.0,10,17,0.6640838306058707,0.8890019425811451,0.6430843501289748,0.989608240481569,305,184,68,0.547576301615799,0.6647035282070762,0.6033041518559306,0.24932975871313678,0.8890019425811451,28,34,3.4,peak2peak,dist_int_60_40,distance_intensity,0.6,0.4,0.0,position_only,1,1,S2,10,700.0,100.0,"S2: N=10, I=700+/-100",fragmented_gt_v2,554,11.08,11.0,10,10,37.3,38.0,1.0,12.0,10,0.6033041518559306,0.659606656580938
0.368819999974221,28,0.7259786476868327,0.5619834710743802,0.6335403726708074,204,77,159,0.816171435272045,0.9895833333333333,0.6043585834896811,1.0,1.0,10,18,0.672422825284803,0.8858604863755941,0.6403192549627056,0.842384884553512,304,196,69,0.5342706502636204,0.6732020442083133,0.5997266826796804,0.2278820375335121,0.8858604863755941,23,32,3.2,peak2peak,dist_sig_90_10,distance_sigma,0.9,0.0,0.1,position_only,1,1,S2,10,700.0,100.0,"S2: N=10, I=700+/-100",fragmented_gt_v2,554,11.08,11.0,10,10,37.3,38.0,1.0,12.0,10,0.5997266826796804,0.6335403726708074
0.28761329990811646,26,0.7063197026022305,0.5234159779614325,0.6012658227848101,190,79,173,0.8243332835863324,0.9744318181818181,0.5641163511285463,1.0,1.0,10,16,0.678537530885699,0.9004927767599461,0.648494133638752,0.8714999204251519,307,188,66,0.5472370766488414,0.5821746507829056,0.5644356065960912,0.24932975871313678,0.9004927767599461,26,32,3.2,peak2peak,dist_sig_75_25,distance_sigma,0.75,0.0,0.25,position_only,1,1,S2,10,700.0,100.0,"S2: N=10, I=700+/-100",fragmented_gt_v2,554,11.08,11.0,10,10,37.3,38.0,1.0,12.0,10,0.5644356065960912,0.6012658227848101
0.3699825999792665,25,0.7217741935483871,0.4931129476584022,0.585924713584288,179,69,184,0.8324917917448404,0.9895833333333333,0.514873926886122,1.0,1.0,10,15,0.6776071426674601,0.9071292440363542,0.6416545916107228,1.1708903139578517,310,185,63,0.5555555555555556,0.6141270351448307,0.584107598128609,0.24932975871313678,0.9071292440363542,32,31,3.1,peak2peak,dist_sig_60_40,distance_sigma,0.6,0.0,0.4,position_only,1,1,S2,10,700.0,100.0,"S2: N=10, I=700+/-100",fragmented_gt_v2,554,11.08,11.0,10,10,37.3,38.0,1.0,12.0,10,0.584107598128609,0.585924713584288
0.42939460021443665,29,0.6942148760330579,0.4628099173553719,0.5553719008264463,168,74,195,0.8192804096310194,0.9791666666666667,0.49550077463187214,1.0,1.0,10,19,0.6640838306058707,0.8870754544392033,0.6367943413857451,0.9379478308891244,305,197,68,0.5350877192982456,0.6190210937220727,0.5755263549458438,0.2091152815013405,0.8870754544392033,30,30,3.0,peak2peak,dist_meta_80_10_10,all_terms,0.8,0.1,0.1,position_only,1,1,S2,10,700.0,100.0,"S2: N=10, I=700+/-100",fragmented_gt_v2,554,11.08,11.0,10,10,37.3,38.0,1.0,12.0,10,0.5755263549458438,0.5553719008264463
0.49814230017364025,27,0.720164609053498,0.4820936639118457,0.5775577557755776,175,68,188,0.8211281553812041,0.9640151515151516,0.5203178478026039,1.0,1.0,10,17,0.6680328249660987,0.8863123053733245,0.6413456238286995,0.9809438122092226,306,194,67,0.5396825396825397,0.6178320088371493,0.5774367044329604,0.21715817694369977,0.8863123053733245,31,33,3.3,peak2peak,dist_meta_70_20_10,all_terms,0.7,0.2,0.1,position_only,1,1,S2,10,700.0,100.0,"S2: N=10, I=700+/-100",fragmented_gt_v2,554,11.08,11.0,10,10,37.3,38.0,1.0,12.0,10,0.5774367044329604,0.5775577557755776
0.45373209984973073,26,0.7310344827586207,0.5840220385674931,0.6493108728943339,212,78,151,0.812874950252999,0.9635416666666667,0.6223518605378361,1.0,1.0,10,16,0.6640838306058707,0.8828262219855135,0.6442447233007315,0.9896592357698712,303,190,70,0.5381882770870338,0.6748764233758122,0.60266954423074,0.23324396782841827,0.8828262219855135,26,34,3.4,peak2peak,dist_meta_50_40_10,all_terms,0.5,0.4,0.1,position_only,1,1,S2,10,700.0,100.0,"S2: N=10, I=700+/-100",fragmented_gt_v2,554,11.08,11.0,10,10,37.3,38.0,1.0,12.0,10,0.60266954423074,0.6493108728943339
0.58278560009785,24,0.7376425855513308,0.5344352617079889,0.6198083067092651,194,69,169,0.8211745622263915,0.9895833333333333,0.555498926886122,1.0,1.0,10,14,0.6747702928462502,0.892125119889223,0.6621737144500506,1.3089123615045781,306,184,67,0.5493716337522442,0.615128087632928,0.5813208429686616,0.24128686327077753,0.892125119889223,32,30,3.0,peak2peak,equal_all,all_terms,0.3333333333333333,0.3333333333333333,0.3333333333333333,position_only,1,1,S2,10,700.0,100.0,"S2: N=10, I=700+/-100",fragmented_gt_v2,554,11.08,11.0,10,10,37.3,38.0,1.0,12.0,10,0.5813208429686616,0.6198083067092651
0.6656180999707431,32,0.8045325779036827,0.5071428571428571,0.6221248630887185,284,69,276,0.7676470589882415,0.9333333333333333,0.5408500351002578,1.0,1.0,15,17,0.737372465399111,0.9134314612880277,0.7179396528989326,1.105700348756633,438,182,137,0.5785997357992074,0.6543460686300586,0.615308428701088,0.40695652173913044,0.9134314612880277,22,32,2.1333333333333333,peak2peak,distance_only,ablation,1.0,0.0,0.0,position_only,0,2,S3,15,600.0,150.0,"S3: N=15, I=600+/-150",fragmented_gt_v2,716,14.32,14.0,15,15,38.333333333333336,38.0,1.0,12.0,15,0.615308428701088,0.6221248630887185
0.8900555998552591,32,0.7521367521367521,0.4714285714285714,0.5795828759604829,264,87,296,0.7499905742061537,0.9069767441860465,0.5172618109520756,1.0,1.0,15,17,0.7368280141247855,0.914355747940696,0.7565486453191833,1.5043867747514328,429,199,146,0.5542635658914729,0.5461179853862255,0.5501757010061755,0.2973913043478261,0.914355747940696,59,45,3.0,peak2peak,intensity_only,ablation,0.0,1.0,0.0,position_only,0,2,S3,15,600.0,150.0,"S3: N=15, I=600+/-150",fragmented_gt_v2,716,14.32,14.0,15,15,38.333333333333336,38.0,1.0,12.0,15,0.5501757010061755,0.5795828759604829
0.810205299872905,33,0.814935064935065,0.44821428571428573,0.5783410138248848,251,57,309,0.7556885350336169,0.9302325581395349,0.5014594673052806,1.0,1.0,15,18,0.7414714304166681,0.9124327960741927,0.856212139851534,1.6406379321105289,432,202,143,0.555984555984556,0.4901389798169581,0.5220246192127864,0.2556521739130435,0.9124327960741927,83,37,2.466666666666667,peak2peak,sigma_only,ablation,0.0,0.0,1.0,position_only,0,2,S3,15,600.0,150.0,"S3: N=15, I=600+/-150",fragmented_gt_v2,716,14.32,14.0,15,15,38.333333333333336,38.0,1.0,12.0,15,0.5220246192127864,0.5783410138248848
0.9235702999867499,33,0.7650602409638554,0.45357142857142857,0.5695067264573992,254,78,306,0.76191975695451,0.9512195121951219,0.48397472571248884,1.0,1.0,15,18,0.7405624415835861,0.9161408282384577,0.735903823368584,1.1666712232097498,435,190,140,0.5686274509803921,0.6570378582215611,0.6112362575290692,0.38086956521739135,0.9161408282384577,26,31,2.066666666666667,peak2peak,dist_int_90_10,distance_intensity,0.9,0.1,0.0,position_only,0,2,S3,15,600.0,150.0,"S3: N=15, I=600+/-150",fragmented_gt_v2,716,14.32,14.0,15,15,38.333333333333336,38.0,1.0,12.0,15,0.6112362575290692,0.5695067264573992
2.1954185999929905,33,0.727810650887574,0.4392857142857143,0.5478841870824053,246,92,314,0.7620065083859339,0.9375,0.4759546755871756,1.0,1.0,15,18,0.7411522343693812,0.9161521013219875,0.7231392547480354,1.1539020883404174,435,186,140,0.5716162943495401,0.6266276251112923,0.5984902346765315,0.3773913043478261,0.9161521013219875,32,33,2.2,peak2peak,dist_int_75_25,distance_intensity,0.75,0.25,0.0,position_only,0,2,S3,15,600.0,150.0,"S3: N=15, I=600+/-150",fragmented_gt_v2,716,14.32,14.0,15,15,38.333333333333336,38.0,1.0,12.0,15,0.5984902346765315,0.5478841870824053
1.3101592001039535,30,0.7479674796747967,0.4928571428571429,0.5941872981700753,276,93,284,0.7713825194342282,0.9375,0.5357456921719348,1.0,1.0,15,15,0.7408573379764836,0.9215971984800637,0.7226886178843135,1.0995939687848688,440,175,135,0.5866666666666667,0.6856446077349904,0.6342277481613848,0.4260869565217391,0.9215971984800637,20,36,2.4,peak2peak,dist_int_60_40,distance_intensity,0.6,0.4,0.0,position_only,0,2,S3,15,600.0,150.0,"S3: N=15, I=600+/-150",fragmented_gt_v2,716,14.32,14.0,15,15,38.333333333333336,38.0,1.0,12.0,15,0.6342277481613848,0.5941872981700753
0.8712083001155406,33,0.7795527156549521,0.4357142857142857,0.5589919816723941,244,69,316,0.7748398824846146,0.9534883720930233,0.4686213315488282,1.0,1.0,15,18,0.7392396791285114,0.9152792706415339,0.7414714304166681,1.1544433394900155,442,176,133,0.5885486018641811,0.6642301349130345,0.6252453256275674,0.4191304347826087,0.9152792706415339,25,28,1.8666666666666667,peak2peak,dist_sig_90_10,distance_sigma,0.9,0.0,0.1,position_only,0,2,S3,15,600.0,150.0,"S3: N=15, I=600+/-150",fragmented_gt_v2,716,14.32,14.0,15,15,38.333333333333336,38.0,1.0,12.0,15,0.6252453256275674,0.5589919816723941
0.8090000001247972,30,0.7841530054644809,0.5125,0.6198704103671705,287,79,273,0.7769052238016053,0.9375,0.5333767519670032,1.0,1.0,15,15,0.7411522343693812,0.923029152490192,0.7265154405469262,1.0565068244519273,443,178,132,0.5883134130146083,0.701619254776457,0.642473360081415,0.4191304347826087,0.923029152490192,24,33,2.2,peak2peak,dist_sig_75_25,distance_sigma,0.75,0.0,0.25,position_only,0,2,S3,15,600.0,150.0,"S3: N=15, I=600+/-150",fragmented_gt_v2,716,14.32,14.0,15,15,38.333333333333336,38.0,1.0,12.0,15,0.642473360081415,0.6198704103671705
0.7163396999239922,33,0.8214285714285714,0.4928571428571429,0.6160714285714286,276,60,284,0.764797158588205,0.9375,0.5118081245160229,1.0,1.0,15,18,0.7379169166734366,0.912492413096568,0.7248185361174058,1.06100628116499,437,196,138,0.5667963683527886,0.6676925570203868,0.6151794181337201,0.37913043478260866,0.912492413096568,23,35,2.3333333333333335,peak2peak,dist_sig_60_40,distance_sigma,0.6,0.0,0.4,position_only,0,2,S3,15,600.0,150.0,"S3: N=15, I=600+/-150",fragmented_gt_v2,716,14.32,14.0,15,15,38.333333333333336,38.0,1.0,12.0,15,0.6151794181337201,0.6160714285714286
0.8543543999549001,32,0.7849162011173184,0.5017857142857143,0.6122004357298474,281,77,279,0.7750770098558881,0.9534883720930233,0.5218377058178338,1.0,1.0,15,17,0.7408573379764836,0.9173712856133939,0.7205877000056953,1.0922141060864883,442,176,133,0.5885486018641811,0.7013682356956255,0.6424868049311269,0.4278260869565217,0.9173712856133939,20,29,1.9333333333333333,peak2peak,dist_meta_80_10_10,all_terms,0.8,0.1,0.1,position_only,0,2,S3,15,600.0,150.0,"S3: N=15, I=600+/-150",fragmented_gt_v2,716,14.32,14.0,15,15,38.333333333333336,38.0,1.0,12.0,15,0.6424868049311269,0.6122004357298474
0.91798449982889,32,0.7471590909090909,0.46964285714285714,0.5767543859649122,263,89,297,0.7693952599852119,0.9375,0.5107865005689394,1.0,1.0,15,17,0.7405624415835861,0.9134063864713315,0.7186917529205105,1.101970522125079,439,184,136,0.5783926218708827,0.7076066115548492,0.639745608277525,0.3947826086956522,0.9134063864713315,28,32,2.1333333333333333,peak2peak,dist_meta_70_20_10,all_terms,0.7,0.2,0.1,position_only,0,2,S3,15,600.0,150.0,"S3: N=15, I=600+/-150",fragmented_gt_v2,716,14.32,14.0,15,15,38.333333333333336,38.0,1.0,12.0,15,0.639745608277525,0.5767543859649122
0.9698141999542713,32,0.7492447129909365,0.44285714285714284,0.5566778900112234,248,83,312,0.7718172205495873,0.9375,0.47626895670929026,1.0,1.0,15,17,0.7408573379764836,0.9144040346824069,0.7186917529205105,1.1380998472802013,440,181,135,0.582010582010582,0.646023617107036,0.6131823394269011,0.40521739130434786,0.9144040346824069,26,32,2.1333333333333333,peak2peak,dist_meta_50_40_10,all_terms,0.5,0.4,0.1,position_only,0,2,S3,15,600.0,150.0,"S3: N=15, I=600+/-150",fragmented_gt_v2,716,14.32,14.0,15,15,38.333333333333336,38.0,1.0,12.0,15,0.6131823394269011,0.5566778900112234
0.9050197000615299,31,0.8044077134986226,0.5214285714285715,0.6327193932827736,292,71,268,0.7766136393210943,0.9375,0.5490562483492141,1.0,1.0,15,16,0.7417906264639551,0.9197088735371141,0.7226886178843135,1.1226703884265425,443,186,132,0.5821287779237845,0.6204366524213316,0.6009775621877689,0.39826086956521745,0.9197088735371141,28,36,2.4,peak2peak,equal_all,all_terms,0.3333333333333333,0.3333333333333333,0.3333333333333333,position_only,0,2,S3,15,600.0,150.0,"S3: N=15, I=600+/-150",fragmented_gt_v2,716,14.32,14.0,15,15,38.333333333333336,38.0,1.0,12.0,15,0.6009775621877689,0.6327193932827736
0.7219054999295622,38,0.7269938650306749,0.42702702702702705,0.5380249716231555,237,89,318,0.7991404061508102,0.9375,0.45868228868687866,1.0,1.0,15,23,0.6910871184837741,0.9075439602792873,0.6369301387120091,0.8826133825145868,450,231,120,0.5617977528089888,0.5757759691793138,0.5687439191818723,0.32280701754385965,0.9075439602792873,35,50,3.3333333333333335,peak2peak,distance_only,ablation,1.0,0.0,0.0,position_only,1,2,S3,15,600.0,150.0,"S3: N=15, I=600+/-150",fragmented_gt_v2,773,15.46,15.0,15,15,38.0,39.0,0.0,12.0,15,0.5687439191818723,0.5380249716231555
1.1256295000202954,35,0.7377049180327869,0.40540540540540543,0.5232558139534884,225,80,330,0.7939142961281884,0.9393939393939394,0.454379995712615,1.0,1.0,15,20,0.7008260200887045,0.9142281704533806,0.6995520587175434,1.4302144704534085,447,235,123,0.55527950310559,0.5617424400629977,0.5585016230876174,0.25263157894736843,0.9142281704533806,68,57,3.8,peak2peak,intensity_only,ablation,0.0,1.0,0.0,position_only,1,2,S3,15,600.0,150.0,"S3: N=15, I=600+/-150",fragmented_gt_v2,773,15.46,15.0,15,15,38.0,39.0,0.0,12.0,15,0.5585016230876174,0.5232558139534884
1.2007883000187576,35,0.7297297297297297,0.34054054054054056,0.4643734643734644,189,70,366,0.815929483782911,0.9069767441860465,0.38697010925744096,1.0,1.0,15,20,0.7022059547138974,0.9270373540125647,0.7142663003487314,1.1914230731127382,460,236,110,0.5707196029776674,0.5120077905779198,0.5405671863516163,0.28596491228070176,0.9270373540125647,61,60,4.0,peak2peak,sigma_only,ablation,0.0,0.0,1.0,position_only,1,2,S3,15,600.0,150.0,"S3: N=15, I=600+/-150",fragmented_gt_v2,773,15.46,15.0,15,15,38.0,39.0,0.0,12.0,15,0.5405671863516163,0.4643734643734644
0.906706599984318,35,0.703125,0.4864864864864865,0.575079872204473,270,114,285,0.7986508956612997,0.9375,0.5315248670817827,1.0,1.0,15,20,0.6908362117839812,0.908655452812874,0.6476948255374507,0.8431446262384921,449,228,121,0.5626566416040101,0.658686354482613,0.6087809557497471,0.3280701754385965,0.908655452812874,34,50,3.3333333333333335,peak2peak,dist_int_90_10,distance_intensity,0.9,0.1,0.0,position_only,1,2,S3,15,600.0,150.0,"S3: N=15, I=600+/-150",fragmented_gt_v2,773,15.46,15.0,15,15,38.0,39.0,0.0,12.0,15,0.6087809557497471,0.575079872204473
1.0002078998368233,35,0.6685236768802229,0.43243243243243246,0.5251641137855579,240,119,315,0.7898218941288097,0.9090909090909091,0.4773536216605372,1.0,1.0,15,20,0.6872305098529012,0.8971644939947607,0.6556573530668555,0.906620342295273,444,239,126,0.5488257107540173,0.6126031066102028,0.579838197599523,0.2912280701754386,0.8971644939947607,39,48,3.2,peak2peak,dist_int_75_25,distance_intensity,0.75,0.25,0.0,position_only,1,2,S3,15,600.0,150.0,"S3: N=15, I=600+/-150",fragmented_gt_v2,773,15.46,15.0,15,15,38.0,39.0,0.0,12.0,15,0.579838197599523,0.5251641137855579
0.8654908000025898,30,0.7294117647058823,0.5585585585585585,0.6326530612244897,310,115,245,0.7864626607695763,0.9090909090909091,0.6049264794659531,1.0,1.0,15,15,0.6850926292604294,0.8922974979482148,0.692765093405969,1.0340734926128212,442,228,128,0.5538847117794486,0.7200788635287354,0.631538339124464,0.3192982456140351,0.8922974979482148,32,49,3.2666666666666666,peak2peak,dist_int_60_40,distance_intensity,0.6,0.4,0.0,position_only,1,2,S3,15,600.0,150.0,"S3: N=15, I=600+/-150",fragmented_gt_v2,773,15.46,15.0,15,15,38.0,39.0,0.0,12.0,15,0.631538339124464,0.6326530612244897
1.000092700123787,39,0.6604938271604939,0.3855855855855856,0.48691695108077354,214,110,341,0.807400010456926,0.9375,0.42547299582642306,1.0,1.0,15,24,0.6958273011226557,0.9089253979530058,0.6721231585241771,0.9705207291348037,454,245,116,0.5570552147239264,0.593298393415101,0.5748912627090532,0.2894736842105263,0.9089253979530058,44,49,3.2666666666666666,peak2peak,dist_sig_90_10,distance_sigma,0.9,0.0,0.1,position_only,1,2,S3,15,600.0,150.0,"S3: N=15, I=600+/-150",fragmented_gt_v2,773,15.46,15.0,15,15,38.0,39.0,0.0,12.0,15,0.5748912627090532,0.48691695108077354
0.8136417001951486,33,0.714975845410628,0.5333333333333333,0.6109391124871001,296,118,259,0.8033331642970566,0.9375,0.5662952312998212,1.0,1.0,15,18,0.6940867634263771,0.9116443637592266,0.644165217420217,0.9302217679502445,452,226,118,0.5678391959798995,0.6789400859230608,0.6209096492317339,0.3403508771929824,0.9116443637592266,32,54,3.6,peak2peak,dist_sig_75_25,distance_sigma,0.75,0.0,0.25,position_only,1,2,S3,15,600.0,150.0,"S3: N=15, I=600+/-150",fragmented_gt_v2,773,15.46,15.0,15,15,38.0,39.0,0.0,12.0,15,0.6209096492317339,0.6109391124871001
0.7850713999941945,30,0.725,0.5225225225225225,0.607329842931937,290,110,265,0.8176004119073276,0.96875,0.5621771271817171,1.0,1.0,15,15,0.6958273011226557,0.9191334560692057,0.67446264206967,1.222190214201973,460,222,110,0.5808080808080808,0.5748772612636414,0.5778350619465222,0.35964912280701755,0.9191334560692057,33,54,3.6,peak2peak,dist_sig_60_40,distance_sigma,0.6,0.0,0.4,position_only,1,2,S3,15,600.0,150.0,"S3: N=15, I=600+/-150",fragmented_gt_v2,773,15.46,15.0,15,15,38.0,39.0,0.0,12.0,15,0.5778350619465222,0.607329842931937
1.059871400007978,35,0.7016574585635359,0.45765765765765765,0.5539803707742639,254,108,301,0.8057833067471992,0.9375,0.49658410693753413,1.0,1.0,15,20,0.6941921616283713,0.9134169858180166,0.6762644038169808,1.0041578294795583,453,236,117,0.5620347394540943,0.6134388555484254,0.5871745458968542,0.32280701754385965,0.9134169858180166,33,50,3.3333333333333335,peak2peak,dist_meta_80_10_10,all_terms,0.8,0.1,0.1,position_only,1,2,S3,15,600.0,150.0,"S3: N=15, I=600+/-150",fragmented_gt_v2,773,15.46,15.0,15,15,38.0,39.0,0.0,12.0,15,0.5871745458968542,0.5539803707742639
0.9179435998667032,36,0.711864406779661,0.4540540540540541,0.5544554455445544,252,102,303,0.8039148909252949,0.9375,0.49273795309138024,1.0,1.0,15,21,0.692659695203975,0.9067843727172139,0.6762644038169808,1.0098455322245357,452,235,118,0.5614906832298137,0.6018170681803846,0.5813042893287194,0.32280701754385965,0.9067843727172139,33,50,3.3333333333333335,peak2peak,dist_meta_70_20_10,all_terms,0.7,0.2,0.1,position_only,1,2,S3,15,600.0,150.0,"S3: N=15, I=600+/-150",fragmented_gt_v2,773,15.46,15.0,15,15,38.0,39.0,0.0,12.0,15,0.5813042893287194,0.5544554455445544
0.9720612999517471,37,0.72,0.4540540540540541,0.5569060773480663,252,98,303,0.8019505923040194,0.9487179487179487,0.49300990336333056,1.0,1.0,15,22,0.6913380251835669,0.9030402960165387,0.67446264206967,1.006136299522629,451,237,119,0.5588599752168525,0.616603384713155,0.5870221054606216,0.31228070175438594,0.9030402960165387,36,50,3.3333333333333335,peak2peak,dist_meta_50_40_10,all_terms,0.5,0.4,0.1,position_only,1,2,S3,15,600.0,150.0,"S3: N=15, I=600+/-150",fragmented_gt_v2,773,15.46,15.0,15,15,38.0,39.0,0.0,12.0,15,0.5870221054606216,0.5569060773480663
0.973231100011617,33,0.7628571428571429,0.4810810810810811,0.5900552486187846,267,83,288,0.813543443896871,0.9487179487179487,0.5231017581063481,1.0,1.0,15,18,0.6982165053596214,0.9184544318890446,0.6556573530668555,1.160651780366993,458,225,112,0.5761006289308176,0.5577294357946823,0.5668406114019588,0.33684210526315794,0.9184544318890446,41,54,3.6,peak2peak,equal_all,all_terms,0.3333333333333333,0.3333333333333333,0.3333333333333333,position_only,1,2,S3,15,600.0,150.0,"S3: N=15, I=600+/-150",fragmented_gt_v2,773,15.46,15.0,15,15,38.0,39.0,0.0,12.0,15,0.5668406114019588,0.5900552486187846
1.352301400154829,50,0.7410256410256411,0.3921302578018996,0.512866015971606,289,101,448,0.7672714149710489,0.9453748006379585,0.43306739488736473,1.0,1.0,20,30,0.7168354892605064,0.9018546030819514,0.6731486724778866,1.2323917987703537,581,255,176,0.5741106719367589,0.5044768903393883,0.5381687156360102,0.3698811096433289,0.9018546030819514,46,46,2.3,peak2peak,distance_only,ablation,1.0,0.0,0.0,position_only,0,3,S4,20,550.0,200.0,"S4: N=20, I=550+/-200",fragmented_gt_v2,951,19.02,19.0,20,20,37.85,37.5,1.0,12.0,20,0.5381687156360102,0.512866015971606
1.2834286000579596,45,0.718421052631579,0.3704206241519674,0.48880931065353617,273,107,464,0.7681377038618498,0.9298913043478261,0.42364792316274275,1.0,1.0,20,25,0.7153441560434979,0.9066874878562593,0.7385474474543348,2.525518245374381,581,260,176,0.5712881022615536,0.4571055238861714,0.5110175606319259,0.27476882430647287,0.9066874878562593,113,58,2.9,peak2peak,intensity_only,ablation,0.0,1.0,0.0,position_only,0,3,S4,20,550.0,200.0,"S4: N=20, I=550+/-200",fragmented_gt_v2,951,19.02,19.0,20,20,37.85,37.5,1.0,12.0,20,0.5110175606319259,0.48880931065353617
1.1680777000728995,44,0.7401574803149606,0.38263229308005425,0.5044722719141324,282,99,455,0.7761768331308947,0.9442724458204335,0.4450665987702685,1.0,1.0,20,24,0.7212483008499843,0.9027658706080852,0.7427534338292116,2.050475557861172,587,256,170,0.579466929911155,0.4413294905167971,0.5057033171228192,0.26552179656538966,0.9027658706080852,130,60,3.0,peak2peak,sigma_only,ablation,0.0,0.0,1.0,position_only,0,3,S4,20,550.0,200.0,"S4: N=20, I=550+/-200",fragmented_gt_v2,951,19.02,19.0,20,20,37.85,37.5,1.0,12.0,20,0.5057033171228192,0.5044722719141324
1.533258899813518,53,0.7386363636363636,0.35278154681139756,0.4775022956841138,260,92,477,0.7669299791311072,0.9716905901116428,0.39143377733518714,1.0,1.0,20,33,0.7114924598950664,0.8975253426981918,0.658459839094263,1.2664385374484426,581,270,176,0.5657254138266796,0.5017277345799077,0.5327664875661201,0.34346103038309117,0.8975253426981918,51,43,2.15,peak2peak,dist_int_90_10,distance_intensity,0.9,0.1,0.0,position_only,0,3,S4,20,550.0,200.0,"S4: N=20, I=550+/-200",fragmented_gt_v2,951,19.02,19.0,20,20,37.85,37.5,1.0,12.0,20,0.5327664875661201,0.4775022956841138
1.5176832999568433,50,0.7917737789203085,0.417910447761194,0.5470692717584369,308,81,429,0.7797187871255555,0.9631093544137023,0.45813418477088874,1.0,1.0,20,30,0.7168354892605064,0.9045209005940382,0.6850023843064137,1.3272575230414045,591,261,166,0.5805500982318271,0.5678038349204786,0.5741415958972943,0.3751651254953765,0.9045209005940382,46,43,2.15,peak2peak,dist_int_75_25,distance_intensity,0.75,0.25,0.0,position_only,0,3,S4,20,550.0,200.0,"S4: N=20, I=550+/-200",fragmented_gt_v2,951,19.02,19.0,20,20,37.85,37.5,1.0,12.0,20,0.5741415958972943,0.5470692717584369
1.3635256998240948,46,0.7678571428571429,0.46675712347354137,0.580590717299578,344,104,393,0.7733077226997854,0.9407608695652174,0.5059552468566567,1.0,1.0,20,26,0.716911415079094,0.9066765459753656,0.6881043836996135,2.0641097880287673,586,254,171,0.579624134520277,0.5845670600999439,0.5820903506153428,0.38573315719947154,0.9066765459753656,40,48,2.4,peak2peak,dist_int_60_40,distance_intensity,0.6,0.4,0.0,position_only,0,3,S4,20,550.0,200.0,"S4: N=20, I=550+/-200",fragmented_gt_v2,951,19.02,19.0,20,20,37.85,37.5,1.0,12.0,20,0.5820903506153428,0.580590717299578
1.5308926000725478,46,0.7770419426048565,0.47761194029850745,0.5915966386554621,352,101,385,0.7716247433886249,0.9410755148741419,0.5183778432399119,1.0,1.0,20,26,0.7169873408976815,0.9058820904091164,0.726845509202507,1.4934153007358741,585,258,172,0.5763546798029556,0.6054176357518476,0.5907074467118377,0.3672391017173051,0.9058820904091164,49,47,2.35,peak2peak,dist_sig_90_10,distance_sigma,0.9,0.0,0.1,position_only,0,3,S4,20,550.0,200.0,"S4: N=20, I=550+/-200",fragmented_gt_v2,951,19.02,19.0,20,20,37.85,37.5,1.0,12.0,20,0.5907074467118377,0.5915966386554621
1.1595202998723835,44,0.7293064876957495,0.4423337856173677,0.5506756756756758,326,121,411,0.7763273660499699,0.9519450800915332,0.4925075049422176,1.0,1.0,20,24,0.7237853970620375,0.9100583658911126,0.6542523548247563,0.9471412191229717,588,252,169,0.5827552031714569,0.6190817521920462,0.6006439147102195,0.3844121532364597,0.9100583658911126,45,47,2.35,peak2peak,dist_sig_75_25,distance_sigma,0.75,0.0,0.25,position_only,0,3,S4,20,550.0,200.0,"S4: N=20, I=550+/-200",fragmented_gt_v2,951,19.02,19.0,20,20,37.85,37.5,1.0,12.0,20,0.6006439147102195,0.5506756756756758
1.4906957000494003,43,0.7312348668280871,0.4097693351424695,0.5252173913043479,302,111,435,0.778988241210845,0.9621318373071529,0.4542915614526173,1.0,1.0,20,23,0.7223165483211467,0.9117238496682969,0.6571911425913552,1.12951654487657,590,252,167,0.5847373637264618,0.5289568899510597,0.5561482332570434,0.3712021136063408,0.9117238496682969,57,47,2.35,peak2peak,dist_sig_60_40,distance_sigma,0.6,0.0,0.4,position_only,0,3,S4,20,550.0,200.0,"S4: N=20, I=550+/-200",fragmented_gt_v2,951,19.02,19.0,20,20,37.85,37.5,1.0,12.0,20,0.5561482332570434,0.5252173913043479
1.8046440999023616,45,0.7333333333333333,0.44776119402985076,0.5560235888795282,330,120,407,0.7725663183461438,0.9387871853546911,0.4883993421107582,1.0,1.0,20,25,0.7212483008499843,0.9025157209925067,0.6901913135567523,1.114175129357783,585,259,172,0.5757874015748031,0.5714411799860833,0.5736101744015933,0.37252311756935275,0.9025157209925067,44,45,2.25,peak2peak,dist_meta_80_10_10,all_terms,0.8,0.1,0.1,position_only,0,3,S4,20,550.0,200.0,"S4: N=20, I=550+/-200",fragmented_gt_v2,951,19.02,19.0,20,20,37.85,37.5,1.0,12.0,20,0.5736101744015933,0.5560235888795282
1.3681799001060426,43,0.738255033557047,0.44776119402985076,0.5574324324324325,330,117,407,0.774931262153866,0.9486842105263158,0.48577359744760207,1.0,1.0,20,23,0.724185998331766,0.9089590253359969,0.6862642898572565,1.127400112403444,587,251,170,0.5823412698412699,0.596587647763574,0.5894214183165182,0.39498018494055487,0.9089590253359969,37,46,2.3,peak2peak,dist_meta_70_20_10,all_terms,0.7,0.2,0.1,position_only,0,3,S4,20,550.0,200.0,"S4: N=20, I=550+/-200",fragmented_gt_v2,951,19.02,19.0,20,20,37.85,37.5,1.0,12.0,20,0.5894214183165182,0.5574324324324325
1.9461342000868171,44,0.7493917274939172,0.417910447761194,0.5365853658536586,308,103,429,0.7774187783827684,0.9532608695652174,0.4538349049968131,1.0,1.0,20,24,0.7212483008499843,0.9087762752863557,0.6735637716527909,1.0118532356117178,589,253,168,0.5831683168316831,0.5532320092623394,0.5680029750440825,0.3883751651254954,0.9087762752863557,42,44,2.2,peak2peak,dist_meta_50_40_10,all_terms,0.5,0.4,0.1,position_only,0,3,S4,20,550.0,200.0,"S4: N=20, I=550+/-200",fragmented_gt_v2,951,19.02,19.0,20,20,37.85,37.5,1.0,12.0,20,0.5680029750440825,0.5365853658536586
1.2462267000228167,46,0.7333333333333333,0.43283582089552236,0.5443686006825939,319,116,418,0.775258343176823,0.9372705018359853,0.4826785479786594,1.0,1.0,20,26,0.723384795792309,0.911842337128598,0.7076615711737904,1.7024623026302657,587,258,170,0.5783251231527093,0.45894539202817597,0.5151889462760855,0.3540290620871862,0.911842337128598,61,47,2.35,peak2peak,equal_all,all_terms,0.3333333333333333,0.3333333333333333,0.3333333333333333,position_only,0,3,S4,20,550.0,200.0,"S4: N=20, I=550+/-200",fragmented_gt_v2,951,19.02,19.0,20,20,37.85,37.5,1.0,12.0,20,0.5151889462760855,0.5443686006825939
1.2327058999799192,57,0.8088642659279779,0.3893333333333333,0.5256525652565257,292,69,458,0.787802628516218,0.9347222222222222,0.41658890460455983,1.0,1.0,20,37,0.6766529015222474,0.8543619582433575,0.6345065539847898,0.852666169866343,606,281,164,0.576593720266413,0.5883618763656734,0.5824480776486527,0.36103896103896105,0.8543619582433575,47,49,2.45,peak2peak,distance_only,ablation,1.0,0.0,0.0,position_only,1,3,S4,20,550.0,200.0,"S4: N=20, I=550+/-200",fragmented_gt_v2,1005,20.1,20.0,20,20,38.5,38.0,0.0,12.0,20,0.5824480776486527,0.5256525652565257
1.1162618999369442,55,0.7287066246056783,0.308,0.43298969072164956,231,86,519,0.7895105324238064,0.9302232854864434,0.34242926120700856,1.0,1.0,20,35,0.6827919764171726,0.8619119853124328,0.6555624817848738,1.1952324588575005,608,294,162,0.5714285714285714,0.4749236131377158,0.5209461793630705,0.2805194805194805,0.8619119853124328,98,64,3.2,peak2peak,intensity_only,ablation,0.0,1.0,0.0,position_only,1,3,S4,20,550.0,200.0,"S4: N=20, I=550+/-200",fragmented_gt_v2,1005,20.1,20.0,20,20,38.5,38.0,0.0,12.0,20,0.5209461793630705,0.43298969072164956
0.9213554998859763,47,0.7513089005235603,0.38266666666666665,0.5070671378091873,287,95,463,0.8034137917364953,0.957516339869281,0.4139755676712986,1.0,1.0,20,27,0.6828456863273544,0.8651315798456989,0.6889420347363531,1.4102224595588786,617,272,153,0.5921305182341651,0.4896749250296723,0.538471417183954,0.32077922077922083,0.8651315798456989,98,53,2.65,peak2peak,sigma_only,ablation,0.0,0.0,1.0,position_only,1,3,S4,20,550.0,200.0,"S4: N=20, I=550+/-200",fragmented_gt_v2,1005,20.1,20.0,20,20,38.5,38.0,0.0,12.0,20,0.538471417183954,0.5070671378091873
0.9946135000791401,55,0.776536312849162,0.37066666666666664,0.5018050541516245,278,80,472,0.7876814348752451,0.9537234042553191,0.4072512824387454,1.0,1.0,20,35,0.677270371368542,0.8528450493140817,0.6334840189206059,0.8515462666909611,606,287,164,0.5733207190160833,0.5751126669775302,0.57421599398381,0.3571428571428571,0.8528450493140817,44,52,2.6,peak2peak,dist_int_90_10,distance_intensity,0.9,0.1,0.0,position_only,1,3,S4,20,550.0,200.0,"S4: N=20, I=550+/-200",fragmented_gt_v2,1005,20.1,20.0,20,20,38.5,38.0,0.0,12.0,20,0.57421599398381,0.5018050541516245
0.9617264000698924,48,0.7465116279069768,0.428,0.5440677966101695,321,109,429,0.7932287787603631,0.9537234042553191,0.45589555887326955,1.0,1.0,20,28,0.6794259038780024,0.8570382520857157,0.6598842728542831,0.8450271782747877,610,264,160,0.5899419729206963,0.6679046883796995,0.6277141145343976,0.39610389610389607,0.8570382520857157,41,46,2.3,peak2peak,dist_int_75_25,distance_intensity,0.75,0.25,0.0,position_only,1,3,S4,20,550.0,200.0,"S4: N=20, I=550+/-200",fragmented_gt_v2,1005,20.1,20.0,20,20,38.5,38.0,0.0,12.0,20,0.6277141145343976,0.5440677966101695
1.5323397999163717,47,0.7589498806682577,0.424,0.5440547476475621,318,101,432,0.7850297607161439,0.9446969696969697,0.4560701191789148,1.0,1.0,20,27,0.677270371368542,0.8567630061854901,0.6608006669038013,0.9055397958035816,604,271,166,0.5802113352545629,0.6364081422516328,0.6076604462878061,0.3779220779220779,0.8567630061854901,42,51,2.55,peak2peak,dist_int_60_40,distance_intensity,0.6,0.4,0.0,position_only,1,3,S4,20,550.0,200.0,"S4: N=20, I=550+/-200",fragmented_gt_v2,1005,20.1,20.0,20,20,38.5,38.0,0.0,12.0,20,0.6076604462878061,0.5440547476475621
1.7320443000644445,46,0.8017241379310345,0.496,0.612850082372323,372,92,378,0.800082731010652,0.972953216374269,0.521134393202506,1.0,1.0,20,26,0.6820084522793278,0.8585434614345558,0.6520146520075527,0.9127820085547778,615,269,155,0.591915303176131,0.6572501528480754,0.6237278440839618,0.38441558441558443,0.8585434614345558,50,45,2.25,peak2peak,dist_sig_90_10,distance_sigma,0.9,0.0,0.1,position_only,1,3,S4,20,550.0,200.0,"S4: N=20, I=550+/-200",fragmented_gt_v2,1005,20.1,20.0,20,20,38.5,38.0,0.0,12.0,20,0.6237278440839618,0.612850082372323
1.605807099957019,42,0.7855711422845691,0.5226666666666666,0.6277021617293834,392,107,358,0.7962437636736103,0.9714052287581699,0.5464986002888492,1.0,1.0,20,22,0.6816797223182565,0.8569133451670709,0.6607876802695891,0.9363412198399325,612,265,158,0.591304347826087,0.7275087170696355,0.6558803758953717,0.3857142857142857,0.8569133451670709,50,46,2.3,peak2peak,dist_sig_75_25,distance_sigma,0.75,0.0,0.25,position_only,1,3,S4,20,550.0,200.0,"S4: N=20, I=550+/-200",fragmented_gt_v2,1005,20.1,20.0,20,20,38.5,38.0,0.0,12.0,20,0.6558803758953717,0.6277021617293834
1.4463015000801533,40,0.7901960784313725,0.5373333333333333,0.6396825396825396,403,107,347,0.7945897210703194,0.9589783281733746,0.5602362584726902,1.0,1.0,20,20,0.6813509923571852,0.8588837552976679,0.6502278606288021,0.9068953868620014,611,259,159,0.5937803692905733,0.7368699493560047,0.6614672407971044,0.3974025974025974,0.8588837552976679,46,49,2.45,peak2peak,dist_sig_60_40,distance_sigma,0.6,0.0,0.4,position_only,1,3,S4,20,550.0,200.0,"S4: N=20, I=550+/-200",fragmented_gt_v2,1005,20.1,20.0,20,20,38.5,38.0,0.0,12.0,20,0.6614672407971044,0.6396825396825396
1.3868263999465853,43,0.7753479125248509,0.52,0.6225059856344773,390,113,360,0.79886321881553,0.9714052287581699,0.5430750515796781,1.0,1.0,20,23,0.6820959931222554,0.8592667687614935,0.6627265962347464,0.9291660062969187,614,268,156,0.5915221579961464,0.6846279524161596,0.6363745782459335,0.3909090909090909,0.8592667687614935,45,46,2.3,peak2peak,dist_meta_80_10_10,all_terms,0.8,0.1,0.1,position_only,1,3,S4,20,550.0,200.0,"S4: N=20, I=550+/-200",fragmented_gt_v2,1005,20.1,20.0,20,20,38.5,38.0,0.0,12.0,20,0.6363745782459335,0.6225059856344773
1.621159499976784,45,0.7342995169082126,0.4053333333333333,0.5223367697594502,304,110,446,0.7975474293418459,0.9609038737446198,0.426625229471961,1.0,1.0,20,25,0.6820084522793278,0.8577671247016009,0.6574499640174524,0.9787031639419166,613,270,157,0.5894230769230769,0.6695246736389718,0.6281984505012741,0.3805194805194805,0.8577671247016009,50,46,2.3,peak2peak,dist_meta_70_20_10,all_terms,0.7,0.2,0.1,position_only,1,3,S4,20,550.0,200.0,"S4: N=20, I=550+/-200",fragmented_gt_v2,1005,20.1,20.0,20,20,38.5,38.0,0.0,12.0,20,0.6281984505012741,0.5223367697594502
1.5925827999599278,48,0.7291196388261851,0.43066666666666664,0.5414920368818105,323,120,427,0.792027006808923,0.9524076147816349,0.4650113001783664,1.0,1.0,20,28,0.6813509923571852,0.8552309679556216,0.6654064200225885,0.9285666023721353,609,268,161,0.5867052023121387,0.618250603980495,0.6022714053381402,0.38181818181818183,0.8552309679556216,47,51,2.55,peak2peak,dist_meta_50_40_10,all_terms,0.5,0.4,0.1,position_only,1,3,S4,20,550.0,200.0,"S4: N=20, I=550+/-200",fragmented_gt_v2,1005,20.1,20.0,20,20,38.5,38.0,0.0,12.0,20,0.6022714053381402,0.5414920368818105
1.336475299904123,41,0.7635658914728682,0.5253333333333333,0.6224328593996842,394,122,356,0.7971700817258223,0.9730989956958394,0.5517779474110569,1.0,1.0,20,21,0.6821835339651829,0.8579125230477256,0.655422341111273,0.9038014587997913,613,260,157,0.5951456310679611,0.6934863566174455,0.6424370594432662,0.4025974025974026,0.8579125230477256,43,46,2.3,peak2peak,equal_all,all_terms,0.3333333333333333,0.3333333333333333,0.3333333333333333,position_only,1,3,S4,20,550.0,200.0,"S4: N=20, I=550+/-200",fragmented_gt_v2,1005,20.1,20.0,20,20,38.5,38.0,0.0,12.0,20,0.6424370594432662,0.6224328593996842
2.149253800045699,57,0.7701711491442543,0.32642487046632124,0.45851528384279483,315,94,650,0.7428131125269268,0.918918918918919,0.36553616142466316,1.0,1.0,25,32,0.7048451095447424,0.8921740103119089,0.6792289040757438,1.3268757971795202,742,236,248,0.6052202283849919,0.5581823302264981,0.5812256337947838,0.44646464646464645,0.8921740103119089,64,70,2.8,peak2peak,distance_only,ablation,1.0,0.0,0.0,position_only,0,4,S5,25,500.0,300.0,"S5: N=25, I=500+/-300",fragmented_gt_v2,1133,22.66,22.0,25,25,39.6,39.0,0.0,11.0,25,0.5812256337947838,0.45851528384279483
2.009788400027901,62,0.7754569190600522,0.3077720207253886,0.4406528189910979,297,86,668,0.7488825870276783,0.918918918918919,0.35701459565419397,1.0,1.0,25,37,0.7122709989088011,0.9022923368195337,0.7394936188873976,1.912754339581188,748,250,242,0.603225806451613,0.3933649011446196,0.4871220172838856,0.2858585858585858,0.9022923368195337,215,80,3.2,peak2peak,intensity_only,ablation,0.0,1.0,0.0,position_only,0,4,S5,25,500.0,300.0,"S5: N=25, I=500+/-300",fragmented_gt_v2,1133,22.66,22.0,25,25,39.6,39.0,0.0,11.0,25,0.4871220172838856,0.4406528189910979
2.791421600151807,52,0.8092485549132948,0.43523316062176165,0.5660377358490566,420,99,545,0.7397684511419294,0.8888888888888888,0.492215649824996,1.0,1.0,25,27,0.7111533701287808,0.8956857713439692,0.7765896759052042,2.433230326328485,739,249,251,0.5964487489911219,0.48147371429039343,0.5358865500837038,0.32525252525252524,0.8956857713439692,168,82,3.28,peak2peak,sigma_only,ablation,0.0,0.0,1.0,position_only,0,4,S5,25,500.0,300.0,"S5: N=25, I=500+/-300",fragmented_gt_v2,1133,22.66,22.0,25,25,39.6,39.0,0.0,11.0,25,0.5358865500837038,0.5660377358490566
2.477726799901575,63,0.7875647668393783,0.3150259067357513,0.4500370096225018,304,82,661,0.7453013919412567,0.9111111111111111,0.342702919227289,1.0,1.0,25,38,0.7058564440266788,0.893717682096717,0.6801593544443527,1.6020421254952302,744,247,246,0.6014551333872271,0.4744961375041985,0.5342173131547795,0.4292929292929293,0.893717682096717,72,72,2.88,peak2peak,dist_int_90_10,distance_intensity,0.9,0.1,0.0,position_only,0,4,S5,25,500.0,300.0,"S5: N=25, I=500+/-300",fragmented_gt_v2,1133,22.66,22.0,25,25,39.6,39.0,0.0,11.0,25,0.5342173131547795,0.4500370096225018
1.8950410999823362,61,0.7985948477751756,0.3533678756476684,0.4899425287356322,341,86,624,0.7415137970418971,0.8918918918918919,0.392460943185313,1.0,1.0,25,36,0.7048451095447424,0.8897083602027972,0.699443418707636,1.5490437238744943,740,244,250,0.5996758508914101,0.5312212276485232,0.5644116775029621,0.4313131313131313,0.8897083602027972,69,73,2.92,peak2peak,dist_int_75_25,distance_intensity,0.75,0.25,0.0,position_only,0,4,S5,25,500.0,300.0,"S5: N=25, I=500+/-300",fragmented_gt_v2,1133,22.66,22.0,25,25,39.6,39.0,0.0,11.0,25,0.5644116775029621,0.4899425287356322
2.0890599999111146,60,0.814663951120163,0.41450777202072536,0.5494505494505495,400,91,565,0.7355694798028063,0.875,0.44936235930066637,1.0,1.0,25,35,0.7072121004510425,0.8946015115640853,0.6990266033567898,1.4483502729669622,734,248,256,0.592891760904685,0.5989662172171275,0.5959212492001613,0.42828282828282827,0.8946015115640853,62,83,3.32,peak2peak,dist_int_60_40,distance_intensity,0.6,0.4,0.0,position_only,0,4,S5,25,500.0,300.0,"S5: N=25, I=500+/-300",fragmented_gt_v2,1133,22.66,22.0,25,25,39.6,39.0,0.0,11.0,25,0.5959212492001613,0.5494505494505495
2.322044000029564,52,0.7819253438113949,0.41243523316062175,0.5400271370420623,398,111,567,0.7351873852879387,0.918918918918919,0.44578140799987487,1.0,1.0,25,27,0.7058564440266788,0.8838992614269103,0.6624881191696358,1.1229042021709548,734,232,256,0.6006546644844517,0.6100890273728389,0.6053534670275524,0.4565656565656566,0.8838992614269103,50,71,2.84,peak2peak,dist_sig_90_10,distance_sigma,0.9,0.0,0.1,position_only,0,4,S5,25,500.0,300.0,"S5: N=25, I=500+/-300",fragmented_gt_v2,1133,22.66,22.0,25,25,39.6,39.0,0.0,11.0,25,0.6053534670275524,0.5400271370420623
2.1431938000023365,49,0.8234295415959253,0.5025906735751295,0.6241956241956241,485,104,480,0.7241181011640327,0.8979591836734694,0.5361309861050382,1.0,1.0,25,24,0.7069283597887109,0.8864151125590187,0.6983186623938488,1.4623530944240513,723,233,267,0.5911692559280458,0.675788062050691,0.6320641785511681,0.44747474747474747,0.8864151125590187,47,79,3.16,peak2peak,dist_sig_75_25,distance_sigma,0.75,0.0,0.25,position_only,0,4,S5,25,500.0,300.0,"S5: N=25, I=500+/-300",fragmented_gt_v2,1133,22.66,22.0,25,25,39.6,39.0,0.0,11.0,25,0.6320641785511681,0.6241956241956241
1.9275656000245363,48,0.8249158249158249,0.5077720207253886,0.6286080821039128,490,104,475,0.7280154149613466,0.8888888888888888,0.5513142494541552,1.0,1.0,25,23,0.7069283597887109,0.8889559200660918,0.7154050835482029,2.2872983714036113,727,239,263,0.5915378356387306,0.6193594966698364,0.6052888369550264,0.4363636363636364,0.8889559200660918,56,76,3.04,peak2peak,dist_sig_60_40,distance_sigma,0.6,0.0,0.4,position_only,0,4,S5,25,500.0,300.0,"S5: N=25, I=500+/-300",fragmented_gt_v2,1133,22.66,22.0,25,25,39.6,39.0,0.0,11.0,25,0.6052888369550264,0.6286080821039128
2.0617351999972016,54,0.7963302752293578,0.44974093264248705,0.5748344370860928,434,111,531,0.7350541515066215,0.9183673469387755,0.47865597245980523,1.0,1.0,25,29,0.7068950607822995,0.8849547051239486,0.6643366849355057,1.0809175291125508,734,234,256,0.5996732026143791,0.6309896301399877,0.6151321584200495,0.44747474747474747,0.8849547051239486,57,75,3.0,peak2peak,dist_meta_80_10_10,all_terms,0.8,0.1,0.1,position_only,0,4,S5,25,500.0,300.0,"S5: N=25, I=500+/-300",fragmented_gt_v2,1133,22.66,22.0,25,25,39.6,39.0,0.0,11.0,25,0.6151321584200495,0.5748344370860928
2.23254909995012,58,0.7689320388349514,0.41036269430051814,0.5351351351351351,396,119,569,0.7381865593415502,0.9166666666666666,0.4528263944497394,1.0,1.0,25,33,0.7083185064307751,0.8864817516285055,0.6787375049562616,1.125557223448733,738,237,252,0.6014669926650367,0.5894627860431498,0.5954346389061752,0.44040404040404035,0.8864817516285055,65,73,2.92,peak2peak,dist_meta_70_20_10,all_terms,0.7,0.2,0.1,position_only,0,4,S5,25,500.0,300.0,"S5: N=25, I=500+/-300",fragmented_gt_v2,1133,22.66,22.0,25,25,39.6,39.0,0.0,11.0,25,0.5954346389061752,0.5351351351351351
2.834571599960327,57,0.8190854870775348,0.42694300518134715,0.5613079019073569,412,91,553,0.7357011390889029,0.8918918918918919,0.4581605429393501,1.0,1.0,25,32,0.7072121004510425,0.8935459531070686,0.6575196812988564,0.9995695775910222,734,237,256,0.5982070089649552,0.6271589491995038,0.6125119420437771,0.43939393939393945,0.8935459531070686,62,75,3.0,peak2peak,dist_meta_50_40_10,all_terms,0.5,0.4,0.1,position_only,0,4,S5,25,500.0,300.0,"S5: N=25, I=500+/-300",fragmented_gt_v2,1133,22.66,22.0,25,25,39.6,39.0,0.0,11.0,25,0.6125119420437771,0.5613079019073569
2.673091399949044,53,0.8295019157088123,0.44870466321243524,0.5823806321452589,433,89,532,0.7291953854360905,0.9142857142857143,0.48344861329349953,1.0,1.0,25,28,0.7036728040725267,0.8821840397554893,0.7587330601927353,2.2503924148026546,728,250,262,0.5870967741935483,0.5243861927746132,0.5548562356228969,0.397979797979798,0.8821840397554893,84,79,3.16,peak2peak,equal_all,all_terms,0.3333333333333333,0.3333333333333333,0.3333333333333333,position_only,0,4,S5,25,500.0,300.0,"S5: N=25, I=500+/-300",fragmented_gt_v2,1133,22.66,22.0,25,25,39.6,39.0,0.0,11.0,25,0.5548562356228969,0.5823806321452589
1.9724497999995947,61,0.7438752783964365,0.35875402792696026,0.4840579710144928,334,115,597,0.7422192925562385,0.8888888888888888,0.4034799888770426,1.0,1.0,25,36,0.6919716749564336,0.8633717366474617,0.6565489818362594,0.8425708915187949,715,309,241,0.5652173913043478,0.5889341249802444,0.5769539061064085,0.35878661087866104,0.8633717366474617,63,76,3.04,peak2peak,distance_only,ablation,1.0,0.0,0.0,position_only,1,4,S5,25,500.0,300.0,"S5: N=25, I=500+/-300",fragmented_gt_v2,1208,24.16,24.0,25,25,38.24,37.0,0.0,12.0,25,0.5769539061064085,0.4840579710144928
2.1519826999865472,66,0.7728706624605678,0.2631578947368421,0.39262820512820507,245,72,686,0.752849114905573,0.9142857142857143,0.3302855108987217,1.0,1.0,25,41,0.6952493709554113,0.868133151272122,0.7339139975094263,1.3247713284603768,725,340,231,0.5594135802469136,0.4008283406569516,0.4735280531408195,0.2301255230125523,0.868133151272122,165,73,2.92,peak2peak,intensity_only,ablation,0.0,1.0,0.0,position_only,1,4,S5,25,500.0,300.0,"S5: N=25, I=500+/-300",fragmented_gt_v2,1208,24.16,24.0,25,25,38.24,37.0,0.0,12.0,25,0.4735280531408195,0.39262820512820507
2.3332982000429183,61,0.7257683215130024,0.3297529538131042,0.4534711964549484,307,116,624,0.7454989637240358,0.9,0.38873261303816664,1.0,1.0,25,36,0.6891162676529541,0.8589929342968584,0.746053161785533,1.6955945882047836,718,328,238,0.559190031152648,0.38441733103138,0.46364031243524884,0.2384937238493724,0.8589929342968584,162,83,3.32,peak2peak,sigma_only,ablation,0.0,0.0,1.0,position_only,1,4,S5,25,500.0,300.0,"S5: N=25, I=500+/-300",fragmented_gt_v2,1208,24.16,24.0,25,25,38.24,37.0,0.0,12.0,25,0.46364031243524884,0.4534711964549484
2.230932399863377,64,0.7725225225225225,0.3684210526315789,0.4989090909090908,343,101,588,0.7448002661797655,0.8888888888888888,0.4078159737538648,1.0,1.0,25,39,0.6919716749564336,0.8650742272008562,0.6608072035198971,0.8481980272950376,717,318,239,0.5627943485086342,0.543290900262924,0.5529566423004083,0.35041841004184104,0.8650742272008562,64,78,3.12,peak2peak,dist_int_90_10,distance_intensity,0.9,0.1,0.0,position_only,1,4,S5,25,500.0,300.0,"S5: N=25, I=500+/-300",fragmented_gt_v2,1208,24.16,24.0,25,25,38.24,37.0,0.0,12.0,25,0.5529566423004083,0.4989090909090908
2.36883409996517,63,0.7306967984934086,0.4167561761546724,0.53077975376197,388,143,543,0.7533278261942158,0.9333333333333333,0.4631796982819934,1.0,1.0,25,38,0.694201841496266,0.86438168025053,0.6715124216878701,0.8944358755800895,725,312,231,0.5717665615141956,0.5877872981561236,0.5797215903935665,0.36192468619246865,0.86438168025053,67,74,2.96,peak2peak,dist_int_75_25,distance_intensity,0.75,0.25,0.0,position_only,1,4,S5,25,500.0,300.0,"S5: N=25, I=500+/-300",fragmented_gt_v2,1208,24.16,24.0,25,25,38.24,37.0,0.0,12.0,25,0.5797215903935665,0.53077975376197
1.9554234999231994,61,0.7558139534883721,0.34908700322234154,0.47759000734753865,325,105,606,0.7490619361396709,0.8974358974358975,0.3940744166081809,1.0,1.0,25,36,0.6897115037900157,0.8616073660792232,0.6705788323835988,0.895110242335372,721,312,235,0.5686119873817035,0.5414147060916661,0.5548467284110659,0.35564853556485354,0.8616073660792232,69,76,3.04,peak2peak,dist_int_60_40,distance_intensity,0.6,0.4,0.0,position_only,1,4,S5,25,500.0,300.0,"S5: N=25, I=500+/-300",fragmented_gt_v2,1208,24.16,24.0,25,25,38.24,37.0,0.0,12.0,25,0.5548467284110659,0.47759000734753865
1.708048899890855,66,0.7912621359223301,0.3501611170784103,0.4854802680565897,326,86,605,0.7538283497768146,0.9142857142857143,0.3899410879109608,1.0,1.0,25,41,0.6922852184075362,0.8699207345694953,0.6932435299519011,0.9482380706981488,725,330,231,0.5637636080870918,0.4924206086761545,0.5268859639843434,0.33158995815899583,0.8699207345694953,78,81,3.24,peak2peak,dist_sig_90_10,distance_sigma,0.9,0.0,0.1,position_only,1,4,S5,25,500.0,300.0,"S5: N=25, I=500+/-300",fragmented_gt_v2,1208,24.16,24.0,25,25,38.24,37.0,0.0,12.0,25,0.5268859639843434,0.4854802680565897
1.6721562999300659,63,0.7455357142857143,0.35875402792696026,0.4844089920232053,334,114,597,0.7421329893222429,0.9,0.40386127612383194,1.0,1.0,25,38,0.6836905340611925,0.8546176112577932,0.7312922390617881,0.9634353084668222,715,330,241,0.5559875583203733,0.5406952215274073,0.548288077576484,0.3169456066945606,0.8546176112577932,82,84,3.36,peak2peak,dist_sig_75_25,distance_sigma,0.75,0.0,0.25,position_only,1,4,S5,25,500.0,300.0,"S5: N=25, I=500+/-300",fragmented_gt_v2,1208,24.16,24.0,25,25,38.24,37.0,0.0,12.0,25,0.548288077576484,0.4844089920232053
2.0450174000579864,61,0.75054704595186,0.3684210526315789,0.49423631123919304,343,114,588,0.7424101430993966,0.9142857142857143,0.4078027175652734,1.0,1.0,25,36,0.6821062133029753,0.8485500780275081,0.7223554376864273,0.9629573316414131,715,327,241,0.5572876071706937,0.570484681702398,0.5638475354149064,0.31903765690376573,0.8485500780275081,83,86,3.44,peak2peak,dist_sig_60_40,distance_sigma,0.6,0.0,0.4,position_only,1,4,S5,25,500.0,300.0,"S5: N=25, I=500+/-300",fragmented_gt_v2,1208,24.16,24.0,25,25,38.24,37.0,0.0,12.0,25,0.5638475354149064,0.49423631123919304
2.3105619000270963,70,0.7447916666666666,0.3071965628356606,0.4349809885931559,286,98,645,0.754318697267162,0.9166666666666666,0.34296263693250983,1.0,1.0,25,45,0.6897115037900157,0.8659826022202255,0.6533874559407696,0.9113161144855361,727,330,229,0.5653188180404355,0.46764286874677236,0.5141666206833772,0.32949790794979084,0.8659826022202255,82,81,3.24,peak2peak,dist_meta_80_10_10,all_terms,0.8,0.1,0.1,position_only,1,4,S5,25,500.0,300.0,"S5: N=25, I=500+/-300",fragmented_gt_v2,1208,24.16,24.0,25,25,38.24,37.0,0.0,12.0,25,0.5141666206833772,0.4349809885931559
2.169123200001195,69,0.7613941018766756,0.3050483351235231,0.4355828220858896,284,89,647,0.7535453084937732,0.9230769230769231,0.3428763422120688,1.0,1.0,25,44,0.6955193126879351,0.8673083104104703,0.6610573019660032,0.8610555665553827,726,330,230,0.5645412130637636,0.4989884974945557,0.5307537768875896,0.33577405857740583,0.8673083104104703,75,81,3.24,peak2peak,dist_meta_70_20_10,all_terms,0.7,0.2,0.1,position_only,1,4,S5,25,500.0,300.0,"S5: N=25, I=500+/-300",fragmented_gt_v2,1208,24.16,24.0,25,25,38.24,37.0,0.0,12.0,25,0.5307537768875896,0.4355828220858896
2.3242790000513196,66,0.7486772486772487,0.3039742212674543,0.4323911382734911,283,95,648,0.7514920589192471,0.9333333333333333,0.3420675506285106,1.0,1.0,25,41,0.6921284466819849,0.8603846750458722,0.6773770568794666,0.9668623640811764,724,323,232,0.5660672400312744,0.5202603998006495,0.5426807243791888,0.34100418410041844,0.8603846750458722,75,80,3.2,peak2peak,dist_meta_50_40_10,all_terms,0.5,0.4,0.1,position_only,1,4,S5,25,500.0,300.0,"S5: N=25, I=500+/-300",fragmented_gt_v2,1208,24.16,24.0,25,25,38.24,37.0,0.0,12.0,25,0.5426807243791888,0.4323911382734911
2.310665800003335,56,0.757455268389662,0.4092373791621912,0.5313807531380753,381,122,550,0.7436404692871698,0.9142857142857143,0.460288220848649,1.0,1.0,25,31,0.6821062133029753,0.8482851250182325,0.7310165833802135,1.0312904468770425,717,314,239,0.5645669291338583,0.5702455241712419,0.5673991226937924,0.33682008368200833,0.8482851250182325,81,82,3.28,peak2peak,equal_all,all_terms,0.3333333333333333,0.3333333333333333,0.3333333333333333,position_only,1,4,S5,25,500.0,300.0,"S5: N=25, I=500+/-300",fragmented_gt_v2,1208,24.16,24.0,25,25,38.24,37.0,0.0,12.0,25,0.5673991226937924,0.5313807531380753
